xloc,yloc,zloc,phase,date_clock,tsec,t0_loc,eigval_max,eigval_mid,eigval_min,eigvec_max_e,eigvec_max_n,eigvec_max_u,eigvec_mid_e,eigvec_mid_n,eigvec_mid_u,mom,fc_p,fc_s,rad,sd,mw,energy,src_nrcv,src_misfit,mom_sdev,fc_sdev,snr_loc,orthogonality,distance_rcv,noise_level_acc
335454.7,4263089.4,588.5,1,21:04:19:13:58:55,50335,0.4445,96.47,42.25,12.82,0.92209,-0.31378,-0.22649,0.31969,0.94746,-0.0111,4.81E+06,115.9,39.5,12.69,1030.165,-1.545,9.78E-02,3,0.2444,1.82E+06,35,2.4,0.873,1508.9,2.53E-06
335441.6,4263059.7,559.4,1,21:04:19:14:04:23,50663,0.0501,73.93,48.76,10.2,0.9272,-0.19886,-0.31741,0.20505,0.97865,-0.01417,2.31E+06,145.5,135.9,6.03,4594.556,-1.758,1.97E-01,6,0.323,7.94E+05,4.8,3.3,0.797,1481.9,1.79E-06
335285.2,4263138.8,542,1,22:04:19:17:17:45,148665,0.7294,63.69,57.36,9.5,0.85759,-0.27255,-0.43618,0.29224,0.95607,-0.02281,1.37E+07,47.8,105.4,14.09,2137.418,-1.243,5.36E-01,10,0.2841,1.65E+07,28.8,3.8,0.754,1514.5,2.44E-06
335327.6,4263110.1,546.5,1,22:04:19:17:18:47,148727,0.3617,69.7,10.95,10.03,0.87095,-0.272,-0.40922,0.24128,0.96223,-0.12606,8.28E+06,176.1,86.8,6.87,11178.779,-1.388,1.70E+00,11,0.3167,4.94E+06,44.6,6.8,0.755,1502.9,2.45E-06
335209.7,4263052.1,473.8,1,22:04:19:17:19:49,148789,0.7928,103.21,45.73,12.26,0.86991,-0.08977,-0.48497,0.10091,0.99489,-0.00315,4.42E+06,124.2,155.9,6.42,7311.365,-1.57,5.90E-01,3,0.2831,1.30E+06,15.9,4,0.758,1472.1,2.39E-06
335365,4263018.8,544,1,22:04:19:17:27:06,149226,0.3049,94.62,49.44,14.01,0.92027,-0.05342,-0.38762,0.05876,0.99827,0.00192,3.36E+07,149.7,110.2,6.58,51661.77,-0.982,3.16E+01,11,0.3534,9.20E+06,19.8,10,0.813,1485.3,3.16E-06
335430.3,4263106.2,566.1,1,22:04:19:17:27:13,149233,0.3165,100.85,33.75,12.21,0.83527,-0.44302,-0.32566,0.44578,0.89236,-0.07056,1.93E+06,153.8,150.8,5.6,4822.736,-1.809,1.73E-01,6,0.2481,8.69E+05,1.4,2.2,0.799,1493.9,2.94E-06
335369.1,4263123.9,564.3,1,22:04:19:17:27:24,149244,0.7878,73.54,48.56,9.58,0.87074,-0.29928,-0.39019,0.31419,0.94898,-0.02673,3.28E+06,124.2,109.2,7.32,3648.95,-1.657,2.18E-01,10,0.2687,2.84E+06,7.5,3.4,0.778,1509.1,2.88E-06
335326.3,4263076.6,516.6,1,22:04:19:17:27:28,149248,0.0079,61.98,19.28,9.52,0.88846,-0.20032,-0.41292,0.20811,0.97774,-0.02654,1.78E+07,110.6,104.1,7.96,15422.012,-1.167,5.04E+00,11,0.3703,5.53E+06,3.2,7.3,0.697,1472.7,3.45E-06
335233.6,4263074.6,495.9,1,22:04:19:17:28:17,149297,0.4094,79.92,18.46,11.62,0.8299,-0.31529,-0.46028,0.29872,0.9479,-0.1107,5.82E+06,143.5,113.7,6.61,8826.867,-1.49,9.52E-01,11,0.3453,2.10E+06,14.9,6.9,0.717,1484.5,2.72E-06
335208,4263052.4,481.2,1,22:04:19:17:28:20,149300,0.7146,64.79,54.66,9.62,0.85625,-0.08568,-0.50941,0.09886,0.9951,-0.0012,3.45E+07,26.1,114.7,23.04,1235.47,-0.974,7.79E-01,11,0.3249,5.19E+07,44.3,4.5,0.677,1479.6,2.49E-06
335271.4,4263081.7,485.8,1,22:04:19:17:28:38,149318,0.0773,94.83,58.51,12.7,0.87548,-0.16827,-0.45302,0.18148,0.98329,-0.01452,5.24E+06,114.3,97.3,8.03,4422.825,-1.52,4.30E-01,11,0.2852,2.98E+06,8.5,4.3,0.677,1462,2.87E-06
335443.6,4263080,573.3,1,22:04:19:17:29:58,149398,0.7752,92.62,26,10.77,0.90177,-0.36685,-0.22856,0.36987,0.92856,-0.03108,6.20E+06,149.2,98.4,6.71,8965.616,-1.472,1.10E+00,7,0.2973,1.31E+06,25.4,4.6,0.897,1496.1,2.56E-06
335278.5,4263066.3,529,1,22:04:19:17:30:48,149448,0.8597,61.99,27.32,9.5,0.88875,-0.14401,-0.43518,0.15414,0.98797,-0.01213,9.02E+07,166.9,96.5,6.64,134995.74,-0.697,2.24E+02,11,0.3085,3.55E+07,35.2,13.7,0.921,1499.2,6.41E-06
335391.6,4263000.6,573.1,1,22:04:19:17:32:22,149542,0.2846,70.24,42.9,9.56,0.93969,-0.01292,-0.34178,0.01552,0.99987,0.00488,3.04E+06,161.4,117.2,6.08,5907.575,-1.678,3.33E-01,11,0.2871,4.66E+06,22.1,3.9,0.805,1506,4.06E-06
335304.6,4263046.9,541.1,1,22:04:19:17:34:40,149680,0.703,68.62,37.43,9.51,0.90258,-0.1038,-0.41783,0.11245,0.99365,-0.00394,8.92E+06,52.1,118.4,12.82,1850.654,-1.366,3.03E-01,9,0.3013,1.05E+07,33.1,4,0.81,1501.4,2.75E-06
335328.9,4263165,523.1,1,22:04:19:17:37:36,149856,0.2914,71.11,21.03,12.83,0.81531,-0.39899,-0.41961,0.40852,0.90995,-0.07148,2.64E+06,135.9,122.2,6.6,4016.669,-1.719,1.95E-01,10,0.3026,1.94E+06,6.9,3.4,0.652,1485.6,2.23E-06
335316.6,4263058.3,510.7,1,22:04:19:17:37:37,149857,0.0393,63.91,33.74,9.51,0.89681,-0.14466,-0.4181,0.15332,0.98809,-0.01301,2.19E+06,195.5,124.9,5.38,6152.927,-1.773,2.47E-01,10,0.2898,8.33E+06,35.3,4.4,0.677,1469.1,3.15E-06
335370.8,4263012.3,589.1,1,22:04:19:17:38:08,149888,0.2239,69.24,14.11,9.49,0.93594,-0.03259,-0.35066,0.03754,0.99927,0.00733,3.05E+06,91.9,108.9,8.72,2009.739,-1.677,1.14E-01,6,0.2345,3.58E+06,8.2,2.7,0.78,1527,2.21E-06
335349.6,4263127.5,513.7,1,22:04:19:17:41:43,150103,0.9327,63.71,45.4,9.52,0.85226,-0.3301,-0.40581,0.34349,0.93822,-0.0418,2.44E+06,161.8,123.5,5.96,5029.75,-1.742,2.25E-01,11,0.2956,1.95E+06,19.2,3.8,0.677,1466.7,2.55E-06
335253.6,4263024.3,471.1,1,22:04:19:17:42:07,150127,0.1813,74.92,73.9,10.44,0.86647,-0.10374,-0.48833,0.1049,0.99417,-0.02507,2.05E+06,179.2,117.8,5.84,4499.799,-1.793,1.68E-01,9,0.3069,6.27E+05,30.7,3.9,0.631,1452.2,2.67E-06
335422.3,4263022.9,569.3,1,22:04:19:17:42:12,150132,0.5284,67.61,50.03,9.16,0.96923,-0.09351,-0.22769,0.09534,0.99544,-0.00296,1.98E+06,155.8,115.2,6.25,3546.42,-1.803,1.30E-01,10,0.293,2.22E+06,20.3,3.3,0.754,1494.9,2.07E-06
335372.3,4263061.3,604.2,1,23:04:19:14:18:08,224288,0.2079,72.29,35.39,10.62,0.91613,-0.19559,-0.34994,0.20097,0.97937,-0.02127,4.24E+06,170.6,127.4,5.68,10133.439,-1.582,7.98E-01,11,0.3145,1.51E+06,21.6,3.3,0.811,1542.5,2.28E-06
335434.5,4263154.7,583.8,1,23:04:19:15:55:17,230117,0.9924,81.62,19.21,10.48,0.86509,-0.4451,-0.2313,0.45486,0.89048,-0.01235,2.14E+06,142.6,124.7,6.16,3999.103,-1.78,1.69E-01,8,0.2664,6.33E+06,8.9,2.2,0.592,1514.4,2.42E-06
335337,4263017.8,554.5,1,23:04:19:15:59:57,230397,0.1938,75.81,22.9,9.95,0.91484,-0.04792,-0.40097,0.05326,0.99858,0.00218,7.42E+06,61.9,125.2,11.14,2344.747,-1.42,3.17E-01,10,0.2847,1.24E+07,31.6,3.5,0.735,1503.4,2.34E-06
335306.8,4263092,555.2,1,23:04:19:16:00:38,230438,0.4185,68.74,20.65,9.51,0.77511,-0.49595,-0.39145,0.47526,0.86591,-0.15601,3.21E+06,148.9,108.8,6.61,4860.92,-1.662,2.87E-01,11,0.2519,1.88E+06,20,4.1,0.819,1516.3,2.94E-06
335434.8,4262975.9,250.2,1,23:04:19:16:01:00,230460,0.6365,85.85,22.1,11.48,0.89266,0.09436,-0.44074,-0.08495,0.99554,0.04107,5.44E+06,91,113.4,8.85,3436.575,-1.51,3.34E-01,11,0.2898,4.97E+06,11.2,3.5,0.873,1183.8,3.84E-06
335469.2,4263033.3,587.1,1,23:04:19:16:01:03,230463,0.901,98.41,33.79,12.12,0.95972,-0.17697,-0.21821,0.17868,0.98383,-0.01203,4.54E+06,129.9,102.1,7.09,5571.182,-1.562,4.99E-01,10,0.282,1.85E+06,13.9,4.8,0.858,1502,2.77E-06
335401.3,4263063.2,570.9,1,23:04:19:16:01:26,230486,0.2402,67.28,36.9,9.42,0.91481,-0.21889,-0.33942,0.22412,0.97426,-0.02426,1.31E+07,47.4,115.5,13.8,2177.687,-1.256,5.29E-01,10,0.317,2.30E+07,34.1,4.6,0.701,1502.9,2.86E-06
335312.2,4263029.1,536.2,1,23:04:19:16:02:00,230520,0.3693,91.37,62.73,11.96,0.90764,-0.07096,-0.41372,0.07736,0.997,-0.00128,3.70E+06,150.1,105.9,6.67,5454.651,-1.621,3.71E-01,11,0.3062,1.31E+06,22.1,5.4,0.914,1493.8,2.45E-06
335345.6,4263059.9,571.6,1,23:04:19:16:03:06,230586,0.0986,63.46,34.52,9.56,0.90685,-0.14472,-0.39583,0.15381,0.98806,-0.00888,7.47E+06,186.6,94.4,6.41,12419.72,-1.418,1.69E+00,11,0.3166,3.57E+06,46.1,8.9,0.822,1518.6,2.34E-06
335366.2,4263054.5,566.9,1,23:04:19:16:03:07,230587,0.336,67.43,43.12,10.1,0.91227,-0.14103,-0.38454,0.14931,0.98875,-0.00841,4.94E+06,110.5,111.8,7.77,4609.879,-1.538,4.14E-01,11,0.2933,5.16E+06,0.6,5,0.686,1508,3.14E-06
335378.7,4263076.9,542,1,23:04:19:16:03:19,230599,0.3069,100.24,20.17,14.35,0.89196,-0.23993,-0.3832,0.24052,0.9695,-0.04718,4.14E+06,136.3,111.6,6.88,5563.865,-1.588,4.20E-01,11,0.3213,1.58E+06,12.3,5.1,0.912,1481.7,2.68E-06
335301.6,4263061.3,510.3,1,23:04:19:16:03:52,230632,0.5903,85.89,75.87,10.47,0.89723,-0.11538,-0.42623,0.12767,0.99182,0.00027,6.49E+06,101.2,102.8,8.44,4724.839,-1.458,5.63E-01,11,0.297,2.07E+06,0.8,3.8,0.725,1473.8,2.60E-06
335230.4,4263193.2,445.4,1,23:04:19:16:03:55,230635,0.3952,75.61,22.48,9.99,0.79981,-0.29701,-0.52162,0.33097,0.94318,-0.02956,8.47E+06,135.6,110,6.98,10874.68,-1.381,1.68E+00,11,0.3227,2.24E+06,12.8,5.7,0.647,1450.6,2.76E-06
335315.3,4263073.2,515.2,1,23:04:19:16:03:56,230636,0.5273,62.58,17.55,10.79,0.88888,-0.18457,-0.41931,0.19136,0.98117,-0.02622,2.36E+07,170,99,6.49,37729.844,-1.085,1.63E+01,11,0.3745,1.36E+07,35.5,7.6,0.851,1474.6,4.59E-06
335381.4,4263022.3,205.9,1,23:04:19:16:04:25,230665,0.1945,70.82,24.62,9.74,0.88623,-0.06486,-0.45867,0.07268,0.99736,-0.00062,1.64E+06,118.6,145.1,6.77,2314.489,-1.857,6.91E-02,7,0.2448,3.58E+06,13.2,2.1,0.701,1159,2.97E-06
335328.1,4263103.9,580.5,1,23:04:19:16:04:42,230682,0.6679,105.61,45.93,16.48,0.86985,-0.27943,-0.40655,0.28786,0.95676,-0.04169,2.59E+06,154.9,123.1,6.14,4902.204,-1.725,2.31E-01,5,0.2547,5.49E+05,15.9,2.8,0.938,1534.7,2.07E-06
335430.1,4263099.4,576.5,1,23:04:19:16:04:52,230692,0.0797,109.76,67.01,14.52,0.87558,-0.28559,-0.38961,0.30034,0.95353,-0.024,4.76E+06,131.5,113.7,6.9,6348.171,-1.548,5.62E-01,11,0.2939,2.92E+06,8.9,5.4,0.8,1503.5,2.48E-06
335484.5,4263033.8,570.4,1,23:04:19:16:05:04,230704,0.5475,99.64,14.57,11.74,0.95356,-0.21463,-0.21134,0.20992,-0.02967,0.97727,3.43E+06,132.7,120.1,6.53,5397.912,-1.643,3.66E-01,11,0.2943,2.06E+06,6.3,3,0.578,1482.5,2.73E-06
335199.9,4263142.8,442.1,1,23:04:19:16:05:05,230705,0.1035,105.96,44.46,15.66,0.80417,-0.23141,-0.5475,0.25713,0.96589,-0.03057,1.19E+07,154.8,95.1,7.04,14849.729,-1.284,3.15E+00,11,0.3258,4.03E+06,29.9,3.6,0.569,1453.4,4.29E-06
335324.8,4263044.1,553.8,1,23:04:19:16:05:14,230714,0.6195,86.17,29.79,12.06,0.90547,-0.11247,-0.40923,0.11947,0.9928,-0.00851,4.65E+07,172.1,112.5,6.06,91302.615,-0.888,7.73E+01,11,0.3853,1.29E+07,29.8,11.6,0.925,1507.1,3.37E-06
335309.2,4263136.8,520.4,1,23:04:19:16:05:22,230722,0.6558,78.95,52.04,9.88,0.86278,-0.26907,-0.42802,0.28966,0.95697,-0.01772,2.16E+06,143.6,140,6.04,4280.509,-1.777,1.70E-01,9,0.1934,1.32E+07,1.8,2.7,0.645,1486.2,3.38E-06
335317.5,4263057.5,512.1,1,23:04:19:16:05:30,230730,0.2199,83.51,55.39,11.5,0.8969,-0.14717,-0.41703,0.15553,0.98773,-0.01409,7.43E+06,135.4,101.4,7.19,8755.124,-1.419,1.20E+00,11,0.3131,1.86E+06,17,5,0.838,1470.2,2.29E-06
335442,4263014.8,229.4,1,23:04:19:16:05:31,230731,0.4861,71.58,13.27,9.94,0.89459,-0.05373,-0.44365,0.06162,0.99809,0.00338,4.15E+06,146.2,95.2,7.24,4790.036,-1.588,3.56E-01,9,0.2274,1.73E+06,25.4,3,0.858,1161.8,4.83E-06
335235,4263063.1,515.7,1,23:04:19:16:05:34,230734,0.2818,62.29,53.28,9.51,0.87878,-0.11109,-0.46412,0.12381,0.9923,-0.0031,2.66E+07,177.6,102.2,6.25,47720.693,-1.05,2.35E+01,11,0.3109,9.97E+06,37.7,8.5,0.88,1501.9,3.58E-06
335222.8,4263111.2,509,1,23:04:19:16:05:55,230755,0.9603,62.32,31.25,9.5,0.85744,-0.19712,-0.47534,0.21511,0.97644,-0.0169,8.21E+07,196.6,95.2,6.21,149920.758,-0.724,2.28E+02,11,0.3327,3.74E+07,50.7,16,0.89,1503.2,4.34E-06
335421.9,4263043.9,583.6,1,23:04:19:16:06:10,230770,0.9607,67.31,31.11,8.99,0.95529,-0.17499,-0.23835,0.17781,0.98402,-0.00977,2.52E+06,208.2,123,5.09,8338.709,-1.733,4.14E-01,9,0.2953,6.38E+05,42.6,5.8,0.834,1509.4,1.96E-06
335418.7,4263063.3,232.6,1,23:04:19:16:06:19,230779,0.2706,64.19,57.92,9.54,0.88,-0.19847,-0.43153,0.20978,0.97751,-0.02178,1.64E+06,147.1,110.1,6.66,2421.85,-1.857,7.22E-02,10,0.2486,1.50E+06,18.5,2.7,0.701,1173.7,2.55E-06
335371.7,4263097.4,562.8,1,23:04:19:16:06:39,230799,0.3527,75.3,42.47,10.33,0.89099,-0.23454,-0.38874,0.24773,0.96869,-0.01664,1.33E+07,42.8,113.8,15.17,1660.026,-1.252,4.00E-01,8,0.282,2.90E+07,35.3,2.6,0.684,1505,2.22E-06
335429.9,4263107.2,549.4,1,23:04:19:16:07:02,230822,0.1793,85.06,22.21,10.07,0.89211,-0.30427,-0.33401,0.31473,0.94888,-0.02378,1.91E+06,138.9,117.7,6.58,2927.561,-1.813,1.04E-01,7,0.233,3.85E+06,10.5,2,0.669,1477.9,2.48E-06
335297.6,4263118.2,503.6,1,23:04:19:16:07:53,230873,0.8469,71.62,69.13,9.53,0.8988,-0.05422,-0.43499,0.09071,0.99385,0.06354,2.22E+06,146.5,124.7,6.27,3950.873,-1.769,1.63E-01,11,0.2987,2.68E+06,10.9,3.6,0.676,1472.5,2.24E-06
335410.5,4263027.3,603.3,1,23:04:19:17:29:16,235756,0.7214,76.77,62.9,10.95,0.9657,-0.09163,-0.24298,0.0943,0.99554,-0.00063,7.74E+06,177.9,104.3,5.98,15827.753,-1.407,2.42E+00,11,0.3317,2.35E+06,36.8,4.9,0.901,1530.9,2.27E-06
335384,4263118.4,549.7,1,23:04:19:18:06:26,237986,0.2391,67.99,47.51,9.57,0.84598,-0.37315,-0.3809,0.38123,0.92271,-0.05722,3.84E+06,131.1,114,6.97,4968.246,-1.611,3.47E-01,10,0.2844,1.45E+06,8.5,3.8,0.744,1490.6,1.98E-06
335332.5,4262991.3,566.3,1,23:04:19:18:15:08,238508,0.6483,67.34,13.12,9.56,0.91646,0.01056,-0.39998,-0.00483,0.99987,0.01534,3.44E+06,116.1,152.2,6.73,4938.997,-1.642,3.09E-01,11,0.3011,3.00E+06,18.1,4,0.815,1515.8,2.06E-06
335206,4263094.2,462.2,1,23:04:19:18:30:58,239458,0.2054,75.7,22.76,10.47,0.83884,-0.16867,-0.51758,0.18422,0.98265,-0.02166,2.82E+06,119.3,97.9,7.9,2502.229,-1.7,1.29E-01,10,0.2487,1.49E+06,10.7,2.2,0.637,1465.2,2.11E-06
335382.1,4263043.4,634.8,1,24:04:19:05:03:13,277393,0.9063,68.19,34.34,8.78,0.95572,-0.1492,-0.25367,0.15238,0.9883,-0.0072,3.36E+06,133.1,103.6,6.95,4377.085,-1.649,2.90E-01,10,0.2894,1.77E+06,14.7,5.6,0.863,1568.8,2.16E-06
335400.6,4263070.3,378.6,2,25:04:19:17:42:22,409342,0.9807,70.91,23.67,10.81,0.88777,-0.22384,-0.40219,0.23113,0.97243,-0.03102,3.34E+06,97,79.3,9.64,1629.813,-1.651,1.01E-01,10,0.3453,1.94E+06,8.9,2,0.652,1318.7,3.04E-06
335414,4263020.8,495.9,2,25:04:19:17:42:26,409346,0.5366,74.23,32.34,9.73,0.9272,-0.07265,-0.36746,0.0775,0.99699,-0.00156,4.53E+06,105.3,83.1,9.05,2673.79,-1.563,2.21E-01,10,0.3545,2.30E+06,11.1,4.5,0.684,1425.8,1.85E-06
335463.8,4263035,502.3,2,26:04:19:11:00:34,471634,0.6117,61.87,38.09,9.44,0.94074,-0.13138,-0.31266,0.13617,0.99066,-0.00659,4.03E+06,107.7,147,7.09,4949.05,-1.596,3.71E-01,11,0.3075,2.60E+06,19.7,3.9,0.823,1420.4,2.95E-06
335298.9,4263048.9,387.2,2,26:04:19:11:02:13,471733,0.0932,85.15,66.21,10.4,0.86923,-0.10593,-0.48293,0.11737,0.99307,-0.00656,2.96E+06,121.6,117.3,7.23,3423.137,-1.686,1.85E-01,11,0.2954,1.11E+06,2.1,3.1,0.773,1358.5,2.45E-06
335427.4,4263013.3,456.9,2,26:04:19:11:03:07,471787,0.7224,68.64,18.51,9.88,0.93112,-0.04645,-0.36173,0.05132,0.99867,0.00386,5.76E+06,113,109.1,7.71,5488.02,-1.493,5.80E-01,10,0.3195,1.66E+06,1.9,4.7,0.828,1384.6,2.61E-06
335390.6,4262973.2,340.6,2,26:04:19:11:05:00,471900,0.2222,93.8,36.99,15.34,0.89543,0.09899,-0.43406,-0.0921,0.99506,0.03693,2.67E+06,105.3,128,7.66,2599.015,-1.716,1.26E-01,10,0.2678,1.95E+06,11.3,2.4,0.618,1283.2,2.19E-06
335426.3,4262990.8,441.7,2,26:04:19:11:06:02,471962,0.7653,64.51,12.6,9.74,0.9302,0.04368,-0.36444,-0.03334,0.99884,0.03463,9.60E+06,123.7,77.2,8.6,6593.616,-1.345,1.16E+00,11,0.3097,2.15E+07,23.3,7.1,0.768,1370,4.35E-06
335383.2,4263150.1,373.2,2,26:04:19:11:06:03,471963,0.4862,72.41,22.63,9.67,0.81769,-0.36346,-0.44642,0.3828,0.92248,-0.04989,7.67E+06,90.1,63,11.26,2350.677,-1.41,3.29E-01,4,0.0427,4.75E+07,12.8,2.3,0.488,1325.7,4.69E-06
335448.6,4263011,440.5,2,26:04:19:11:08:06,472086,0.5736,69.36,33.16,9.97,0.93392,-0.04756,-0.35431,0.05163,0.99866,0.00203,2.69E+06,95.5,148.4,7.73,2544.061,-1.714,1.25E-01,8,0.2699,2.31E+06,26.3,2.5,0.725,1363.3,2.19E-06
335320.8,4263028.7,365.1,2,26:04:19:11:11:01,472261,0.424,66.58,51.04,9.81,0.86725,-0.06443,-0.49368,0.0742,0.99724,0.00019,4.55E+06,152.8,68.9,8.47,3273.588,-1.561,2.67E-01,10,0.3413,1.88E+06,42,4.3,0.773,1329.5,1.96E-06
335422.5,4263021.8,474.8,2,26:04:19:11:17:32,472652,0.0602,71.11,25.52,9.84,0.92903,-0.07787,-0.36173,0.08263,0.99658,-0.00233,5.58E+06,63,95.8,11.78,1491.641,-1.502,1.53E-01,11,0.2696,5.74E+06,16.4,3.6,0.829,1403.3,2.26E-06
335356.4,4263125.3,394.7,2,26:04:19:11:18:07,472687,0.8908,71.55,27.23,9.66,0.84685,-0.2775,-0.4537,0.29741,0.95432,-0.02857,1.78E+06,144.8,110.5,6.72,2567.845,-1.832,8.36E-02,10,0.2964,1.07E+06,17.1,2.3,0.711,1351.5,2.04E-06
335521.3,4263057.9,471.2,2,26:04:19:11:34:32,473672,0.2373,75.98,39.89,10.03,0.92656,-0.24758,-0.28319,0.25311,0.96728,-0.01748,2.54E+06,101.6,125.1,7.78,2363.346,-1.73,1.12E-01,9,0.248,3.40E+06,11.7,2.3,0.744,1379.1,2.13E-06
335459.3,4263018.3,461.7,2,27:04:19:07:46:05,546365,0.1199,60.08,23.54,9.6,0.93524,-0.07684,-0.34558,0.08102,0.99671,-0.00233,1.40E+07,132.4,90,7.73,13252.769,-1.237,3.37E+00,11,0.2929,5.14E+06,21.2,8.5,0.814,1381.5,2.82E-06
335444.5,4263072.9,396.6,2,27:04:19:07:47:23,546443,0.1044,61.13,56.89,9.67,0.91004,-0.1846,-0.37115,0.1981,0.98018,-0.00179,4.19E+06,153.8,131.2,5.97,8639.477,-1.585,6.72E-01,10,0.3098,1.36E+06,11.3,4,0.599,1324.2,2.85E-06
335392.9,4263038.1,434.5,2,27:04:19:07:47:24,546444,0.4238,62.48,48.69,9.56,0.91358,-0.10535,-0.39278,0.11307,0.99358,-0.00352,4.66E+06,120.2,101.2,7.68,4506.199,-1.555,3.89E-01,11,0.3088,3.63E+06,9.5,3.2,0.758,1372.9,3.87E-06
335420.7,4263068.1,443,2,27:04:19:07:48:32,546512,0.6429,95.34,77.95,11.67,0.90789,-0.19328,-0.37199,0.20349,0.979,-0.01203,1.33E+06,147,137.3,6.01,2679.993,-1.918,6.54E-02,10,0.2307,1.33E+06,4.8,2.1,0.724,1374.8,2.49E-06
335379.2,4263037.9,385.9,2,27:04:19:07:53:37,546817,0.7341,79.44,70.67,10.13,0.89744,-0.08889,-0.43209,0.09905,0.99508,0.00102,2.12E+06,147.6,108.8,6.71,3067.893,-1.783,1.18E-01,10,0.2576,2.11E+06,19.4,2.8,0.696,1330.4,2.13E-06
335349.9,4263108.1,411,2,27:04:19:11:19:29,559169,0.866,75.44,35.7,32.21,0.51962,-0.7724,-0.36523,0.25567,0.54846,-0.79613,1.51E+07,119.6,126.6,7.09,18566.882,-1.213,5.13E+00,11,0.3053,3.53E+06,3.5,9.7,0.859,1367.4,3.55E-06
335363.9,4263111.5,410.7,2,27:04:19:11:20:10,559210,0.991,99.76,58.67,21.32,0.25613,-0.93449,-0.24725,0.86108,0.3368,-0.38093,1.45E+07,120,100.2,7.72,13769.341,-1.226,3.69E+00,11,0.3251,3.61E+06,9.9,9.7,0.839,1363.1,2.84E-06
335422.2,4263000.1,180.1,2,27:04:19:11:20:50,559250,0.9746,64.95,15.26,10.2,0.89785,-0.01442,-0.44006,0.02042,0.99975,0.00889,2.33E+06,104.4,122.5,7.8,2144.157,-1.756,9.08E-02,9,0.245,3.02E+06,9,2.9,0.739,1120.8,2.35E-06
335366.7,4263056.2,468.8,2,27:04:19:11:22:35,559355,0.6675,45.85,25.71,20.46,0.72948,-0.53686,-0.42385,0.35004,-0.23936,0.90564,3.46E+06,131.6,107.2,7.12,4192.1,-1.641,2.66E-01,11,0.3283,2.04E+06,12.2,5.7,0.794,1413.9,2.45E-06
335353,4263093.4,410.8,2,27:04:19:11:24:09,559449,0.0334,72.83,48.36,9.87,0.88046,-0.20743,-0.42634,0.22367,0.97459,-0.01227,3.57E+06,77.9,96.1,10.2,1472.834,-1.632,9.75E-02,10,0.2965,7.04E+06,9.1,3,0.75,1365.1,2.16E-06
335294.5,4263002,371.5,2,27:04:19:11:24:38,559478,0.9295,210.98,76.81,68.84,-0.81106,-0.1235,0.57178,0.01524,-0.98159,-0.19039,2.12E+06,156.9,129.7,6.03,4239.932,-1.782,1.61E-01,11,0.2811,1.27E+06,13.6,2.6,0.695,1344.3,2.08E-06
335355.5,4263074.3,440.4,2,27:04:19:11:24:42,559482,0.9995,28.22,24.21,14.01,0.01315,0.25288,0.96741,-0.60602,0.77157,-0.19345,1.71E+07,141.8,100.4,7.05,21431.88,-1.177,6.81E+00,11,0.3114,5.63E+06,20.7,10.3,0.885,1391.2,2.92E-06
335430,4263023.1,466.2,2,27:04:19:11:25:52,559552,0.0787,73.03,15.19,10.51,0.92947,-0.08554,-0.35884,0.08966,0.99596,-0.00516,3.07E+06,124.9,113.9,7.14,3681.634,-1.675,2.07E-01,10,0.2995,2.08E+06,5.5,5.5,0.872,1393.1,2.17E-06
335402,4263087,399.5,2,27:04:19:11:26:28,559588,0.4715,50.62,29.74,25.09,0.44896,-0.83097,-0.32852,-0.09921,0.31903,-0.94254,1.24E+07,182.4,125.6,5.55,31829.803,-1.27,7.35E+00,11,0.3205,3.39E+06,28.4,9.1,0.824,1339.3,3.67E-06
335521.6,4263002.6,477.6,2,27:04:19:11:26:30,559590,0.5575,72.1,9.92,5.21,0.96042,0.02269,-0.27763,0.27773,-0.00102,0.96066,4.59E+06,102.2,158.7,7.18,5434.901,-1.559,4.64E-01,7,0.264,3.55E+06,27.8,2.6,0.649,1383.7,3.18E-06
335420.7,4263019.7,426.6,2,27:04:19:11:27:22,559642,0.4239,76.38,21.65,10.66,0.92593,-0.06767,-0.37157,0.07277,0.99735,-0.00029,2.29E+06,122.8,150.5,6.49,3662.409,-1.761,1.54E-01,11,0.2663,2.54E+06,13.8,2.5,0.672,1357.2,2.37E-06
335210.2,4263053.8,372.5,2,27:04:19:11:27:43,559663,0.624,150.21,115.1,31.21,0.80182,-0.07334,-0.59305,-0.09528,-0.99543,-0.00573,2.66E+06,112.3,145.5,7.01,3377.952,-1.717,1.63E-01,10,0.2911,4.46E+06,16.6,3.4,0.773,1379.2,2.20E-06
335419.1,4263078.1,476.7,2,27:04:19:11:27:46,559666,0.812,73.12,54.26,23.87,0.43669,-0.8609,-0.26104,0.81443,0.50158,-0.29174,2.63E+07,218.5,152.4,4.61,117528.819,-1.053,5.68E+01,11,0.3431,6.81E+06,33,14.3,0.862,1408.3,2.63E-06
335393.3,4263059.4,395.5,2,27:04:19:11:28:44,559724,0.4485,21.73,11.78,9.92,0.31221,-0.05542,0.9484,-0.23235,0.96353,0.13279,9.94E+06,181.6,122.8,5.63,24426.068,-1.335,4.50E+00,11,0.3225,2.81E+06,29.4,8.7,0.869,1336.3,3.64E-06
335399.7,4263049.6,465.1,2,27:04:19:11:28:45,559725,0.9824,63.77,29.88,9.9,0.91076,-0.16312,-0.37936,0.16929,0.98541,-0.01728,9.06E+06,175.8,129.8,5.57,22879.576,-1.362,3.80E+00,11,0.3255,2.15E+06,23,7.1,0.825,1400.8,3.42E-06
335504.5,4263032.6,433.2,2,27:04:19:11:29:08,559748,0.1453,64.59,24.3,9.62,0.93612,-0.14404,-0.32084,0.14841,0.98887,-0.01091,3.84E+06,133.1,129.2,6.55,5961.76,-1.611,4.16E-01,11,0.3282,9.58E+05,1.9,3.8,0.78,1344.2,2.14E-06
335464.1,4263032.6,495.1,2,27:04:19:11:29:45,559785,0.8495,75.2,21.34,10.31,0.9296,-0.14978,-0.33677,0.15251,0.98813,-0.01849,5.42E+06,89.5,108.2,8.98,3279.813,-1.51,3.24E-01,10,0.318,2.97E+06,9.3,5.3,0.855,1413.2,2.37E-06
335357,4263036.7,387.7,2,27:04:19:11:30:05,559805,0.008,78.39,48.53,9.99,0.88915,-0.10314,-0.44585,0.11107,0.99378,-0.00839,4.15E+06,115.7,119.7,7.4,4491.075,-1.588,3.40E-01,11,0.3121,2.12E+06,2,3,0.661,1339,2.94E-06
335213.2,4263075.2,338,2,27:04:19:11:30:11,559811,0.802,123.38,94.13,36.24,-0.81889,-0.11041,0.56324,0.04956,-0.99126,-0.12225,4.05E+06,129.8,124.5,6.78,5695.165,-1.595,4.20E-01,8,0.2839,2.43E+06,2.6,3.3,0.736,1347.9,3.48E-06
335327.3,4263123.3,428.6,2,27:04:19:11:30:13,559813,0.2365,132.58,72.49,19.14,0.70387,-0.568,-0.42654,0.54716,0.81648,-0.18433,2.57E+06,158.3,117.1,6.18,4758.754,-1.727,2.27E-01,9,0.2468,1.01E+07,20.6,2.6,0.796,1392.6,7.69E-06
335398.7,4263023.8,179.1,2,27:04:19:11:30:22,559822,0.7408,62.04,43.55,9.7,0.88142,-0.0718,-0.46684,0.08035,0.99677,-0.00161,3.03E+06,112.2,83.7,8.75,1981.879,-1.679,1.09E-01,6,0.3001,8.74E+05,14,2.2,0.648,1127.9,3.35E-06
335225,4263061.5,363.5,2,27:04:19:11:30:27,559827,0.228,111.84,68.04,20.2,0.81537,-0.17687,-0.55126,0.18107,0.98233,-0.04735,2.37E+06,146.4,129.9,6.21,4333.45,-1.751,1.87E-01,9,0.2736,5.12E+06,8.2,2.5,0.645,1365.4,3.68E-06
335236.6,4263091.2,342.6,2,27:04:19:11:30:28,559828,0.5715,152.87,103.59,27.25,0.80655,-0.17587,-0.56439,0.18934,0.98128,-0.03521,4.92E+06,143.2,142.5,6.05,9698.554,-1.539,8.68E-01,11,0.3373,1.50E+07,0.3,3.7,0.774,1343.4,5.51E-06
335371.8,4263060.3,469.9,2,27:04:19:11:30:31,559831,0.1175,45.96,28.12,22.13,0.69345,-0.59676,-0.40375,0.51967,0.80239,-0.29343,8.39E+07,160.2,87.4,7.13,101107.272,-0.717,1.56E+02,11,0.2975,3.14E+07,36.4,15.8,0.916,1413.7,3.78E-06
335412.5,4263071.1,406.5,2,27:04:19:11:30:43,559843,0.089,76.03,26.62,9.93,0.8884,-0.24018,-0.39123,0.24725,0.96839,-0.03305,4.14E+06,112.5,119.9,7.45,4390.914,-1.589,3.37E-01,8,0.2602,1.84E+06,3.7,3.2,0.739,1342,3.44E-06
335233.4,4263085,392.8,2,27:04:19:11:31:01,559861,0.6655,184.57,78.94,47.7,0.79053,-0.23341,-0.5662,0.21213,0.97165,-0.10438,3.45E+06,126.3,91.3,7.96,2992.42,-1.641,1.85E-01,8,0.2699,1.24E+06,17.4,2.3,0.792,1390.1,3.01E-06
335295.5,4263090.4,313.3,2,27:04:19:11:31:46,559906,0.6779,65.04,36.12,9.51,0.85087,-0.18841,-0.49044,0.2062,0.97834,-0.01811,5.21E+06,129.6,112.8,7.07,6459.949,-1.522,6.13E-01,10,0.2813,4.64E+06,8.4,3.1,0.705,1293.5,5.34E-06
335344.6,4263020.8,375.2,2,27:04:19:11:33:04,559984,0.8566,69.97,24.27,9.65,0.88803,-0.05377,-0.45663,0.06131,0.99812,0.00171,3.96E+06,110.4,108.1,7.92,3491.193,-1.601,2.53E-01,11,0.2921,1.31E+06,1.2,3.7,0.786,1330.8,2.23E-06
335340.9,4263126.4,415.2,2,27:04:19:11:33:13,559993,0.8935,139.14,84.96,37.83,0.79716,-0.38279,-0.46691,0.38997,0.91682,-0.08583,3.15E+06,113.7,131,7.23,3656.596,-1.667,2.11E-01,9,0.2811,1.44E+06,8.6,3,0.703,1375.9,2.75E-06
335395.4,4263034.6,454.7,2,27:04:19:11:33:21,560001,0.7459,84.17,24.78,10.67,0.91705,-0.11273,-0.38249,0.1182,0.99295,-0.00926,5.49E+06,85.4,109.7,9.18,3106.846,-1.507,3.13E-01,10,0.3201,4.49E+06,12.2,5.6,0.914,1391.5,2.37E-06
335370.1,4263127.2,414.9,2,27:04:19:11:33:31,560011,0.314,76.78,67.03,30.29,-0.12836,0.9735,0.18925,-0.89473,-0.19598,0.4013,5.76E+06,131.3,116,6.88,7723.762,-1.493,8.25E-01,11,0.3209,1.98E+06,7.6,4.9,0.839,1366.6,3.01E-06
335305.5,4263166.4,336.2,2,27:04:19:11:33:32,560012,0.404,157.05,77.42,26.23,0.64125,-0.56408,-0.52021,0.5423,0.81278,-0.21284,7.50E+06,137,121.5,6.7,10930.225,-1.417,1.47E+00,11,0.3381,1.96E+06,7.8,4.3,0.814,1318.8,4.16E-06
335375.2,4263064.9,455.3,2,27:04:19:11:33:35,560015,0.4965,23.85,20.76,17.4,0.39016,-0.683,-0.61749,-0.34085,0.51586,-0.78595,1.27E+07,182.2,143.8,5.21,39319.993,-1.263,9.20E+00,11,0.3401,3.29E+06,19.2,9.8,0.838,1399,3.64E-06
335400.7,4263085.4,395.7,2,27:04:19:11:34:00,560040,0.8512,68.23,30.95,9.55,0.86916,-0.29033,-0.40033,0.29757,0.95361,-0.04553,2.38E+06,111.6,133.6,7.19,2797.832,-1.749,1.24E-01,7,0.244,2.65E+06,11,2.1,0.753,1335.9,2.32E-06
335444,4263122.5,403.3,2,27:04:19:11:34:42,560082,0.535,358.18,173.61,37.03,-0.15213,-0.98824,0.01553,0.9343,-0.14892,-0.32389,5.94E+06,186.2,121.1,5.6,14817.198,-1.484,1.63E+00,11,0.3318,1.88E+06,32.6,5.6,0.754,1334.6,2.31E-06
335368,4263125.2,368.6,2,27:04:19:11:34:58,560098,0.3795,112.01,68.01,32.79,0.25599,-0.93712,-0.23724,0.85964,0.33293,-0.38752,2.72E+06,125.6,103.2,7.5,2822.285,-1.71,1.40E-01,10,0.2672,1.22E+06,11.2,3.3,0.776,1323.2,2.73E-06
335330.7,4263124.1,345.3,2,27:04:19:11:35:19,560119,0.217,72.97,40.85,23.28,0.6848,-0.57075,-0.45309,0.53383,0.81614,-0.22124,4.23E+06,147,124.5,6.36,7178.096,-1.583,5.43E-01,11,0.3048,1.22E+06,11.2,6.3,0.826,1313.5,2.60E-06
335289.4,4263059.1,422.6,2,27:04:19:11:35:37,560137,0.574,131.8,112.11,22.47,-0.55435,-0.79246,0.25437,0.67594,-0.607,-0.41791,3.20E+06,99.8,137.3,7.75,3005.477,-1.664,1.75E-01,9,0.2831,3.12E+06,18.8,2.7,0.775,1395.4,2.59E-06
335467,4263057.8,463.6,2,27:04:19:11:35:41,560141,0.5297,89.9,42.37,11.74,0.91679,-0.20524,-0.3426,0.21221,0.97707,-0.01744,4.19E+06,134.4,132,6.46,6794.907,-1.585,5.18E-01,9,0.3077,1.05E+06,1.2,3.6,0.897,1382.9,2.85E-06
335342.8,4263098.8,424.2,2,27:04:19:11:35:55,560155,0.016,184.5,165.88,31.76,0.76223,-0.50928,-0.39954,0.46754,0.86004,-0.20429,1.77E+06,162.7,134.7,5.71,4152.236,-1.835,1.36E-01,6,0.2152,1.19E+06,14,2.6,0.808,1381.5,2.32E-06
335459.4,4263054.9,482.4,2,27:04:19:11:36:17,560177,0.133,241.57,118.77,29.07,0.18127,-0.97763,-0.10671,0.91013,0.20788,-0.3584,2.13E+06,141.8,124.6,6.41,3533.383,-1.781,1.37E-01,7,0.2138,1.13E+06,8.5,2.3,0.788,1402.8,2.72E-06
335229.5,4263034.3,334.3,2,27:04:19:11:36:58,560218,0.193,125.25,76.27,27.73,-0.82972,0.03089,0.55732,-0.04969,-0.99859,-0.01863,6.51E+06,85.3,154.2,8.35,4892.742,-1.458,5.80E-01,11,0.3078,3.76E+06,34.5,3.8,0.823,1335.8,2.79E-06
335233.5,4263143.3,352.9,2,27:04:19:11:37:00,560220,0.3655,141.39,132.66,22.61,0.82148,-0.15276,-0.5494,0.1961,0.98037,0.02063,1.88E+06,152.1,174.4,5.4,5213.112,-1.818,1.78E-01,10,0.2471,3.19E+06,11.1,2.5,0.726,1358.8,2.97E-06
335346,4263072.9,444.6,2,27:04:19:11:37:02,560222,0.09,44.29,38.01,23.54,-0.3655,0.4092,0.83604,0.6872,-0.48719,0.53888,1.50E+07,179.8,144.6,5.24,45623.996,-1.216,1.27E+01,11,0.3397,3.74E+06,17.6,8,0.859,1398,3.19E-06
335326,4263038.2,402.6,2,27:04:19:11:37:14,560234,0.443,342.23,154.5,77.5,-0.30325,-0.95191,0.04361,0.88599,-0.2985,-0.35485,3.57E+06,97.5,105.7,8.62,2437.051,-1.632,1.59E-01,8,0.2398,3.08E+06,4.1,2.1,0.607,1363.2,2.74E-06
335436.9,4263054.1,474.3,2,27:04:19:11:37:21,560241,0.8545,40.17,34.53,22.66,0.23717,-0.95178,-0.1946,0.87184,0.2969,-0.38954,8.70E+06,180.3,174.7,4.83,33870.697,-1.374,5.41E+00,11,0.3498,2.40E+06,2.8,8,0.767,1400.2,2.82E-06
335374.4,4263143.5,412.5,2,27:04:19:11:37:26,560246,0.9825,170.24,103.92,25.34,-0.52417,-0.84386,0.11463,0.77167,-0.52758,-0.35523,2.34E+06,135.2,113.5,6.83,3209.924,-1.754,1.39E-01,8,0.2211,5.14E+07,10.8,2.7,0.801,1364.8,2.63E-06
335351.4,4263134,465.3,2,27:04:19:11:37:32,560252,0.7885,234.99,183.71,42.28,-0.41325,-0.90661,0.08537,0.81584,-0.41025,-0.40756,4.94E+06,76.9,128.8,9.39,2612.645,-1.537,2.39E-01,9,0.2596,1.20E+07,26,2.3,0.755,1420.8,2.87E-06
335243,4263164.5,322.8,2,27:04:19:11:37:43,560263,0.4909,66.56,56.58,9.49,0.82057,-0.22388,-0.52588,0.26536,0.96414,0.00361,2.41E+06,113,141.9,7.04,3019.206,-1.746,1.32E-01,7,0.2654,1.51E+06,14.3,2.1,0.69,1330.2,2.67E-06
335378.8,4263056.5,414.2,2,27:04:19:11:37:48,560268,0.7035,19.61,17.07,13.71,0.22853,-0.01268,0.97345,-0.66102,0.73206,0.16471,2.11E+07,156.8,108.9,6.43,34663.677,-1.117,1.36E+01,11,0.3226,6.74E+06,23.9,10.3,0.924,1358.3,4.93E-06
335195.2,4262993.9,304.4,2,27:04:19:11:38:28,560308,0.9951,94.42,70.97,11.46,0.83607,-0.00481,-0.54859,0.00719,0.99997,0.00219,2.94E+06,97.9,116.2,8.29,2251.751,-1.688,1.20E-01,9,0.2722,2.18E+06,9.1,2,0.79,1322.8,2.63E-06
335382,4263083.9,437.2,2,27:04:19:11:39:03,560343,0.6065,73.97,33.64,24.26,0.38471,-0.88119,-0.27477,0.77681,0.46987,-0.41927,5.03E+06,167.7,106.1,6.3,8800.472,-1.532,8.21E-01,11,0.316,1.41E+06,30.8,6.5,0.807,1380.8,2.62E-06
335304.5,4263005.1,403.4,2,27:04:19:11:39:06,560346,0.907,237.39,142.16,32.24,0.00359,-0.99956,-0.02954,-0.88362,-0.017,0.46789,3.52E+06,104.8,104.8,8.27,2721.523,-1.635,1.75E-01,8,0.2209,2.13E+06,0,2.2,0.567,1370.6,2.25E-06
335359.8,4263126.1,434.9,2,27:04:19:11:39:22,560362,0.397,142.8,69.35,23.87,0.39548,-0.85552,-0.33419,0.79839,0.50008,-0.33539,1.28E+07,122.3,95.6,7.8,11773.774,-1.263,2.79E+00,11,0.328,3.42E+06,13.3,8.4,0.921,1388.7,2.76E-06
335237.3,4263061,389.3,2,27:04:19:11:39:24,560364,0.976,137.22,107.82,32.07,-0.80272,0.03171,0.59551,0.06901,0.99682,0.03995,4.31E+06,141.3,117.2,6.68,6317.448,-1.577,4.87E-01,11,0.3117,1.24E+06,12.1,3.8,0.793,1384,2.90E-06
335453.7,4263046,447.6,2,27:04:19:11:39:42,560382,0.2799,95.12,23.28,12.19,0.92346,-0.16085,-0.34834,0.16628,0.98597,-0.01446,2.47E+06,113.2,132,7.16,2941.11,-1.738,1.33E-01,10,0.2724,1.93E+06,9.4,2.6,0.748,1369.9,2.18E-06
335425.1,4263118.8,442.7,2,27:04:19:11:39:44,560384,0.9413,86.92,38.3,10.65,0.87042,-0.31708,-0.37661,0.33266,0.94272,-0.02486,3.69E+06,107.2,119.3,7.69,3546.547,-1.622,2.40E-01,10,0.2541,5.85E+06,6.1,2.2,0.776,1377.1,2.59E-06
335330.6,4263089.7,422.5,2,27:04:19:11:39:58,560398,0.5765,110.71,34.33,24.44,0.7217,-0.53046,-0.44471,0.4623,0.84753,-0.26071,4.96E+06,174.2,87.9,6.91,6566.39,-1.536,5.94E-01,11,0.3172,2.09E+06,43.1,7.5,0.86,1383.1,2.09E-06
335235.4,4262990.1,314.9,2,27:04:19:11:40:11,560411,0.342,71.45,17.17,14.16,0.85479,0.00676,-0.51894,0.00283,0.99984,0.01767,2.51E+06,111.1,102,8.06,2095.874,-1.733,9.58E-02,6,0.2628,1.00E+07,4.5,2.1,0.736,1315,2.16E-06
335396.7,4263120.6,420.9,2,27:04:19:11:40:13,560413,0.8968,69.85,31.2,9.91,0.83021,-0.38981,-0.3985,0.39826,0.91495,-0.06528,1.94E+06,148.1,88.8,7.33,2148.05,-1.809,7.71E-02,9,0.2433,5.39E+06,29.6,2.3,0.676,1364,2.28E-06
335392.1,4263054.1,401.8,2,27:04:19:11:40:30,560430,0.716,27.82,13.19,11,0.28338,-0.04658,0.95788,-0.12344,0.98874,0.0846,1.18E+07,174.4,127.4,5.64,28799.55,-1.285,6.32E+00,11,0.3164,3.25E+06,23.5,8.3,0.868,1342.4,3.84E-06
335330.5,4263096.2,430.6,2,27:04:19:11:40:54,560454,0.9,93.5,67.66,35.88,0.69904,-0.53474,-0.47476,0.5017,0.83985,-0.20726,4.59E+06,153.8,102.9,6.68,6738.431,-1.559,5.73E-01,11,0.3526,1.50E+06,25.4,4.3,0.853,1391.2,2.26E-06
335522.1,4263089.5,440.7,2,27:04:19:11:41:06,560466,0.685,279.85,64.31,43.23,0.84151,-0.30217,-0.44783,0.3481,0.9372,0.02173,4.21E+06,75,118.9,9.82,1948.174,-1.584,1.49E-01,11,0.2569,8.01E+06,22,2.3,0.78,1350.8,2.06E-06
335512.2,4263081.7,463.1,2,27:04:19:11:41:10,560470,0.5505,371.83,129.13,46.99,0.12855,-0.98722,-0.09418,0.91373,0.15482,-0.37566,3.07E+06,131.5,117.2,6.87,4140.783,-1.675,2.32E-01,11,0.3089,7.77E+05,7.2,3.5,0.815,1374.1,2.39E-06
335383.9,4263063.7,438.7,2,27:04:19:11:41:17,560477,0.1765,66.95,28.13,23.94,0.55006,-0.75537,-0.35617,0.15963,-0.32353,0.93266,4.68E+06,167.9,149.7,5.36,13289.354,-1.553,1.15E+00,11,0.3078,1.17E+06,9.1,4.7,0.848,1380.5,2.32E-06
335314.9,4263127.3,353.7,2,27:04:19:11:41:27,560487,0.602,116.48,100.18,43.89,0.73142,-0.38006,-0.5662,0.40244,0.91086,-0.09153,2.04E+06,124.3,135.8,6.79,2853.735,-1.793,1.04E-01,8,0.2652,8.55E+05,5.7,2.5,0.759,1327.2,2.05E-06
335519,4263046,443.6,2,27:04:19:11:41:29,560489,0.487,68.86,26.91,9.63,0.92991,-0.19746,-0.31027,0.20264,0.97913,-0.0158,2.42E+06,139.1,116.3,6.68,3548.775,-1.744,1.56E-01,10,0.2722,5.44E+05,11.4,3.6,0.826,1351.9,2.07E-06
335362,4263135.6,383.5,2,27:04:19:11:41:58,560518,0.9115,154.68,66.42,25.24,0.40783,-0.8397,-0.35857,0.77311,0.52651,-0.35367,3.38E+06,136.7,131.7,6.44,5533.635,-1.648,3.41E-01,11,0.312,1.73E+06,2.5,3.4,0.754,1340.3,2.50E-06
335511.9,4263099.5,456.5,2,27:04:19:11:42:12,560532,0.3887,86.83,46.63,13.51,0.8587,-0.40084,-0.31931,0.40829,0.91167,-0.04645,2.47E+06,109,137.7,7.26,2822.367,-1.739,1.27E-01,8,0.2375,2.25E+06,14.2,2.2,0.727,1369,2.36E-06
335418.3,4263031.2,491.7,2,27:04:19:11:42:20,560540,0.9115,34.75,19.83,9.85,0.21372,-0.00002,0.9769,-0.63616,0.7589,0.13919,2.71E+06,165.6,115.4,6.1,5218.638,-1.711,2.58E-01,10,0.292,7.24E+05,25.1,3.6,0.76,1421,2.17E-06
335282,4263035.6,377.6,2,27:04:19:11:42:40,560560,0.246,174.55,111.07,30.22,-0.12286,-0.9917,0.03784,0.86909,-0.12592,-0.47835,1.54E+06,188.8,125.8,5.54,3949.963,-1.876,1.09E-01,9,0.2446,6.96E+05,31.5,2.8,0.821,1355.2,2.50E-06
335259.9,4263089.5,316.5,2,27:04:19:11:43:00,560580,0.1886,74.74,37.53,9.68,0.84609,-0.15659,-0.50952,0.17729,0.98413,-0.00806,2.93E+06,100.6,109,8.34,2213.534,-1.689,1.18E-01,9,0.2589,2.42E+06,4.2,2.7,0.593,1310.1,2.08E-06
335359.3,4263086.6,449.8,2,27:04:19:11:43:16,560596,0.1135,56.88,48.66,28.41,0.10895,-0.98081,-0.16168,0.87326,0.17215,-0.45583,6.72E+07,197.9,168.5,4.64,294509.647,-0.782,3.67E+02,11,0.3218,1.70E+07,14.7,8.7,0.888,1399.8,2.72E-06
335219,4263130.3,318.8,2,27:04:19:11:43:19,560599,0.7622,89.94,47.43,10.93,0.81697,-0.21986,-0.53313,0.24663,0.96887,-0.02163,3.48E+06,157.4,142.7,5.72,8134.923,-1.639,5.16E-01,10,0.248,1.86E+07,7.4,3.3,0.719,1332.6,4.61E-06
335367.3,4263075.2,444.9,2,27:04:19:11:43:43,560623,0.646,69.1,54.17,31.86,-0.43183,0.72605,0.53514,0.41828,-0.36445,0.832,4.31E+06,171.4,99.2,6.45,7003.601,-1.577,5.59E-01,11,0.2988,1.60E+06,36.1,4.1,0.793,1392,2.11E-06
335476,4263102.8,468.1,2,27:04:19:11:44:06,560646,0.1895,84.72,19.65,11.35,0.87233,-0.35038,-0.34099,0.35623,0.93319,-0.04756,3.13E+06,137.5,119.7,6.64,4681.693,-1.669,2.67E-01,11,0.3132,8.06E+05,8.9,4.3,0.849,1388.1,2.01E-06
335493.5,4263123.7,455.5,2,27:04:19:11:44:26,560666,0.6535,208.64,128.77,44.29,0.39273,-0.90658,-0.15453,0.87356,0.42027,-0.24551,2.79E+06,151.9,127.9,6.1,5390.491,-1.702,2.74E-01,11,0.2799,9.23E+05,12,3.6,0.87,1373.9,2.11E-06
335408.1,4263155.5,437.6,2,27:04:19:11:44:39,560679,0.8415,145.3,129.4,34.94,0.45568,-0.82985,-0.32202,-0.79655,-0.54163,0.26862,2.53E+06,154.8,160,5.48,6733.559,-1.731,3.13E-01,11,0.3128,9.54E+05,2.6,4.8,0.793,1380.5,2.60E-06
335375.9,4263130.3,405.4,2,27:04:19:11:44:43,560683,0.7969,69.09,22.94,9.54,0.85518,-0.30449,-0.41947,0.32271,0.94606,-0.02882,3.57E+06,132.4,97.5,7.41,3843.841,-1.632,2.55E-01,11,0.2755,7.65E+05,17.4,3.1,0.655,1356.2,2.06E-06
335319.4,4263125.4,409,2,27:04:19:11:45:10,560710,0.613,70.4,32.41,23.88,0.56145,-0.71133,-0.42282,0.60557,0.70141,-0.3759,8.14E+06,178.2,84,7.03,10250.074,-1.393,1.52E+00,11,0.3309,3.04E+06,47.1,8.2,0.811,1377,2.33E-06
335495.9,4263062.4,505.9,2,27:04:19:11:45:17,560717,0.192,69.11,26.98,9.45,0.92135,-0.25361,-0.29461,0.25885,0.96567,-0.02177,3.42E+06,88.5,155.5,8,2921.412,-1.644,1.86E-01,9,0.2647,2.80E+06,33.4,2.4,0.783,1418.2,2.12E-06
335349.5,4263140.7,415.1,2,27:04:19:11:45:26,560726,0.0865,339.21,186.68,46.13,-0.74777,-0.62273,0.23035,0.53326,-0.76996,-0.35043,3.04E+06,98.2,108.6,8.41,2233.782,-1.678,1.26E-01,9,0.2287,2.33E+06,5.2,3,0.76,1374.5,2.32E-06
335150.7,4263086.6,268.8,2,27:04:19:11:45:29,560729,0.6007,78.4,32.6,12.44,0.73815,-0.11066,-0.6655,0.13903,0.99023,-0.01044,3.86E+06,118.2,107.5,7.94,3370.778,-1.609,2.18E-01,9,0.2591,2.38E+06,5.3,2.8,0.798,1315.1,2.77E-06
335368.5,4263063.3,397.4,2,27:04:19:11:45:33,560733,0.104,39.47,31.44,22.28,0.4668,-0.68384,-0.56077,0.41635,-0.38949,0.82155,2.98E+06,133.7,137.9,6.35,5094.603,-1.684,2.81E-01,11,0.2994,1.06E+06,2.1,4.5,0.897,1345.8,2.16E-06
335349.7,4263077.4,459,2,27:04:19:11:45:43,560743,0.449,34.23,25.02,19.12,0.49571,-0.73546,-0.46192,0.3055,-0.3502,0.88545,4.37E+07,142.9,103.2,6.92,57525.212,-0.907,4.66E+01,11,0.303,1.21E+07,19.8,16,0.815,1410.8,4.39E-06
335246.5,4263072.1,334.1,2,27:04:19:11:45:50,560750,0.524,130.26,105.91,38.68,-0.83456,-0.13076,0.53517,0.07323,-0.98913,-0.12749,1.73E+06,190,94.8,6.36,2930.104,-1.842,9.21E-02,8,0.2419,1.20E+06,47.6,2.8,0.771,1330.4,2.11E-06
335375.2,4263153.3,361,2,27:04:19:11:45:52,560752,0.9176,87.69,44.67,12.7,0.76814,-0.37458,-0.51928,0.40384,0.91279,-0.06105,2.39E+06,137.8,114.6,6.8,3330.317,-1.748,1.45E-01,11,0.2851,7.71E+05,11.6,3.1,0.747,1317,2.24E-06
335348.5,4262970.8,461.5,2,27:04:19:11:46:02,560762,0.4519,69.82,52.37,9.54,0.91003,0.04742,-0.41182,-0.04805,0.99881,0.00885,1.76E+06,142.3,130.5,6.25,3150.84,-1.836,1.03E-01,8,0.2574,2.11E+06,5.9,2.2,0.688,1411.2,2.00E-06
335372.6,4263127.8,406.9,2,27:04:19:11:46:19,560779,0.0145,99.37,65.39,20.45,0.37327,-0.87976,-0.29444,0.82397,0.46023,-0.33055,5.72E+06,164.7,116.8,6.06,11230.055,-1.495,1.19E+00,11,0.3186,1.75E+06,23.9,5.7,0.848,1358.4,2.06E-06
335328.6,4263086.9,300.9,2,27:04:19:11:46:45,560805,0.0151,78.98,64.89,10.38,0.84688,-0.15101,-0.50989,0.17519,0.98453,-0.0006,2.14E+06,132.2,91.2,7.78,1989.588,-1.779,7.63E-02,11,0.288,5.23E+05,20.5,2.5,0.677,1269.5,1.97E-06
335335.3,4263142.1,356,2,27:04:19:11:46:55,560815,0.93,174.15,122.31,31.31,0.51622,-0.71571,-0.4704,0.66895,0.67991,-0.30038,3.72E+06,155.2,123.8,6.19,6863.388,-1.62,4.57E-01,11,0.3114,9.46E+05,15.7,3.9,0.79,1323.8,2.07E-06
335288.5,4262940.2,342.2,2,27:04:19:11:47:00,560820,0.2468,65.13,52.49,9.7,0.84904,0.10514,-0.51776,-0.10881,0.99379,0.02338,4.07E+06,85.1,90.1,10.03,1765.993,-1.593,1.29E-01,10,0.274,1.80E+06,2.5,2.5,0.753,1320.3,2.04E-06
335414,4263088.4,421.5,2,27:04:19:11:47:21,560841,0.8524,85.37,19.75,15.19,0.88462,-0.26101,-0.38642,0.26126,0.96382,-0.05293,1.49E+06,152.1,106.9,6.59,2274.787,-1.885,6.28E-02,10,0.2597,9.71E+05,22.6,2,0.576,1357.2,2.03E-06
335407.3,4263135,456.3,2,27:04:19:11:47:22,560842,0.6545,102.34,72.68,28.55,0.44357,-0.84089,-0.31008,0.80292,0.52656,-0.27939,2.46E+06,150,98.8,6.9,3274.485,-1.739,1.48E-01,11,0.2621,9.81E+05,25.6,4.8,0.793,1396.4,2.38E-06
335401.1,4263144.7,397.6,2,27:04:19:11:47:33,560853,0.3621,70.7,40.74,15.24,0.84146,-0.34865,-0.41278,0.36956,0.92869,-0.03106,2.30E+06,131.5,153.7,6.16,4308.8,-1.759,1.84E-01,10,0.3231,1.43E+06,11.1,3.4,0.742,1343,2.28E-06
335362.2,4263063.2,345,2,27:04:19:11:48:01,560881,0.7189,62.06,47.41,9.75,0.87392,-0.16627,-0.45676,0.17783,0.9839,-0.0179,2.35E+06,120.1,108.4,7.53,2408.192,-1.753,1.03E-01,10,0.2857,9.98E+05,5.8,3.3,0.616,1298.1,1.94E-06
335417.5,4263063.3,470.5,2,27:04:19:11:48:05,560885,0.625,56.2,42.2,25.54,0.4176,-0.87,-0.26213,0.80471,0.48808,-0.33797,1.28E+07,217.7,126.6,5.07,43028.957,-1.261,1.01E+01,11,0.3493,3.95E+06,45.5,10.2,0.856,1401.9,2.82E-06
335380,4263059,458.3,2,27:04:19:11:49:36,560976,0.5505,23.97,17.76,14.76,0.24097,0.01419,0.97043,-0.61951,0.77194,0.14255,1.00E+07,147.2,96.3,7.06,12435.788,-1.333,2.28E+00,11,0.3027,2.90E+06,25.5,10.2,0.911,1400.2,2.13E-06
335239.1,4263103.4,331.9,2,27:04:19:11:50:21,561021,0.146,122.35,70.54,19.85,0.79075,-0.25917,-0.55457,0.26668,0.96131,-0.069,2.58E+06,102,121.7,7.94,2260.168,-1.725,1.06E-01,11,0.2598,2.88E+06,9.8,2.7,0.758,1333.6,2.00E-06
335349.4,4263080.1,443.8,2,27:04:19:11:50:36,561036,0.1145,48,35.17,22.87,0.59121,-0.61897,-0.51706,0.43953,-0.29026,0.85004,9.10E+06,217,135.8,4.9,33929.582,-1.361,5.73E+00,11,0.3343,2.52E+06,40.6,8.8,0.832,1396.6,4.71E-06
335385.7,4263137.4,435.4,2,27:04:19:11:50:38,561038,0.919,109.5,85.8,30.58,-0.23157,-0.97204,-0.03877,-0.88225,0.19306,0.42939,3.70E+06,177.3,98.5,6.38,6232.404,-1.621,4.27E-01,11,0.3084,8.65E+05,39.4,3.5,0.746,1382.6,2.18E-06
335371.5,4263055.5,431.1,2,27:04:19:11:50:43,561043,0.383,41.29,24.05,15.24,0.22217,-0.00432,0.975,0.74656,-0.64245,-0.17296,8.62E+06,208.9,163.7,4.56,39752.472,-1.376,6.36E+00,11,0.3407,2.22E+06,22.6,7.2,0.854,1376.6,4.75E-06
335248.8,4263077,393.1,2,27:04:19:11:50:52,561052,0.9145,150.65,89.1,30.06,0.8393,-0.08169,-0.5375,0.10699,0.99413,0.01598,2.20E+06,142.3,99.6,7.18,2608.826,-1.771,1.03E-01,10,0.2308,1.28E+06,21.3,3.1,0.799,1384,2.17E-06
335335,4263030.2,367,2,27:04:19:11:50:58,561058,0.5212,68.66,38.96,9.96,0.88167,-0.07564,-0.46576,0.08418,0.99645,-0.00247,2.26E+06,131,148.5,6.31,3944.53,-1.763,1.63E-01,10,0.2967,1.23E+06,8.7,2.6,0.66,1326.4,1.93E-06
335385.3,4263051.8,427.5,2,27:04:19:11:51:17,561077,0.715,22.35,18.77,14.26,0.1045,0.10406,0.98907,0.70704,-0.70717,-0.0003,3.66E+07,180.6,100.4,6.26,65289.928,-0.957,4.43E+01,11,0.3229,1.40E+07,40.1,11.6,0.802,1368.9,2.19E-06
335356.8,4263165.2,396.2,2,27:04:19:11:51:20,561080,0.3495,158.14,86.14,24.15,0.34939,-0.87204,-0.34274,0.82005,0.46155,-0.33836,6.91E+06,136.3,123,6.63,10355.91,-1.44,1.31E+00,11,0.3024,2.53E+06,6.7,4.1,0.829,1357.3,4.91E-06
335344,4263083,442.1,2,27:04:19:11:51:30,561090,0.6935,64.2,25.36,21.26,0.58699,-0.70953,-0.38988,0.53403,0.70129,-0.47224,8.41E+07,256.4,97.3,5.52,219168.748,-0.717,3.42E+02,11,0.325,5.45E+07,79.5,14.6,0.854,1396.9,3.65E-06
335357.5,4263125.2,382,2,27:04:19:11:51:50,561110,0.1943,358.92,245.43,62.66,0.81796,-0.19608,-0.54083,0.2507,0.96765,0.02833,2.69E+06,154.3,143.4,5.79,6058.259,-1.714,2.97E-01,7,0.2088,5.61E+06,5.3,2.4,0.452,1339.2,2.85E-06
335249.3,4263108.8,353,2,27:04:19:11:52:15,561135,0.6959,68.3,65.24,9.5,0.86245,-0.05208,-0.50346,0.09369,0.99393,0.05768,2.79E+06,119.2,112.6,7.43,2984.048,-1.703,1.52E-01,11,0.2969,1.49E+06,3.3,3.4,0.785,1349.2,2.28E-06
335379.3,4263112.6,430.9,2,27:04:19:11:52:18,561138,0.8091,67.21,29.33,9.84,0.85567,-0.31848,-0.40793,0.33009,0.94293,-0.04379,2.66E+06,168,113.6,6.08,5166.782,-1.717,2.55E-01,11,0.304,7.71E+05,27.2,4.9,0.848,1377.8,1.97E-06
335380.5,4263042.5,459.1,2,27:04:19:11:52:46,561166,0.006,48.29,36.01,30.13,-0.79825,-0.45038,0.39994,0.29526,-0.87133,-0.39192,3.79E+06,137.6,94.9,7.36,4167.171,-1.614,2.90E-01,11,0.3051,1.09E+06,21.4,5.7,0.861,1400.2,2.91E-06
335437,4263052.8,430.8,2,27:04:19:11:54:50,561290,0.206,62.01,25.13,9.55,0.90853,-0.2079,-0.36244,0.21241,0.97678,-0.02784,5.01E+06,154.9,117.4,6.25,8980.994,-1.533,8.26E-01,11,0.3259,1.22E+06,18.8,4.2,0.883,1358.1,2.30E-06
335359.4,4263086.3,174,2,27:04:19:11:55:39,561339,0.2874,92.41,32.12,12.3,0.78557,-0.1985,-0.58606,0.22019,0.97483,-0.03502,1.89E+06,106.8,146.2,7.24,2183.321,-1.815,7.53E-02,10,0.2657,2.55E+06,19.7,2.3,0.633,1140.5,2.32E-06
335403.8,4263157.4,398.4,2,27:04:19:11:55:41,561341,0.332,110.81,87.72,34.99,-0.43311,-0.9008,0.03109,-0.80127,0.40059,0.44439,2.03E+06,119.7,159.7,6.46,3280.375,-1.796,1.23E-01,9,0.2599,2.36E+06,20,2.6,0.725,1344.5,2.13E-06
335293.1,4263180.3,354.5,2,27:04:19:11:55:42,561342,0.7162,101.71,84.27,13.34,0.79571,-0.29557,-0.52867,0.33537,0.94183,-0.02179,3.40E+06,100.8,97.8,8.76,2207.695,-1.646,1.34E-01,10,0.2922,2.93E+06,1.5,3.2,0.718,1342.1,2.11E-06
335315.7,4263053.6,383.6,2,27:04:19:11:57:46,561466,0.0325,137.78,125.08,24.17,0.31869,-0.91836,-0.23463,0.77981,0.39475,-0.48588,3.30E+06,148.7,96,7.1,4032.755,-1.654,2.43E-01,11,0.3102,1.10E+06,26.4,5.1,0.766,1349.5,2.26E-06
335298.6,4263143.4,401.9,2,27:04:19:11:57:58,561478,0.131,129.55,123.12,32.55,0.70732,0.64562,-0.28787,0.51679,-0.75014,-0.41258,2.98E+06,135.1,106,7.12,3615.359,-1.684,1.97E-01,11,0.3075,1.77E+06,14.6,2.9,0.831,1379.4,2.19E-06
335349.9,4263155.7,368.6,2,27:04:19:11:58:25,561505,0.4333,63.9,42.09,9.65,0.80346,-0.36695,-0.46883,0.38878,0.91977,-0.05363,3.11E+06,138.1,98.3,7.29,3517.165,-1.672,2.00E-01,10,0.2979,8.48E+05,19.9,3.2,0.713,1332.4,1.88E-06
335386.9,4263067.3,447.3,2,27:04:19:11:58:27,561507,0.6175,24.34,20.97,18.51,-0.62505,0.41463,0.66136,0.51096,-0.42319,0.74822,1.41E+07,243.6,166.6,4.17,85056.789,-1.233,2.21E+01,11,0.3398,3.65E+06,38.5,8.9,0.858,1388.1,2.25E-06
335362.3,4263123.7,471.3,2,27:04:19:11:58:33,561513,0.6355,89.47,49.59,42.79,0.44985,-0.80803,-0.38042,0.53258,0.58463,-0.61201,6.18E+06,145.3,138.6,6.03,12348.617,-1.473,1.40E+00,11,0.3076,1.42E+06,3.4,5.5,0.842,1422.2,2.97E-06
335334.2,4263120.2,388.6,2,27:04:19:11:58:53,561533,0.4254,59.67,50.98,9.65,0.84577,-0.25341,-0.46952,0.27484,0.9612,-0.02368,4.02E+06,141.8,107.6,6.89,5380.046,-1.598,3.94E-01,11,0.288,1.60E+06,17.1,4.7,0.736,1352.5,1.97E-06
335239.5,4263027.6,349.5,2,27:04:19:11:58:58,561538,0.231,132.38,80.73,24.55,-0.78214,-0.19904,0.59046,0.13782,-0.9794,-0.14758,2.68E+06,151.4,141.9,5.86,5811.998,-1.715,2.84E-01,11,0.2991,1.09E+06,4.7,3.4,0.641,1345.5,1.99E-06
335247.5,4263065,127.2,2,27:04:19:11:59:03,561543,0.9098,104.05,66.3,15.03,-0.61974,0.07863,0.78086,0.11801,0.99299,-0.00634,1.44E+06,150.4,128.5,6.39,2412.237,-1.895,5.86E-02,8,0.2559,1.57E+06,10.9,2.1,0.686,1143.5,2.30E-06
335355.5,4263032.3,441.9,2,27:04:19:11:59:53,561593,0.248,22.24,13.79,12.18,0.34006,-0.04148,0.93949,-0.14768,0.98428,0.09691,5.26E+06,143.2,98,7.09,6453.377,-1.519,6.30E-01,11,0.3145,1.33E+06,22.6,4.1,0.759,1390.8,2.16E-06
335385,4263062.7,425.9,2,27:04:19:11:59:57,561597,0.696,19.92,14.9,13.32,0.33351,-0.07893,0.93944,-0.46306,0.85429,0.23617,6.03E+06,228.3,145.9,4.6,27032.137,-1.48,3.02E+00,11,0.3508,1.56E+06,41.2,8.1,0.854,1368,3.02E-06
335402.8,4263047.3,414.3,2,27:04:19:12:00:01,561601,0.3185,16.63,15.83,12.93,-0.33751,0.12056,-0.93357,-0.62003,0.71776,0.31684,8.49E+06,165.5,132.6,5.7,20043.882,-1.381,3.15E+00,11,0.3141,2.21E+06,16.5,9.5,0.829,1351.1,2.56E-06
335373.9,4263070.8,428.2,2,27:04:19:12:00:28,561628,0.282,50.01,40.47,28.4,0.15066,0.07297,0.98589,-0.53537,0.8444,0.01932,8.80E+06,200.8,174.6,4.53,41414.755,-1.37,6.76E+00,11,0.3531,2.26E+06,13.1,7.6,0.741,1373.8,2.15E-06
335386.7,4263036.8,413.6,2,27:04:19:12:00:55,561655,0.1825,40.6,21.7,17.02,0.23359,-0.02525,0.97201,0.94885,-0.21247,-0.23354,3.70E+06,158.3,126.1,5.98,7585.792,-1.621,5.20E-01,11,0.303,1.11E+06,16.1,4.2,0.688,1354.7,2.26E-06
335273,4263134.6,338.7,2,27:04:19:12:01:09,561669,0.159,130.66,69.13,25.5,0.70511,-0.48627,-0.5161,0.4676,0.86601,-0.17712,3.29E+06,118.4,86.4,8.38,2444.529,-1.655,1.46E-01,11,0.2953,1.54E+06,16,3.7,0.796,1329.4,2.27E-06
335511.6,4263067.3,480.4,2,27:04:19:12:04:25,561865,0.2397,81.8,26.64,11.56,0.91864,-0.26881,-0.28954,0.2745,0.96135,-0.0216,2.37E+06,170.9,120.3,5.83,5228.914,-1.75,2.30E-01,11,0.322,7.16E+05,25.3,4.1,0.9,1390.4,2.09E-06
335350.6,4263103.7,446.9,2,27:04:19:12:04:37,561877,0.398,65.73,53.12,30.02,0.56022,-0.74566,-0.36076,0.69176,0.66072,-0.29141,1.06E+07,201.9,105.8,5.78,23871.134,-1.318,4.67E+00,11,0.3083,3.08E+06,48,8.6,0.905,1400.9,2.44E-06
335407.1,4263026.2,426.6,2,27:04:19:12:04:47,561887,0.889,60.45,37.75,17.81,-0.79984,-0.03741,0.59905,0.59903,0.0131,0.80062,2.83E+06,161.6,129.7,5.83,6248.064,-1.698,3.28E-01,11,0.2947,8.23E+05,16,3,0.71,1361,2.28E-06
335265.9,4263180.7,383.4,2,27:04:19:12:04:59,561899,0.093,215.55,173.76,38.17,0.69982,-0.48209,-0.52711,0.48072,0.86366,-0.15167,2.59E+06,109.6,105.3,8.1,2137.637,-1.724,9.91E-02,11,0.235,1.78E+06,2.2,3,0.786,1378.7,2.24E-06
335380,4263068,485.7,2,27:04:19:12:05:02,561902,0.0895,36.91,33.73,20.36,0.05802,-0.44296,-0.89466,0.4778,-0.77454,0.41447,1.66E+08,210.4,141.7,4.87,630954.569,-0.519,1.93E+03,11,0.3414,7.34E+07,34.4,14.6,0.821,1426.9,8.13E-06
335353.6,4263075.5,449.2,2,27:04:19:12:05:48,561948,0.9615,66.19,33.14,28.83,0.4108,-0.86383,-0.29162,0.05538,0.3429,-0.93774,9.85E+06,181,118.9,5.73,22931.047,-1.338,4.19E+00,11,0.3282,2.45E+06,31,5.8,0.863,1400.2,2.17E-06
335575.4,4263051.1,260.8,2,27:04:19:12:05:58,561958,0.1059,58.47,14.13,11.31,0.82243,-0.49116,-0.28701,0.45687,0.87089,-0.18118,1.61E+06,116.2,165.9,6.51,2550.547,-1.862,7.62E-02,10,0.2704,1.73E+06,24.9,2.1,0.612,1162.2,2.23E-06
335400.3,4263074,441.1,2,27:04:19:12:06:05,561965,0.067,76.67,58.36,17.02,-0.11306,-0.99217,-0.05312,-0.92038,0.08444,0.3818,6.68E+07,205.6,125.1,5.24,202624.359,-0.784,2.48E+02,11,0.3142,2.39E+07,40.2,14,0.867,1378.8,2.86E-06
335377,4263098.2,410.6,2,27:04:19:12:07:11,562031,0.9602,69.94,43.11,10.15,0.84814,-0.26564,-0.45836,0.28118,0.959,-0.03549,3.98E+06,146.4,117,6.45,6490.66,-1.6,4.80E-01,11,0.313,1.31E+06,14.7,5,0.784,1358,2.28E-06
335367.8,4263098.6,410,2,27:04:19:12:07:15,562035,0.751,79.87,45.83,23.88,0.58019,-0.7255,-0.37017,0.67665,0.68232,-0.27673,6.97E+06,188.7,109,5.87,15075.053,-1.438,1.95E+00,11,0.3468,2.09E+06,39.9,7.8,0.827,1360.2,2.65E-06
335341.2,4263056.1,310.5,2,27:04:19:12:07:22,562042,0.266,83.13,23.61,10.77,0.85902,-0.13015,-0.49511,0.14271,0.98968,-0.01256,1.69E+06,115,124.4,7.36,1847.082,-1.849,5.57E-02,9,0.2556,2.19E+06,4.7,2.2,0.79,1272.2,2.02E-06
335328.6,4263037.3,406.4,2,27:04:19:12:07:37,562057,0.5156,85.74,42.7,10.52,0.8842,-0.08684,-0.45896,0.09632,0.99535,-0.00276,2.97E+06,125,90.9,7.97,2569.662,-1.685,1.39E-01,11,0.3121,9.08E+05,17.1,2.9,0.693,1365.9,1.95E-06
335263,4263084.9,351.2,2,27:04:19:12:08:30,562110,0.6255,70.35,50.31,9.69,0.83348,-0.14003,-0.53452,0.16208,0.98676,-0.00578,2.34E+06,138.8,119.6,6.69,3419.286,-1.754,1.43E-01,11,0.3133,1.31E+06,9.6,2.8,0.635,1340.3,2.02E-06
335371.7,4263154,425.6,2,27:04:19:12:09:26,562166,0.0805,79.81,31.87,10.3,0.8005,-0.43031,-0.41717,0.4435,0.89349,-0.07062,2.31E+06,112.3,136.8,7.1,2825.849,-1.757,1.21E-01,11,0.283,1.97E+06,12.2,3.2,0.734,1379.2,2.08E-06
335396,4263056,449.9,2,27:04:19:12:10:02,562202,0.2745,40.58,32.6,19.6,0.09492,0.09474,0.99097,0.72945,-0.68402,-0.00448,6.19E+06,176.1,154.8,5.15,19871.916,-1.472,2.26E+00,11,0.3281,1.65E+06,10.7,6.1,0.784,1387.5,2.30E-06
335301.7,4263148.7,333.4,2,27:04:19:12:10:05,562205,0.8025,68.01,27.42,9.69,0.79912,-0.29502,-0.5238,0.32084,0.94614,-0.0434,2.89E+06,128,141.2,6.57,4457.241,-1.693,2.30E-01,11,0.2908,1.63E+06,6.6,2.7,0.542,1315.3,1.94E-06
335418.6,4263086.6,333.9,2,27:04:19:12:10:22,562222,0.6807,60.14,23.51,9.99,0.86217,-0.2776,-0.42379,0.28645,0.95708,-0.04415,7.24E+06,187.3,116.3,5.75,16671.254,-1.427,2.20E+00,11,0.3089,3.11E+06,35.5,6.4,0.842,1271.8,2.43E-06
335244.8,4263033.6,355.6,2,27:04:19:12:14:16,562456,0.1193,358.2,167.53,54.27,-0.74317,-0.16848,0.64754,0.01969,-0.97287,-0.23052,3.79E+06,126.9,132.8,6.76,5361.06,-1.615,3.63E-01,11,0.3005,1.04E+06,2.9,3.4,0.578,1349.1,2.21E-06
335380.8,4263087.1,442.2,2,27:04:19:12:22:35,562955,0.394,63.49,37.51,29.67,0.32058,-0.90711,-0.27273,0.73709,0.41974,-0.52965,5.63E+06,153.1,131.8,5.97,11574.203,-1.5,1.21E+00,11,0.3343,1.49E+06,10.7,7,0.834,1386.2,2.15E-06
335460.7,4263039.5,457.5,2,27:04:19:12:25:11,563111,0.5912,69.43,20.06,9.58,0.92202,-0.17964,-0.34295,0.18218,0.98295,-0.02509,2.31E+06,124,151.9,6.42,3816.928,-1.757,1.62E-01,11,0.2862,4.27E+06,13.9,3.3,0.74,1377.7,2.20E-06
335442.8,4263025.1,442.1,2,27:04:19:12:25:32,563132,0.1173,65.16,12.98,9.62,0.93915,-0.11527,-0.32359,0.11623,0.99309,-0.01642,1.89E+06,123.5,124.1,6.94,2464.901,-1.816,8.54E-02,11,0.2482,1.94E+07,0.3,2.8,0.743,1366.7,2.23E-06
335375,4263058.1,456.5,2,27:04:19:12:26:47,563207,0.1635,30.74,24.84,17.55,0.11116,0.09096,0.98963,0.69946,-0.71455,-0.01289,9.77E+06,199.8,156.9,4.77,39461.461,-1.34,7.08E+00,11,0.3225,2.24E+06,21.4,6.4,0.75,1399.9,2.16E-06
335407.9,4263040.5,460.2,2,27:04:19:12:28:05,563285,0.58,28.93,26.61,11.48,-0.09369,0.20989,0.97322,0.81975,-0.53849,0.19505,2.46E+06,148,107.6,6.67,3628.978,-1.739,1.64E-01,11,0.2716,1.44E+06,20.2,5.1,0.856,1393.5,2.22E-06
335342.4,4263063.6,395.2,2,27:04:19:12:28:07,563287,0.2612,59.55,21.23,9.65,0.87564,-0.16051,-0.45551,0.17059,0.98515,-0.01922,1.04E+07,205.1,134.6,5.1,34259.28,-1.322,6.51E+00,11,0.3382,4.47E+06,35.2,11,0.89,1352,2.29E-06
335325,4263048.6,388.3,2,27:04:19:12:36:04,563764,0.6863,77.2,45.99,10.41,0.87422,-0.1183,-0.4709,0.12867,0.99163,-0.01025,2.68E+06,103,133.7,7.65,2612.673,-1.715,1.28E-01,9,0.264,2.16E+06,15.4,2.6,0.731,1350.5,2.06E-06
335372,4263033.1,422.2,2,27:04:19:13:18:27,566307,0.6315,26.66,18.99,15.92,-0.82455,0.07172,0.56122,0.54677,-0.15398,0.823,9.73E+06,193.2,141.8,5.08,32419.767,-1.341,5.85E+00,11,0.3263,3.30E+06,25.7,7.8,0.795,1367.1,3.15E-06
335232.1,4263126.5,381.4,2,27:04:19:13:35:20,567320,0.0746,69.67,32.04,9.68,0.81389,-0.19501,-0.54731,0.2237,0.97455,-0.01457,2.39E+06,129.2,119.1,6.98,3067.552,-1.748,1.31E-01,7,0.2337,1.79E+06,4.9,2.8,0.761,1383.6,2.32E-06
335250.8,4263084.7,370.3,2,27:04:19:13:36:47,567407,0.851,120.44,31.23,23.93,0.78101,-0.26889,-0.56366,0.21362,0.96314,-0.16347,3.89E+06,138.1,115.8,6.81,5401.197,-1.607,3.76E-01,10,0.2964,1.03E+06,11.2,5.5,0.872,1362.7,2.57E-06
335405,4263097.2,216.6,2,27:04:19:13:38:40,567520,0.4862,59.99,27.68,9.53,0.8443,-0.29136,-0.44974,0.30529,0.95128,-0.04316,1.87E+06,134.5,152.1,6.14,3538.871,-1.819,1.21E-01,10,0.2646,1.18E+06,8.8,2.7,0.863,1165.5,2.85E-06
335316.4,4263067,385.2,2,27:04:19:13:39:49,567589,0.162,98.56,67.91,26.99,0.85355,-0.20009,-0.48107,0.20134,0.97826,-0.04966,4.27E+06,152.8,150.7,5.71,10066.97,-1.579,7.85E-01,11,0.3253,1.33E+06,1.1,5.1,0.765,1351.4,3.47E-06
335359.1,4263044,386.6,2,27:04:19:13:43:37,567817,0.8752,69.53,53.24,11.58,0.88685,-0.11792,-0.44676,0.12709,0.99185,-0.00951,3.48E+06,149.2,116.2,6.47,5634.203,-1.639,3.58E-01,10,0.3257,1.64E+06,16.5,5.1,0.627,1337.5,3.23E-06
335315.1,4263070,381.9,2,27:04:19:13:45:26,567926,0.1195,128.93,114.9,25.85,0.53049,-0.76033,-0.3748,0.68482,0.64499,-0.33914,4.11E+06,123.1,91.8,8,3516.486,-1.591,2.64E-01,11,0.3097,4.18E+06,15.7,4.1,0.847,1348.8,2.54E-06
335274.2,4263165.3,370.6,2,27:04:19:13:46:04,567964,0.6555,159.95,153.57,33.52,-0.60927,-0.75816,0.23233,0.57386,-0.62378,-0.53064,3.20E+06,82.8,108.2,9.56,1598.265,-1.664,9.14E-02,8,0.2576,8.32E+06,12.6,2.2,0.644,1361.8,2.31E-06
335285.5,4263028.9,414.9,2,27:04:19:13:47:23,568043,0.3995,166.61,133.38,41.34,-0.80865,0.0749,0.5835,-0.04191,-0.99668,0.06986,4.10E+06,118,92,8.17,3285.352,-1.591,2.46E-01,10,0.3111,3.06E+06,13,3.4,0.811,1388.4,2.54E-06
335345.7,4263121.3,350.6,2,27:04:19:13:47:25,568045,0.583,82.78,36.79,19.51,0.55398,-0.72263,-0.4134,0.65961,0.68395,-0.31164,9.07E+06,159.3,114.4,6.33,15619.691,-1.362,2.53E+00,11,0.322,2.92E+06,22.4,9.9,0.853,1313.1,3.31E-06
335301.8,4263113.1,390.7,2,27:04:19:13:47:45,568065,0.916,138.08,120.79,39.68,-0.06266,-0.99426,-0.08672,-0.88331,0.0148,0.46856,2.37E+06,132.3,118.3,6.86,3218.265,-1.75,1.39E-01,9,0.2561,9.87E+05,7,2.6,0.808,1364.8,2.76E-06
335380.2,4263116.7,447.3,2,27:04:19:13:47:52,568072,0.535,101.61,55.02,41.31,0.33109,-0.89132,-0.30971,0.77547,0.44403,-0.44887,2.76E+06,127.6,116,7,3528.351,-1.706,1.81E-01,10,0.279,4.78E+06,5.8,4.2,0.875,1393.5,2.22E-06
335423.4,4263109.2,385.2,2,27:04:19:13:48:05,568085,0.5843,76.87,34.85,11.4,0.84434,-0.38583,-0.37179,0.39139,0.91801,-0.06383,2.16E+06,119.9,168.6,6.34,3711.384,-1.776,1.49E-01,5,0.2184,3.51E+06,23.7,2,0.792,1321.4,2.48E-06
335353.5,4263090.9,372.4,2,27:04:19:13:48:15,568095,0.0677,61.63,24.9,9.65,0.85796,-0.23432,-0.45717,0.24673,0.96851,-0.03337,2.54E+06,146.6,148.9,5.88,5471.263,-1.73,2.54E-01,11,0.2981,2.06E+06,1.2,3.7,0.702,1328.5,2.49E-06
335308.2,4263081,353.1,2,27:04:19:13:48:17,568097,0.4684,62.71,23.59,9.71,0.84729,-0.16175,-0.5059,0.1788,0.98377,-0.01507,2.21E+06,153,117.5,6.39,3699.178,-1.771,1.46E-01,10,0.2684,2.95E+06,17.8,3.4,0.802,1325.1,2.35E-06
335364,4263142.4,340.6,2,27:04:19:13:48:49,568129,0.9454,62.49,23.61,9.73,0.80054,-0.3596,-0.4794,0.37596,0.92432,-0.06553,3.21E+06,144,131,6.3,5610.486,-1.662,3.22E-01,10,0.308,2.63E+06,6.5,3.4,0.827,1300,2.46E-06
335396.3,4263063.6,412.1,2,27:04:19:13:48:53,568133,0.4685,66.09,31.75,28.72,0.53061,-0.77215,-0.34962,0.32152,0.565,-0.75987,1.90E+06,125.2,124.6,6.87,2563.82,-1.814,9.04E-02,8,0.2703,1.14E+06,0.3,3.1,0.792,1351.5,2.52E-06
335354.3,4263068.1,451.6,2,27:04:19:13:49:21,568161,0.5565,68.92,35.73,23.88,0.70342,-0.5743,-0.41877,0.52199,0.8173,-0.24404,2.06E+07,151.9,100,6.82,28412.508,-1.125,1.08E+01,11,0.2891,5.79E+06,25.9,13.8,0.907,1401.9,3.03E-06
335354.3,4263134.2,435.9,2,27:04:19:13:49:22,568162,0.809,231.99,54.5,24.19,0.31513,-0.8786,-0.35882,0.77218,0.45718,-0.44128,nan,nan,nan,nan,nan,nan,nan,0,nan,nan,nan,2.4,0.77,1392,4.71E-06
335365.5,4263051.8,356.2,2,27:04:19:13:49:53,568193,0.2098,58.57,26.81,9.66,0.88148,-0.14065,-0.45078,0.15024,0.98854,-0.01465,4.07E+06,156,158.9,5.52,10587.779,-1.594,7.86E-01,11,0.3141,1.67E+06,1.4,3.9,0.743,1307,2.41E-06
335360.8,4263149.2,393.6,2,27:04:19:13:50:09,568209,0.286,159.71,92.28,27.8,0.52854,-0.73183,-0.43019,0.70274,0.66149,-0.26189,5.91E+06,189.6,89.5,6.6,8992.484,-1.486,9.70E-01,11,0.332,3.05E+06,50,5.3,0.836,1351.7,2.55E-06
335321.2,4263089.2,427.8,2,27:04:19:13:50:54,568254,0.7738,110.29,52.95,13.88,0.86189,-0.21012,-0.46151,0.22361,0.97433,-0.026,1.34E+06,141,152.6,5.96,2770.193,-1.914,6.79E-02,10,0.2522,1.46E+07,5.8,2.3,0.683,1391.1,2.03E-06
335389,4263134.6,412.3,2,27:04:19:13:51:10,568270,0.3757,77.76,44.21,10.24,0.8529,-0.32196,-0.41098,0.34175,0.93941,-0.02669,2.46E+06,111.4,176.2,6.58,3773.661,-1.739,1.72E-01,8,0.2637,3.46E+06,32.2,2.4,0.803,1359.4,2.31E-06
335190.2,4263103.1,202.8,2,27:04:19:13:52:48,568368,0.7471,101.22,69.32,12.69,-0.61108,0.09758,0.78553,0.15116,0.9885,-0.0052,2.19E+06,120,134.1,7.21,2557.86,-1.772,9.39E-02,11,0.263,2.43E+06,7.1,2.1,0.674,1239.8,2.63E-06
335219.5,4263124.7,152.8,2,27:04:19:13:53:18,568398,0.3504,97.7,25.14,15.71,-0.59773,0.13105,0.79092,0.17365,0.98429,-0.03186,4.60E+06,55.7,128.8,12.52,1025.227,-1.558,7.96E-02,8,0.2683,2.91E+07,36.5,2,0.539,1184.3,2.49E-06
335358.3,4263073.8,462.5,2,27:04:19:13:53:38,568418,0.0975,44.34,36.71,32.08,0.51642,-0.63797,-0.57122,-0.30111,0.48917,-0.81856,4.04E+06,162.4,120.5,6.02,8127.03,-1.596,6.09E-01,10,0.3221,2.05E+06,20.9,6.1,0.875,1411.3,2.74E-06
335339,4263099.3,376.4,2,27:04:19:13:54:25,568465,0.427,242.81,120.26,30.34,-0.12394,-0.992,0.02408,0.90248,-0.12278,-0.41286,1.72E+06,133.8,117,6.85,2345.108,-1.842,7.38E-02,9,0.2503,4.44E+06,8.4,2.2,0.658,1337.6,2.34E-06
335362.4,4263058.8,403.7,2,27:04:19:13:54:30,568470,0.8075,31.93,27.77,22.14,-0.31928,0.48292,0.81538,0.51955,-0.63038,0.57679,2.27E+07,165.4,140.4,5.56,57817.928,-1.096,2.43E+01,11,0.3326,5.48E+06,12.5,11.8,0.902,1353.4,2.49E-06
335437.9,4263021.7,460.4,2,27:04:19:13:54:55,568495,0.5089,82.31,20.71,10.13,0.93187,-0.07771,-0.35436,0.08257,0.99658,-0.0014,1.73E+06,143,111,6.69,2524.553,-1.841,8.03E-02,8,0.2613,2.94E+06,15.9,2.4,0.734,1385.5,2.46E-06
335294.6,4263137.6,339.6,2,27:04:19:13:56:45,568605,0.1177,65.7,17.29,9.69,0.81332,-0.24961,-0.52556,0.27324,0.96135,-0.03373,1.97E+06,127.1,103.1,7.5,2035.942,-1.804,7.16E-02,8,0.2688,1.72E+06,11.9,2.3,0.629,1322.5,2.27E-06
335396.7,4263049.1,450.8,2,27:04:19:13:58:01,568681,0.725,32.91,19.77,15.79,0.77136,-0.49391,-0.40131,0.36574,-0.172,0.91469,4.90E+07,240.8,136.4,4.65,213326.252,-0.873,1.92E+02,11,0.3313,1.90E+07,52.1,13.9,0.881,1387.9,2.60E-06
335357.2,4263078.7,446.8,2,27:04:19:13:58:24,568704,0.1995,53.2,32.79,26.65,0.71402,-0.55846,-0.42226,0.48065,0.82953,-0.28434,1.20E+07,231.1,118.1,5.12,39126.578,-1.28,8.73E+00,11,0.3197,4.02E+06,56.5,9.9,0.861,1397,2.44E-06
335390.4,4263041.8,449.8,2,27:04:19:14:00:26,568826,0.8535,67.58,49.09,27.95,-0.49359,-0.85351,0.16699,0.74776,-0.51454,-0.41964,2.92E+06,113.6,122.6,7.34,3222.028,-1.69,1.73E-01,9,0.2361,4.05E+06,4.5,4.2,0.789,1388.4,3.22E-06
335398.7,4262998.8,453.5,2,27:04:19:14:00:43,568843,0.721,41.56,26.37,19,-0.59749,-0.69798,0.39474,0.32465,0.23956,0.91499,2.51E+06,122.7,98.5,7.68,2425.257,-1.733,1.12E-01,9,0.2932,7.84E+05,12.1,2.6,0.738,1388.8,2.82E-06
335429.3,4263021.7,381,2,27:04:19:14:00:56,568856,0.2165,211.49,27.22,16.24,-0.26538,0.02043,-0.96393,-0.93558,-0.24703,0.25234,1.55E+06,148.6,122.5,6.27,2744.235,-1.874,7.87E-02,7,0.2134,6.18E+06,12.7,2.1,0.761,1311,2.54E-06
335361,4263070.4,395.2,2,27:04:19:14:01:19,568879,0.9605,152.16,130.48,32.46,0.64566,-0.70542,-0.29243,0.64512,0.70878,-0.2854,1.81E+06,189.8,127.1,5.46,4846.916,-1.829,1.60E-01,10,0.252,1.04E+06,31.3,3.1,0.779,1346.3,2.74E-06
335252.7,4263080.8,340.2,2,27:04:19:14:01:31,568891,0.3095,126.79,103.65,26.3,-0.83915,-0.00544,0.54388,0.03933,0.99672,0.07066,2.49E+06,146.3,107.6,6.76,3533.592,-1.736,1.60E-01,11,0.2923,1.75E+06,19.4,4.2,0.842,1334.1,2.68E-06
335393.9,4263103.9,456.6,2,27:04:19:14:02:40,568960,0.7205,76.83,44.79,10.75,0.88393,-0.25757,-0.39028,0.27251,0.96199,-0.01769,2.16E+06,108.8,118.8,7.63,2124.779,-1.777,8.43E-02,9,0.2813,4.94E+06,5,2.5,0.81,1397.5,2.20E-06
335413,4263034.2,333,2,27:04:19:14:03:18,568998,0.2107,59.98,29.85,9.68,0.89818,-0.1185,-0.42336,0.12513,0.99207,-0.01222,6.04E+06,170.7,108.4,6.24,10898.919,-1.479,1.20E+00,11,0.3493,2.64E+06,31.1,5.7,0.815,1269.8,2.10E-06
335387.1,4263062.3,400.7,2,27:04:19:14:05:10,569110,0.1845,17.26,16.36,14.44,0.45447,-0.08739,0.88647,-0.53674,0.76735,0.35082,5.47E+06,201.5,160.9,4.69,23240.635,-1.508,2.36E+00,11,0.3259,1.37E+06,20.3,7.1,0.781,1343.3,2.19E-06
335379.6,4263053.6,407.9,2,27:04:19:14:06:53,569213,0.0485,45.64,27.1,25.45,0.70505,-0.52318,-0.47873,0.2043,0.7963,-0.56936,3.11E+07,226.5,137.7,4.76,126112.472,-1.005,7.28E+01,11,0.3244,9.32E+06,44.4,8.8,0.811,1351.9,2.33E-06
335330,4263015.3,471.7,2,27:04:19:14:09:16,569356,0.284,65.42,27.04,23.79,-0.88177,-0.20602,0.42431,0.38355,0.2104,0.89923,1.84E+06,189.9,124,5.47,4921.024,-1.823,1.68E-01,11,0.303,2.18E+06,32.9,3.6,0.829,1426.7,3.70E-06
335391.7,4263043.7,439.9,2,27:04:19:14:10:07,569407,0.8385,31.35,25.12,18.1,-0.77064,0.22038,0.59795,0.58231,-0.13767,0.80123,2.14E+07,203.2,126,5.26,64401.994,-1.114,2.53E+01,11,0.3396,6.40E+06,38.6,10,0.909,1378.7,2.30E-06
335533.4,4263100.2,383.1,2,27:04:19:14:12:05,569525,0.0344,44.34,12.68,9.1,0.77148,-0.55598,-0.30935,0.24114,-0.19443,0.95081,2.32E+06,145.1,109.2,6.7,3382.563,-1.756,1.44E-01,10,0.2875,5.59E+05,17.9,2.9,0.701,1293.2,5.67E-06
335406,4263036.6,416.2,2,27:04:19:14:16:46,569806,0.9652,113.42,29.84,14.67,0.91358,-0.12293,-0.38764,0.12837,0.99165,-0.01194,2.40E+06,111.7,101.3,8,2047.775,-1.747,9.10E-02,9,0.3047,3.64E+06,5.2,2.6,0.678,1351.7,2.28E-06
335358.5,4263110.6,394.1,2,27:04:19:14:17:37,569857,0.477,99.52,38.16,31.25,0.54995,-0.72484,-0.41491,0.52989,0.68681,-0.4975,5.10E+06,148,160.9,5.67,12220.676,-1.528,1.14E+00,11,0.339,1.65E+06,6.5,4,0.819,1349,2.63E-06
335358.7,4263064.4,470.8,2,27:04:19:14:20:57,570057,0.8195,65.82,37.62,25.31,0.74523,-0.53107,-0.40323,0.49435,0.84585,-0.20038,9.57E+07,152.6,96.3,6.94,125549.18,-0.679,2.21E+02,11,0.2744,2.41E+07,28.2,19.4,0.882,1418.6,3.08E-06
335344.6,4262979.1,351.2,2,27:04:19:14:25:42,570342,0.5933,67.55,39.35,9.65,0.8857,0.04872,-0.46169,-0.04536,0.9988,0.01837,2.29E+06,147.3,122.1,6.37,3876.834,-1.76,1.62E-01,11,0.2675,2.57E+06,12.6,3.2,0.74,1307.9,2.78E-06
335390.7,4263055.1,345.1,2,27:04:19:14:26:54,570414,0.7355,64.01,43.5,19.11,0.35356,-0.88976,-0.28864,0.80451,0.44668,-0.39145,2.80E+06,156.6,93.8,7.01,3556.224,-1.702,1.82E-01,11,0.302,1.30E+06,31.4,4.1,0.784,1288.8,2.32E-06
335458.7,4263028.1,338.7,2,27:04:19:14:28:49,570529,0.8225,414.27,330.45,65.43,0.55441,-0.81097,-0.18698,0.77719,0.58486,-0.23219,2.08E+06,115.3,99.6,7.92,1837.339,-1.787,7.10E-02,10,0.2362,2.70E+06,7.8,2.2,0.627,1262.7,2.45E-06
335306.1,4263035.1,399.3,2,27:04:19:14:33:00,570780,0.0465,262.43,144.69,36.65,-0.29252,-0.95352,0.07232,0.88188,-0.29824,-0.36517,6.79E+06,152.4,118.8,6.33,11728.623,-1.445,1.45E+00,11,0.2949,2.04E+06,16.8,4.9,0.792,1366.8,2.54E-06
335501.1,4263073.3,391.8,2,27:04:19:14:36:19,570979,0.3206,64.32,17.45,12.36,0.86516,-0.3797,-0.3276,0.37134,0.92409,-0.0904,3.60E+06,163.7,139.8,5.6,8946.13,-1.629,5.91E-01,10,0.2993,8.92E+05,11.9,4,0.805,1306.3,2.86E-06
335342.4,4263138.7,317,2,27:04:19:14:39:49,571189,0.723,100.05,60.09,26.07,0.58823,-0.66327,-0.46266,0.62586,0.73569,-0.25895,6.39E+06,162.6,129.8,5.91,13558.704,-1.463,1.55E+00,11,0.3335,2.76E+06,16.4,4.2,0.731,1284.7,3.39E-06
335396.5,4263057.3,387.2,2,27:04:19:14:42:13,571333,0.8315,34.88,20.5,17.49,0.54233,-0.74572,-0.38701,0.17991,-0.34687,0.9205,3.60E+07,180.8,147.2,5.18,113248.823,-0.963,7.56E+01,11,0.3155,9.69E+06,16.8,11.1,0.824,1327.3,3.42E-06
335258.7,4263055.3,328.1,2,27:04:19:14:45:26,571526,0.92,64.58,54.32,9.5,0.85793,-0.09824,-0.50429,0.11295,0.9936,-0.0014,2.33E+06,145.7,129.2,6.24,4204.917,-1.755,1.79E-01,11,0.2723,2.57E+06,8.2,3,0.67,1319.1,2.33E-06
335053.3,4263074.1,112.7,2,27:04:19:14:50:09,571809,0.1487,98.92,22.48,16.39,-0.46777,0.05328,0.88224,0.09269,0.99563,-0.01099,3.14E+06,95.8,90.4,9.47,1616.623,-1.669,8.76E-02,9,0.2744,2.46E+06,2.7,2.3,0.615,1234.9,2.17E-06
335374.7,4263105.8,378.9,2,27:04:19:15:12:04,573124,0.187,113.33,83.8,17.61,0.66441,-0.62497,-0.40984,0.60594,0.77147,-0.19411,2.78E+06,142.9,115.2,6.64,4140.86,-1.704,2.10E-01,11,0.3116,4.21E+06,13.8,4.3,0.774,1329.2,2.35E-06
335230.6,4263025.9,340.4,2,27:04:19:15:17:52,573472,0.0262,59.46,43.29,9.49,0.85589,-0.05053,-0.51468,0.05943,0.99823,0.00082,5.73E+06,137.9,117.2,6.71,8288.093,-1.494,8.65E-01,11,0.3035,1.87E+06,10.3,4.8,0.825,1340.7,2.77E-06
335314.2,4263095.6,326.1,2,27:04:19:15:19:24,573564,0.2735,128.57,87.3,23.17,0.83409,-0.18354,-0.52019,0.2046,0.97869,-0.01726,3.03E+06,125.3,98.2,7.73,2871.639,-1.679,1.56E-01,11,0.2837,1.74E+06,13.6,4.4,0.75,1298.9,2.38E-06
335403.3,4263201.9,128.1,2,27:04:19:15:21:08,573668,0.5685,61.98,51.47,12.37,0.74017,-0.35707,-0.56978,0.41767,0.90821,-0.02659,1.74E+06,147.1,105.9,6.93,2277.179,-1.84,6.90E-02,10,0.2817,2.78E+06,20.6,2.4,0.693,1098.1,2.95E-06
335443.9,4263103.8,463.5,2,27:04:19:15:25:19,573919,0.5739,68.04,14.35,11.93,0.84722,-0.39431,-0.35601,0.37294,0.9187,-0.13004,2.03E+06,135.5,121.8,6.62,3055.725,-1.795,1.14E-01,11,0.2853,2.12E+06,6.9,3.8,0.854,1391.1,2.09E-06
335497.2,4263002.4,484.4,2,27:04:19:15:25:51,573951,0.5382,73.49,11.82,9.45,0.95591,-0.02655,-0.29246,0.03045,0.9995,0.00879,1.94E+06,122.3,170,6.21,3558.661,-1.807,1.29E-01,9,0.2723,1.19E+06,23.8,2.5,0.702,1395.2,2.25E-06
335278.4,4263136.1,375.4,2,27:04:19:15:29:28,574168,0.612,106.51,53.68,30.49,0.70557,-0.52579,-0.4751,0.49554,0.84534,-0.19959,2.84E+06,121.6,122.6,7.16,3392.287,-1.697,1.73E-01,10,0.2848,2.11E+06,0.5,4.8,0.86,1361.3,2.68E-06
335410.7,4263059,360.3,2,27:04:19:15:30:11,574211,0.41,54.95,35.12,21.46,0.52515,-0.77613,-0.34905,0.70304,0.62679,-0.33595,1.26E+07,218,133.9,4.97,45154.6,-1.265,1.04E+01,11,0.3391,4.07E+06,42,7.6,0.848,1297.7,3.59E-06
335480.2,4263057.2,392.1,2,27:04:19:15:31:29,574289,0.4215,83.75,34.81,13.99,0.8974,-0.28,-0.34098,0.28205,0.95836,-0.04465,4.05E+06,154,135.3,5.89,8694.234,-1.595,6.47E-01,11,0.3006,1.02E+06,9.3,4,0.883,1310.3,2.24E-06
335399.5,4263043.2,371,2,27:04:19:15:34:36,574476,0.9005,22.27,20.06,18.83,-0.12664,0.0824,0.98852,0.22006,0.97405,-0.053,5.47E+06,195.4,134.1,5.24,16631.952,-1.508,1.66E+00,11,0.3294,1.75E+06,30.6,7.4,0.759,1310.4,1.98E-06
335348.8,4263081.7,355.1,2,27:04:19:15:49:32,575372,0.6246,61,44.96,9.65,0.86218,-0.20271,-0.46427,0.21674,0.97594,-0.02363,4.48E+06,155.3,134.1,5.93,9389.159,-1.566,7.68E-01,11,0.294,1.20E+06,10.6,3.5,0.798,1313.1,2.27E-06
335361.8,4262989,450.3,2,27:04:19:15:52:50,575570,0.556,90.25,16.85,10.96,0.91373,0.01737,-0.40595,-0.0126,0.99982,0.01442,3.43E+06,89.2,98,9.28,1875.337,-1.643,1.19E-01,9,0.3008,6.14E+06,4.3,2.4,0.682,1396.4,2.29E-06
335261.1,4263155.1,360.6,2,27:04:19:15:59:16,575956,0.721,140.78,61.95,29.12,0.67565,-0.54166,-0.5001,0.50854,0.83356,-0.21577,8.28E+06,147.9,94.2,7.24,9546.827,-1.388,1.41E+00,11,0.3192,1.99E+06,26.9,6.8,0.757,1356.3,2.60E-06
335215.5,4263146.8,377,2,27:04:19:16:26:33,577593,0.1657,64.98,22.4,9.49,0.81403,-0.25637,-0.52118,0.28083,0.95918,-0.0332,2.51E+06,130.5,122.8,6.79,3494.598,-1.734,1.59E-01,10,0.2781,2.40E+06,3.8,3.4,0.711,1388.4,2.19E-06
335359.2,4263069.9,436.4,2,27:04:19:16:28:35,577715,0.5185,93.89,34.8,20.69,0.65735,-0.61808,-0.43112,0.56028,0.78344,-0.26892,9.02E+06,154.8,110.4,6.43,14833.306,-1.363,2.48E+00,11,0.3061,2.42E+06,22.2,10.2,0.872,1386,3.40E-06
335342.1,4263103.4,446.4,2,27:04:19:17:50:39,582639,0.0595,104.18,39.79,20.93,0.50183,-0.78246,-0.36867,0.7081,0.61642,-0.34442,3.46E+06,150.4,110.5,6.53,5442.456,-1.64,3.49E-01,11,0.3186,2.55E+06,20,4.9,0.787,1403.1,2.49E-06
335403.1,4263039.5,486.6,2,27:04:19:17:50:57,582657,0.6365,16.04,15.33,10.55,0.44689,-0.5745,-0.68574,-0.56753,0.41047,-0.71374,4.82E+06,171.6,118.5,5.9,10265.86,-1.545,9.08E-01,11,0.3163,1.53E+06,26.6,6.7,0.876,1420.2,2.77E-06
335267.9,4263076.8,368.9,2,27:04:19:17:51:03,582663,0.0686,72.47,37.81,9.69,0.83705,-0.15425,-0.52493,0.17018,0.98525,-0.01814,1.26E+06,196,117.7,5.63,3090.795,-1.933,6.97E-02,7,0.2639,1.57E+06,38.2,2,0.643,1354.3,2.24E-06
335452.2,4263074.1,195.7,2,27:04:19:18:25:36,584736,0.132,74.37,13.99,10.45,0.86014,-0.29349,-0.41715,0.28852,0.95441,-0.07656,1.18E+06,160.8,133.5,5.82,2615.74,-1.953,5.60E-02,10,0.3013,1.61E+06,13.7,2.1,0.636,1129.3,2.37E-06
335316.9,4263173.3,440.2,2,27:04:19:18:26:35,584795,0.2988,71.5,37.73,10.12,0.80845,-0.37908,-0.45023,0.40145,0.91456,-0.04918,2.93E+06,118,94.7,7.99,2509.798,-1.689,1.36E-01,11,0.2674,2.21E+06,11.7,2.7,0.822,1412.5,2.09E-06
335357.6,4263079.1,466.9,2,27:04:19:20:12:49,591169,0.6345,61.79,24.25,21.58,0.53971,-0.75108,-0.38026,0.00788,0.45618,-0.88985,1.11E+07,172,129.9,5.64,27121.524,-1.303,5.53E+00,11,0.3212,2.51E+06,21,5.4,0.827,1416,3.03E-06
335457.9,4263083.9,494.3,2,27:04:19:20:37:26,592646,0.7002,54.52,9.64,8.96,0.86557,-0.36462,-0.34327,0.2414,-0.29678,0.92393,4.44E+06,79.3,91.7,10.29,1786.715,-1.568,1.45E-01,8,0.2863,2.96E+06,6.1,2.3,0.788,1416.2,2.16E-06
335363.2,4263019.7,469.3,2,28:04:19:09:19:48,638388,0.2506,79.84,26,10.06,0.91678,-0.05561,-0.39551,0.06116,0.99813,0.00144,8.48E+06,69.4,66.3,12.61,1848.673,-1.381,2.88E-01,8,0.2726,5.80E+06,1.6,2.6,0.772,1414.3,4.06E-06
335533.6,4263031.6,527.6,2,28:04:19:09:20:57,638457,0.5697,56.17,8.83,6.67,0.93298,-0.30723,-0.18751,0.18658,-0.03269,0.9819,7.56E+06,73.6,85.7,10.67,2723.605,-1.414,4.07E-01,7,0.2689,6.57E+06,5.9,2.8,0.767,1431.3,4.51E-06
335312.5,4263085.5,360.7,2,28:04:19:09:25:14,638714,0.734,67.93,25.21,9.71,0.84333,-0.19565,-0.50051,0.20972,0.97734,-0.02867,2.37E+06,147.5,136.4,6.11,4550.878,-1.75,1.93E-01,10,0.2361,1.98E+06,5.5,2.1,0.659,1331,3.15E-06
335352.9,4263109,448.9,2,28:04:19:09:25:58,638758,0.2515,61.37,49.87,28.58,-0.47352,0.68873,0.54902,-0.43932,0.35557,-0.82497,1.27E+07,170.5,107.1,6.22,23096.224,-1.264,5.44E+00,11,0.3517,2.98E+06,31.7,7.7,0.865,1402.5,3.96E-06
335323.2,4263057.6,405.3,2,28:04:19:09:26:07,638767,0.0634,69.75,38.7,9.65,0.8773,-0.12532,-0.4633,0.13768,0.99045,-0.00721,1.88E+06,125.2,165.6,6.26,3351.662,-1.818,1.15E-01,8,0.2483,1.90E+06,20.2,2,0.706,1367.4,3.10E-06
335291.9,4263068.2,404,2,28:04:19:09:26:08,638768,0.5755,103.48,90.03,24.39,-0.84986,-0.22258,0.4777,0.15852,-0.97242,-0.17108,3.09E+06,137.9,126,6.52,4865.124,-1.674,2.74E-01,11,0.2879,1.14E+06,6,3.9,0.849,1377.5,3.03E-06
335373.3,4263069.4,435.3,2,28:04:19:09:26:37,638797,0.9155,27.34,24.41,16.9,-0.26761,0.53363,0.80226,0.53124,-0.61293,0.5849,5.74E+06,169,135.7,5.58,14479.438,-1.494,1.54E+00,11,0.3211,1.48E+06,16.7,7.2,0.837,1380.7,3.42E-06
335309.4,4263111.3,418.9,2,28:04:19:09:27:01,638821,0.416,105.54,84.15,24.7,0.70659,-0.53168,-0.46695,0.5156,0.8388,-0.17487,3.99E+06,151.5,126.7,6.17,7437.025,-1.599,5.42E-01,11,0.3022,1.30E+06,12.4,5.6,0.915,1388.4,3.07E-06
335318,4263074.4,420.7,2,28:04:19:09:27:43,638863,0.0175,91.09,33.95,24.64,0.76749,-0.43089,-0.47465,0.37994,0.9021,-0.20459,3.38E+06,138.2,121.1,6.63,5082.003,-1.647,3.13E-01,11,0.3337,2.04E+06,8.6,4.7,0.736,1384.5,2.87E-06
335323.5,4263029.5,418.9,2,28:04:19:09:28:11,638891,0.6622,65.52,14.76,9.65,0.88548,-0.07258,-0.45898,0.08023,0.99677,-0.00284,2.63E+06,120.1,135.7,6.89,3516.287,-1.72,1.69E-01,9,0.2457,3.30E+06,7.8,2.9,0.643,1379.2,3.18E-06
335353.7,4263061,383.5,2,28:04:19:09:28:19,638899,0.6219,68.77,18.65,10.1,0.87756,-0.16198,-0.45128,0.17048,0.98511,-0.02208,3.61E+06,120.4,136.4,6.87,4873.219,-1.629,3.21E-01,11,0.3075,2.25E+06,8,4.3,0.839,1337.1,3.29E-06
335325.5,4263127.1,399.8,2,28:04:19:09:28:20,638900,0.4375,149.75,122.25,21.67,-0.08063,-0.99318,-0.08421,-0.87559,0.03021,0.48211,4.25E+06,104.5,118.3,7.92,3749.006,-1.581,2.91E-01,7,0.3022,6.00E+06,6.8,2.6,0.669,1366.6,3.30E-06
335436.2,4263140.2,396.6,2,28:04:19:09:28:38,638918,0.6147,60.62,34.21,9.57,0.83982,-0.38018,-0.38751,0.39862,0.91644,-0.03521,3.61E+06,141.4,125,6.39,6046.952,-1.629,4.04E-01,11,0.3034,2.46E+06,8.2,3.2,0.636,1332.1,2.88E-06
335372.6,4263063.4,442.8,2,28:04:19:09:28:49,638929,0.0875,27.65,21.96,14.92,0.05462,0.11551,0.9918,0.77472,-0.63155,0.03089,6.02E+06,176.4,147.1,5.25,18185.778,-1.48,2.03E+00,11,0.3125,2.55E+06,14.6,7.1,0.809,1387.8,3.56E-06
335322.7,4263116.4,407.9,2,28:04:19:09:29:44,638984,0.13,122.18,98.04,26.43,-0.58829,-0.78364,0.19957,0.65758,-0.60723,-0.44593,2.81E+06,164.1,115.6,6.16,5250.208,-1.701,2.69E-01,11,0.2881,2.07E+06,24.2,4.2,0.742,1374.1,3.03E-06
335251.5,4262997.5,357.5,2,28:04:19:09:29:47,638987,0.2846,67.69,17.54,9.69,0.84476,0.00728,-0.5351,0.00163,0.99987,0.01617,2.95E+06,139.6,130.7,6.42,4869.547,-1.687,2.57E-01,10,0.3019,1.07E+06,4.4,2.8,0.741,1347.6,2.92E-06
335278.1,4263115,353.5,2,28:04:19:09:29:50,638990,0.82,171.09,90.37,31.95,0.81973,-0.19314,-0.53919,0.21418,0.97649,-0.02416,2.24E+06,145.7,105.2,6.91,2976.937,-1.766,1.19E-01,8,0.2257,2.00E+06,20.1,2.4,0.775,1339.2,2.83E-06
335339.9,4263094.4,436.1,2,28:04:19:09:29:56,638996,0.8205,55.62,28.77,21.87,0.56253,-0.70264,-0.43573,0.30914,-0.31004,0.89906,5.61E+06,142.7,128.9,6.27,9935.184,-1.501,1.03E+00,11,0.3214,1.84E+06,6.9,6.7,0.847,1393.3,3.71E-06
335272.2,4263035.7,378,2,28:04:19:09:30:04,639004,0.1145,92.51,69.89,25.37,-0.84702,0.06467,0.52761,-0.07687,-0.99704,-0.00119,1.96E+06,169.3,119.1,6.02,3931.549,-1.805,1.38E-01,10,0.2788,1.48E+06,25.1,2.7,0.74,1359.2,3.11E-06
335317.3,4263097,432,2,28:04:19:09:30:34,639034,0.468,118.24,84.21,25.03,0.65071,-0.63199,-0.42091,0.59835,0.76805,-0.22818,2.96E+06,127.7,132.6,6.69,4320.036,-1.686,2.33E-01,10,0.2596,1.56E+06,2.4,3.3,0.807,1396.9,3.22E-06
335426.4,4263037.7,437.6,2,28:04:19:09:30:35,639035,0.9945,27.2,24.8,10.5,-0.46676,0.5308,0.70738,0.5947,-0.40362,0.69528,3.04E+06,142.7,141.2,6.05,6007.302,-1.679,3.35E-01,11,0.2972,1.58E+06,0.8,3.7,0.752,1366.8,2.95E-06
335322.9,4263091.6,427.7,2,28:04:19:09:30:38,639038,0.32,72.11,51.7,32.06,0.74411,-0.46733,-0.47738,0.44605,0.87953,-0.16573,3.34E+06,182.1,160.5,5.02,11584.126,-1.651,7.06E-01,10,0.2677,1.42E+06,10.8,4.4,0.721,1390.6,3.45E-06
335246,4262986.5,369.3,2,28:04:19:09:30:39,639039,0.4525,94.4,83.37,29.59,-0.36895,-0.89871,0.23705,0.75673,-0.43854,-0.48482,3.78E+06,147.4,157.8,5.77,8620.041,-1.615,5.83E-01,10,0.3357,1.20E+06,5.2,3.4,0.756,1360.5,3.64E-06
335413,4263112.1,427,2,28:04:19:09:30:43,639043,0.6885,104.18,92.94,31.83,-0.32027,-0.94733,-0.00168,-0.85151,0.2871,0.43875,3.16E+06,166.4,156.8,5.29,9363.49,-1.667,5.49E-01,11,0.2995,1.38E+06,4.8,3.6,0.686,1364.6,2.86E-06
335465,4263035.6,463.4,2,28:04:19:09:31:12,639072,0.949,66.5,20.48,9.61,0.93081,-0.12857,-0.34215,0.1339,0.99096,-0.00811,2.64E+06,135.8,124.9,6.57,4067.598,-1.719,1.95E-01,9,0.2876,6.72E+05,5.4,3.2,0.847,1382.3,2.46E-06
335269.5,4263101.3,389,2,28:04:19:09:31:32,639092,0.2475,86.05,59.27,46.82,0.63779,-0.41614,-0.64812,0.34239,0.90695,-0.24539,1.01E+07,187.2,96.8,6.39,16917.059,-1.331,3.05E+00,11,0.3139,5.43E+06,45.2,5.4,0.807,1374,4.01E-06
335286.7,4263166.5,367.4,2,28:04:19:09:31:37,639097,0.0332,72.41,42.6,9.7,0.79289,-0.30994,-0.52465,0.34039,0.93941,-0.04054,2.02E+06,149.8,115.6,6.51,3205.09,-1.796,1.16E-01,9,0.2603,6.96E+05,17.1,2.1,0.612,1354.5,2.67E-06
335435.2,4262966.2,474.1,2,28:04:19:09:31:58,639118,0.0049,71.79,16.09,11.19,0.92196,0.15147,-0.35644,-0.13941,0.98845,0.05947,2.94E+06,148.5,125.3,6.23,5318.567,-1.687,2.85E-01,11,0.2995,2.70E+06,11.6,4.7,0.825,1399.5,2.34E-06
335383.1,4263074,398.7,2,28:04:19:09:32:01,639121,0.37,43.17,33.02,25.5,0.56664,-0.63193,-0.52875,0.39192,-0.35777,0.84758,6.46E+06,151.9,116.6,6.33,11133.907,-1.46,1.33E+00,11,0.3286,3.00E+06,17.6,6.3,0.844,1343.2,3.96E-06
335378.7,4263036.4,392.1,2,28:04:19:09:32:14,639134,0.409,87.97,45.4,23.75,0.66159,-0.60647,-0.44101,0.53537,0.79382,-0.28849,6.13E+06,170.7,137.9,5.51,16066.321,-1.475,1.83E+00,11,0.3157,1.45E+06,16.4,5,0.81,1336.4,2.10E-06
335502.3,4263071.5,444.1,2,28:04:19:09:32:36,639156,0.3191,69.71,27.82,10.6,0.92078,-0.29986,-0.24949,0.30219,0.95278,-0.02982,2.36E+06,128.1,129.4,6.7,3429.044,-1.752,1.47E-01,9,0.2834,1.42E+06,0.7,2.5,0.813,1357,2.07E-06
335268.3,4263100.6,309.5,2,28:04:19:09:32:46,639166,0.3518,75.63,67.62,9.96,0.84906,-0.14619,-0.50767,0.17354,0.9848,0.00667,3.48E+06,146.3,122.5,6.37,5893.09,-1.639,3.73E-01,11,0.3018,1.43E+06,11.9,3.4,0.866,1301.3,2.37E-06
335248.5,4263110,313.2,2,28:04:19:09:33:03,639183,0.7429,69.27,56.1,9.49,0.84206,-0.15037,-0.518,0.18042,0.98356,0.00778,1.74E+06,151.9,137.7,5.93,3644.341,-1.84,1.15E-01,11,0.272,1.56E+06,7.2,2.6,0.687,1313.4,2.10E-06
335314.8,4263121.1,337.6,2,28:04:19:09:33:06,639186,0.7905,92.37,64.81,30,0.67928,-0.54292,-0.49378,0.51987,0.83089,-0.1984,3.63E+06,174.8,117.3,5.97,7481.408,-1.627,4.86E-01,11,0.3197,9.75E+05,28.7,4.1,0.806,1311.6,2.36E-06
335271.2,4263072.7,356.2,2,28:04:19:09:33:11,639191,0.7305,87.4,35.52,33.12,0.76672,-0.31191,-0.56112,0.10451,0.92302,-0.37028,2.77E+06,145.8,143.5,6.03,5531.569,-1.705,2.74E-01,10,0.3121,9.12E+05,1.2,3.6,0.803,1341,2.58E-06
335289.9,4263183.7,351.2,2,28:04:19:09:33:21,639201,0.2866,70.88,52.62,9.69,0.79977,-0.27705,-0.53255,0.32107,0.947,-0.01048,3.04E+06,84.1,102,9.66,1475.751,-1.678,8.04E-02,7,0.2475,6.69E+06,8.9,2.4,0.599,1340.7,2.05E-06
335410.4,4263149.9,419.3,2,28:04:19:09:33:48,639228,0.7535,117.5,81.06,30.75,0.48018,-0.8143,-0.32611,0.7859,0.56451,-0.25238,2.74E+06,136.2,161.7,5.91,5792.833,-1.708,2.94E-01,11,0.3154,8.24E+06,12.7,4.1,0.761,1361.7,2.78E-06
335304.2,4263128.5,444.1,2,28:04:19:09:33:51,639231,0.7735,124.48,68.69,25.15,0.63574,-0.63705,-0.43589,0.60267,0.76248,-0.23539,3.21E+06,148.7,109,6.67,4736.153,-1.662,2.78E-01,10,0.3018,7.25E+05,19.8,4.6,0.885,1415.3,2.41E-06
335489.5,4263020.8,435.9,2,28:04:19:09:34:10,639250,0.6739,73.81,26.61,9.59,0.93919,-0.11072,-0.32507,0.11376,0.99346,-0.00972,1.61E+06,148.4,151,5.75,3706.927,-1.862,1.10E-01,8,0.229,2.27E+06,1.3,2.2,0.545,1349.7,2.60E-06
335237.3,4263069.2,310.6,2,28:04:19:09:35:13,639313,0.115,127.68,96.48,35.08,0.71697,-0.43319,-0.54617,0.39249,0.89835,-0.19729,2.99E+06,167,109.5,6.26,5329.864,-1.683,2.90E-01,11,0.3015,8.03E+05,28.7,3,0.771,1312.6,2.27E-06
335389.3,4263087,429.2,2,28:04:19:09:37:04,639424,0.329,64.4,31.3,28.15,0.49058,-0.79929,-0.34707,0.34859,0.54505,-0.76251,4.36E+06,175.5,141.8,5.35,12434.82,-1.574,1.01E+00,11,0.3293,9.12E+05,16.9,6.2,0.871,1371.3,2.57E-06
335343.9,4263104.7,385.6,2,28:04:19:09:38:03,639483,0.019,80.7,32.86,26.04,0.64218,-0.5933,-0.48539,0.49013,0.80466,-0.3351,5.69E+06,124.8,141.9,6.62,8593.872,-1.497,8.93E-01,11,0.3163,1.97E+06,8.6,7.8,0.831,1345.2,2.66E-06
335268.6,4263083,379.5,2,28:04:19:09:38:32,639512,0.955,119.15,63.88,29.84,0.81176,-0.27353,-0.51598,0.27016,0.95919,-0.08345,1.93E+06,165.8,104.7,6.48,3099.955,-1.809,1.07E-01,9,0.2581,8.97E+05,30.4,3,0.735,1364.2,2.43E-06
335380.1,4263077.4,395.1,2,28:04:19:09:39:22,639562,0.696,84.22,50.58,16.85,0.58936,-0.7223,-0.36186,0.67902,0.68557,-0.26253,9.54E+06,148.3,121,6.31,16602.163,-1.347,2.94E+00,11,0.3272,2.22E+06,13.7,7.6,0.804,1340.8,2.60E-06
335348.6,4263110.9,378.8,2,28:04:19:09:40:47,639647,0.5465,63.46,37.47,18.27,0.68269,-0.57954,-0.44505,0.54967,0.80861,-0.2098,9.84E+06,160.6,115.2,6.24,17705.385,-1.338,3.18E+00,11,0.3254,2.61E+06,22.7,8.4,0.842,1337.7,2.82E-06
335491.2,4263078,465.2,2,28:04:19:09:42:34,639754,0.6875,63.51,10.47,9.6,0.90098,-0.2825,-0.32928,0.25112,0.95847,-0.13518,8.88E+06,240.6,173.8,4.13,55138.978,-1.368,8.91E+00,11,0.3408,2.33E+06,33.4,6.6,0.866,1380.3,2.32E-06
335385.7,4263057.8,448.4,2,28:04:19:09:42:59,639779,0.885,22.97,19.58,17.08,0.49068,-0.6951,-0.52543,-0.26679,0.4542,-0.85001,1.56E+08,208.3,129.8,5.12,511484.43,-0.537,1.47E+03,11,0.3597,5.92E+07,39.2,16.5,0.866,1389.1,3.83E-06
335537.4,4263023.6,499.1,2,28:04:19:09:43:50,639830,0.7541,74.84,44.12,10.69,0.94732,-0.12654,-0.29423,0.13039,0.99144,-0.00657,3.38E+06,139.5,133.1,6.07,6596.357,-1.648,4.40E-01,11,0.3351,1.48E+06,3.2,4.5,0.619,1402.4,2.07E-06
335298.1,4263131.6,343.8,2,28:04:19:09:44:20,639860,0.926,79.02,69.89,19.15,0.62498,-0.62369,-0.46948,0.59158,0.77079,-0.23645,9.61E+06,156.1,112.8,6.45,15709.902,-1.345,2.70E+00,11,0.3257,2.70E+06,21.7,7.3,0.847,1324.4,2.38E-06
335320.7,4263090.2,470.1,2,28:04:19:09:47:22,640042,0.75,75.56,56.09,35.6,0.47573,-0.82165,-0.31395,0.75063,0.5653,-0.34204,3.19E+06,141.5,112.5,6.69,4657.493,-1.664,2.75E-01,11,0.3125,1.20E+06,14.5,4.5,0.8,1431.3,2.50E-06
335262.2,4263019.5,282.3,2,28:04:19:09:54:03,640443,0.8434,63.09,43.83,9.99,0.85708,-0.0413,-0.51353,0.04945,0.99877,0.00221,2.40E+06,123.5,91.4,7.98,2070.197,-1.746,9.06E-02,9,0.277,1.80E+06,16,3.1,0.815,1274.7,2.03E-06
335206.5,4263078.6,301.5,2,28:04:19:09:55:36,640536,0.6669,77.08,67.94,9.87,0.83165,-0.09566,-0.547,0.1208,0.99263,0.01008,3.48E+06,146.8,100.5,6.98,4482.59,-1.639,2.84E-01,11,0.2891,7.72E+05,23.2,2.5,0.706,1318,2.09E-06
335363.1,4263059.1,491.9,2,28:04:19:09:56:09,640569,0.198,53.1,35.14,31.81,0.49834,-0.79524,-0.34533,0.01345,0.40535,-0.91406,2.18E+06,152.3,144.4,5.76,4973.783,-1.775,1.99E-01,10,0.2733,1.52E+06,4,3.6,0.842,1437.2,2.48E-06
335365.8,4263057.1,413.5,2,28:04:19:09:56:45,640605,0.077,22.19,19.85,16.97,-0.01018,0.26139,0.96518,-0.55224,0.80321,-0.22335,1.20E+07,161.8,130.8,5.81,26901.144,-1.28,6.01E+00,11,0.3353,3.16E+06,15.5,10.5,0.898,1361.5,2.97E-06
335225.4,4263057.9,366.3,2,28:04:19:10:07:59,641279,0.63,165.58,137.42,56.62,-0.16355,-0.98542,0.04699,-0.75241,0.1554,0.6401,3.99E+06,191.3,130.8,5.35,11390.508,-1.599,8.28E-01,11,0.3189,1.41E+06,30.3,3.8,0.669,1367.6,2.53E-06
335371.8,4263094.9,384.7,2,28:04:19:10:11:43,641503,0.4215,72.39,30.49,16.34,0.5638,-0.73566,-0.3754,0.67442,0.67245,-0.3049,6.42E+06,154.8,109.7,6.51,10163.29,-1.462,1.19E+00,11,0.339,1.56E+06,22.6,6.5,0.826,1334.7,2.48E-06
335381.7,4263129,385,2,28:04:19:10:11:49,641509,0.5787,60.14,28.73,9.67,0.84485,-0.30129,-0.44211,0.32132,0.94647,-0.03098,3.95E+07,242.5,116.1,5.12,128840.287,-0.936,9.29E+01,11,0.34,1.67E+07,63.2,9.9,0.854,1335,2.33E-06
335381.7,4263087.8,405.1,2,28:04:19:10:12:38,641558,0.656,52.43,32.2,16.39,0.50666,-0.79432,-0.33518,0.73522,0.60113,-0.31321,1.85E+07,152.6,128.3,6.05,36615.63,-1.155,1.26E+01,11,0.3025,4.13E+06,12.1,12.5,0.857,1350.6,2.25E-06
335304,4263173.6,267.3,2,28:04:19:10:21:24,642084,0.399,422.17,213.73,64.42,-0.09437,-0.99518,-0.02665,-0.83493,0.06453,0.54656,1.93E+06,132.4,103.6,7.26,2212.32,-1.809,7.78E-02,8,0.2605,9.00E+06,14.2,2.2,0.669,1257,2.42E-06
335379.4,4263151,398.9,2,28:04:19:10:22:36,642156,0.974,83.42,61.36,16.62,0.2448,-0.93214,-0.26681,0.86946,0.33283,-0.36506,3.50E+07,171.7,128.1,5.68,83777.272,-0.97,5.44E+01,11,0.3161,8.61E+06,21.8,15.5,0.856,1351.3,2.19E-06
335245.1,4263043.2,261.8,2,28:04:19:10:25:23,642323,0.145,87.51,64.41,10.51,0.84068,-0.07743,-0.53597,0.09094,0.99586,-0.00123,2.53E+06,113.8,84.7,8.65,1714.64,-1.731,7.91E-02,10,0.266,1.83E+06,14.5,2.2,0.59,1263.8,2.60E-06
335360.5,4263129.3,336.7,2,28:04:19:10:38:19,643099,0.972,206.67,88.08,33.27,0.66981,-0.57163,-0.47392,0.5535,0.80982,-0.1945,2.23E+06,174.5,98.7,6.53,3505.28,-1.768,1.40E-01,9,0.2546,1.42E+06,37.9,2.5,0.772,1296,2.35E-06
335365.3,4263045.1,344.5,2,28:04:19:10:44:33,643473,0.2094,71.1,11.42,9.76,0.86082,-0.24082,-0.44833,0.20595,0.97044,-0.12584,3.10E+06,169.1,108.9,6.25,5559.057,-1.672,3.15E-01,11,0.2958,8.68E+05,30.1,3.3,0.689,1295.7,2.77E-06
335359.2,4263046.5,432.6,2,28:04:19:11:07:51,644871,0.7875,17.88,13.28,12.2,0.40639,-0.07162,0.91089,0.01096,0.99723,0.07352,7.05E+06,148.3,116.3,6.42,11629.949,-1.435,1.52E+00,11,0.3314,1.63E+06,16,7.1,0.827,1381.3,2.25E-06
335374.6,4263119.2,320.4,2,28:04:19:11:18:44,645524,0.1901,75.55,47.89,10.24,0.84104,-0.2551,-0.47704,0.27973,0.95987,-0.02011,3.03E+06,121.1,127.9,7.06,3766.18,-1.679,2.04E-01,11,0.2978,1.24E+06,3.4,3.2,0.722,1275.1,2.16E-06
335364.5,4263062.1,473.2,2,28:04:19:12:09:22,648562,0.169,20.88,18.5,14.58,0.1397,0.05759,0.98852,-0.69601,0.71579,0.05667,1.55E+08,206.2,128.5,5.17,493125.613,-0.539,1.41E+03,11,0.3706,4.70E+07,38.9,12.9,0.806,1419.1,6.56E-06
335296.1,4263016,310.1,2,28:04:19:12:32:13,649933,0.3895,67.62,32.55,9.51,0.87315,-0.03691,-0.48606,0.04428,0.99901,0.00369,1.42E+06,140.2,145.4,6.08,2754.035,-1.899,7.11E-02,9,0.2548,1.19E+06,2.6,2.3,0.701,1286.8,2.20E-06
335397.4,4263066.5,343.4,3,01:05:19:16:49:01,924541,0.208,61.49,27.07,20.76,0.61046,-0.68038,-0.40549,0.56984,0.73285,-0.37178,1.77E+06,307.3,281.2,2.93,31001.225,-1.834,1.00E+00,10,0.3578,3.76E+06,13.1,6,0.844,1285.8,2.81E-06
335469.5,4263058.6,273.9,3,01:05:19:16:55:32,924932,0.5006,76.7,23.18,10.68,0.87721,-0.26984,-0.39711,0.27174,0.96093,-0.05268,1.01E+06,235.8,139.1,4.69,4298.053,-1.996,7.95E-02,4,0.2715,7.03E+05,48.1,2,0.717,1198.5,3.49E-06
335444.5,4263030.2,296.9,3,01:05:19:17:51:36,928296,0.523,21.82,17.58,14.55,-0.00238,0.0462,0.99893,0.70873,-0.70465,0.03427,8.80E+06,247,144.5,4.5,42335.681,-1.37,6.80E+00,10,0.371,9.86E+06,51.2,7.1,0.851,1226.2,3.29E-06
335324.4,4263012.7,328.4,3,01:05:19:17:51:44,928304,0.7809,66.55,44.77,9.71,0.86659,-0.02895,-0.49818,0.03714,0.99929,0.00652,1.70E+06,178.6,196.4,4.71,7120.36,-1.846,2.17E-01,8,0.2636,6.01E+06,8.8,3.3,0.803,1293.5,2.38E-06
335408.6,4263037.1,267.3,3,01:05:19:17:52:05,928325,0.718,65.27,39.93,9.74,0.88024,-0.11962,-0.4592,0.12829,0.99166,-0.01242,3.61E+06,141.5,133.5,6.32,6259.247,-1.628,4.04E-01,8,0.3532,1.98E+07,4,3.3,0.618,1208.6,2.21E-06
335375.4,4263093.3,381.3,3,01:05:19:18:00:22,928822,0,194.21,133.96,29.66,-0.82795,-0.18573,0.52916,0.08064,-0.97319,-0.2154,1.16E+06,305.6,143.2,4.11,7283.397,-1.958,1.54E-01,5,0.2524,1.63E+06,77.8,2.2,0.683,1330.2,2.49E-06
335377.3,4263134.4,358.7,3,01:05:19:18:09:51,929391,0.3462,69.71,23.23,15.84,0.81408,-0.36512,-0.45163,0.36794,0.92593,-0.08533,2.41E+07,56.7,121.3,12.06,6010.623,-1.078,2.65E+00,9,0.3148,2.24E+08,32.2,2.1,0.597,1312,2.58E-06
335387.8,4263053.8,350.5,3,01:05:19:18:15:06,929706,0.822,31.5,26.22,18.11,-0.48033,0.48978,0.7276,0.58566,-0.43843,0.68175,5.85E+06,190,111.3,5.84,12836.717,-1.489,1.37E+00,11,0.3511,1.61E+07,39.4,5,0.868,1294.8,2.67E-06
335416.7,4263029.1,406,3,01:05:19:19:21:41,933701,0.604,33.32,26.01,17.8,-0.77933,0.00652,0.62659,0.62647,-0.01387,0.77932,5.28E+06,139.8,175.1,5.65,12789.894,-1.518,1.25E+00,9,0.4623,6.70E+07,17.6,2.8,0.752,1338.6,2.63E-06
335384.6,4263024.1,339.9,3,01:05:19:19:51:42,935502,0.0589,65.71,25.78,9.67,0.89518,-0.07013,-0.44016,0.07767,0.99698,-0.00089,1.25E+07,145.1,99,7.08,15421.975,-1.269,3.52E+00,11,0.3802,3.77E+07,23.1,5.7,0.847,1284.6,2.56E-06
335373,4263101.9,553,3,02:05:19:13:38:13,999493,0.2715,91.5,32.88,23.66,0.42673,-0.85448,-0.29625,0.75101,0.51732,-0.41032,7.46E+06,140.4,105.2,6.96,9696.709,-1.418,1.32E+00,11,0.3249,4.71E+06,17.6,4.7,0.799,1495.5,5.03E-06
335172.6,4263130.9,444.4,3,02:05:19:13:38:34,999514,0.822,75.6,63.18,10.47,0.81029,-0.17046,-0.56069,0.20208,0.97935,-0.0057,4.39E+06,143.5,97.5,7.22,5096.102,-1.572,4.00E-01,11,0.2691,2.55E+06,23,3.4,0.645,1465.5,3.38E-06
335139.7,4263157.6,478.4,3,02:05:19:13:38:43,999523,0.4505,205.98,143.73,37.64,0.70307,-0.3462,-0.62116,0.36056,0.92643,-0.10824,7.05E+06,76.7,98.8,10.37,2762.721,-1.435,3.48E-01,10,0.314,1.53E+07,11,2.3,0.601,1512.6,3.64E-06
335141.5,4262944.9,373.7,3,02:05:19:13:38:58,999538,0.709,79.47,33.66,9.78,0.83052,0.06295,-0.55342,-0.06985,0.99752,0.00864,3.09E+06,165.9,73.2,7.83,2807.767,-1.674,1.58E-01,8,0.2419,2.06E+06,46.3,2.3,0.464,1409.7,3.31E-06
335225,4263039.3,462.5,3,02:05:19:13:39:28,999568,0.5376,85.21,35.98,10.24,0.86079,-0.07127,-0.50394,0.08191,0.99664,-0.00103,4.74E+06,91.7,90.3,9.52,2403.857,-1.55,2.08E-01,8,0.2715,5.96E+06,0.7,2.4,0.582,1455.3,6.09E-06
335408.5,4263030.1,609.4,3,02:05:19:13:40:01,999601,0.8335,70.49,12.22,8.81,0.96463,-0.09957,-0.24409,0.10249,0.99473,-0.00074,7.70E+06,130.5,107.7,6.91,10221.018,-1.409,1.55E+00,11,0.3209,2.17E+06,11.4,6.4,0.703,1537.3,3.38E-06
335397.8,4263073.6,603.3,3,02:05:19:13:40:18,999618,0.5718,84.92,30.52,10,0.89373,-0.26457,-0.36228,0.27096,0.96199,-0.0341,8.10E+06,111.5,118.8,7.28,9204.297,-1.394,1.47E+00,11,0.3141,4.99E+06,3.7,3.2,0.792,1535.7,3.73E-06
335376.2,4263054.5,550.1,3,02:05:19:13:41:22,999682,0.116,55.46,25.56,21.3,0.53345,-0.78527,-0.31429,0.66508,0.619,-0.41775,8.22E+06,121.9,95.9,7.83,7485.189,-1.39,1.12E+00,11,0.3424,5.59E+06,13,5.8,0.782,1489.1,4.45E-06
335359.2,4263064.3,569,3,02:05:19:13:41:25,999685,0.6715,118.94,14.96,14.92,0.94559,-0.21519,-0.24402,0.2419,0.96657,0.08501,4.16E+06,128.2,111.4,7.13,5018.103,-1.588,3.80E-01,9,0.2913,7.68E+06,8.4,3.3,0.823,1512.3,3.27E-06
335079,4263041.3,385.2,3,02:05:19:13:41:30,999690,0.1003,75.48,35.17,9.58,0.81177,-0.05517,-0.58137,0.06802,0.99768,0.00029,4.30E+06,121.9,114.7,7.28,4872.616,-1.577,3.82E-01,10,0.2683,4.52E+07,3.6,2.6,0.595,1449.2,3.50E-06
335112,4263098.3,413.4,3,02:05:19:13:41:52,999712,0.3167,74.33,47.67,9.47,0.82263,-0.12878,-0.55381,0.15158,0.98843,-0.00469,3.43E+06,128,89.1,7.93,3011.017,-1.643,1.88E-01,8,0.3138,6.24E+06,19.3,2.4,0.588,1461.5,4.67E-06
335280.7,4263058.2,545.7,3,02:05:19:13:41:56,999716,0.9417,84.34,28.71,10.07,0.90993,-0.13921,-0.3907,0.14546,0.98927,-0.01372,4.64E+06,124.7,89.3,7.97,3998.184,-1.556,3.40E-01,10,0.2765,6.03E+06,17.7,3.1,0.748,1513.9,5.40E-06
335381.7,4263062.2,577.8,3,02:05:19:13:41:59,999719,0.0628,80.69,43.06,11.43,0.89767,-0.19568,-0.39485,0.20321,0.97886,-0.02311,6.53E+06,110.6,107.5,7.81,6000.822,-1.457,7.28E-01,11,0.3217,4.57E+06,1.5,3.9,0.696,1514.7,3.68E-06
335187.8,4263165.6,439.4,3,02:05:19:13:42:29,999749,0.758,171.08,110.95,25.48,0.75502,-0.32644,-0.56867,0.34443,0.93543,-0.07967,9.01E+06,114.7,80.8,8.88,5625.747,-1.364,9.07E-01,11,0.301,4.09E+06,17,4.5,0.809,1458.3,3.65E-06
335227.6,4263044.4,554.7,3,02:05:19:13:43:14,999794,0.5386,73.16,42.92,9.49,0.88668,-0.08572,-0.45437,0.09457,0.99551,-0.00327,2.44E+06,182.9,100.1,6.24,4403.163,-1.741,1.98E-01,7,0.223,1.87E+06,40.8,2,0.695,1540.1,2.99E-06
335231.2,4263137.8,526.8,3,02:05:19:13:43:15,999795,0.8557,73.53,29.83,9.5,0.84674,-0.2507,-0.46923,0.27047,0.96237,-0.02611,2.91E+07,173.3,136.3,5.49,77069.683,-1.024,4.16E+01,11,0.3502,8.72E+06,18.5,8.6,0.869,1518.8,4.23E-06
335248.6,4263035.3,489.9,3,02:05:19:13:43:37,999817,0.6438,73.68,41.65,9.51,0.88444,-0.07183,-0.4611,0.08006,0.99679,-0.00171,6.69E+06,82.7,107.9,9.42,3501.713,-1.45,4.35E-01,10,0.2721,6.54E+06,12.6,3.5,0.513,1471.9,3.28E-06
335506,4263047.1,583.1,3,02:05:19:13:45:05,999905,0.1897,72.52,25.24,8.82,0.91854,-0.34126,-0.19957,0.34162,0.93923,-0.03374,1.28E+07,144.3,125.3,6.11,24601.484,-1.261,6.22E+00,11,0.3395,4.56E+06,9.5,7.6,0.611,1491.3,5.74E-06
335106.3,4263020.9,384.3,3,02:05:19:13:45:13,999913,0.951,112.63,43.73,13.1,0.82847,-0.01652,-0.55979,0.02773,0.99955,0.01155,4.25E+06,97.6,78.8,9.7,2034.674,-1.581,1.57E-01,10,0.3073,4.32E+06,9.3,2,0.525,1434.8,2.90E-06
335295.4,4263013.7,547.9,3,02:05:19:13:46:00,999960,0.8125,147.12,45.96,30.25,-0.84886,-0.06351,0.52478,-0.05329,-0.97742,-0.20449,2.64E+06,127.7,109.1,7.18,3114.691,-1.719,1.51E-01,10,0.3018,3.01E+06,9.3,2.3,0.717,1509.9,3.36E-06
335257.2,4262990.8,517.2,3,02:05:19:13:46:12,999972,0.8885,70.91,53.23,9.52,0.89306,0.01448,-0.4497,-0.01145,0.99989,0.00946,3.39E+06,155.9,124.2,6.07,6644.081,-1.647,4.18E-01,11,0.3322,2.51E+06,15.8,2.5,0.554,1493.7,3.12E-06
335240,4263133.4,467.4,3,02:05:19:13:46:23,999983,0.9694,77.49,70.4,9.9,0.84382,-0.18808,-0.50259,0.21801,0.97595,0.00081,2.44E+06,133.4,102.1,7.29,2749.009,-1.742,1.22E-01,9,0.3015,3.30E+06,15.6,2.3,0.619,1460.3,4.51E-06
335416.6,4263025.4,582.2,3,02:05:19:13:46:40,1000000,0.3506,51.76,10.35,5.27,0.61444,0.7657,-0.19016,0.25062,0.03911,0.96729,2.90E+06,133,94.8,7.45,3073.285,-1.692,1.66E-01,10,0.3437,4.31E+06,19.1,2.8,0.543,1508.9,3.05E-06
335392.1,4263045.9,560.2,3,02:05:19:13:47:01,1000021,0.5493,109.54,21.79,12.22,0.95783,-0.17135,-0.23065,0.17358,0.98476,-0.01076,4.04E+06,114.7,132,7.06,5021.969,-1.596,3.76E-01,10,0.2803,6.56E+06,8.7,3.3,0.515,1494.3,3.90E-06
335139.8,4262981.3,403.6,3,02:05:19:13:47:37,1000057,0.7908,83.47,25.69,14,0.84101,0.02553,-0.54042,-0.02207,0.99967,0.01287,2.58E+06,120.4,109.5,7.47,2707.816,-1.726,1.27E-01,8,0.2704,1.15E+07,5.4,2.6,0.405,1436.4,5.57E-06
335149.2,4263121.1,451.1,3,02:05:19:13:48:02,1000082,0.055,196.8,112.9,28.95,0.81033,-0.16371,-0.56264,0.1824,0.98295,-0.0233,4.14E+06,158.5,114.1,6.36,7043.17,-1.589,5.22E-01,11,0.3441,5.85E+06,22.2,5.1,0.695,1480.5,3.84E-06
335249.8,4263037.7,504.5,3,02:05:19:13:49:46,1000186,0.72,176.87,59.05,23.98,0.82769,-0.23181,-0.51107,0.2438,0.9688,-0.04459,3.02E+06,134,111.7,6.92,3989.221,-1.68,2.23E-01,11,0.2771,4.41E+06,11.1,3.3,0.635,1485.1,2.77E-06
335331,4263138.1,324,3,02:05:19:13:58:28,1000708,0.873,158.99,79.13,42.55,0.60686,-0.60623,-0.51402,0.55916,0.78524,-0.26595,1.20E+07,112.4,96.8,8.26,9332.777,-1.28,2.01E+00,11,0.3447,3.27E+06,7.8,6.3,0.9,1295,3.07E-06
335430.5,4262984.9,394.3,3,02:05:19:14:02:43,1000963,0.7882,73.85,25.21,9.57,0.92658,0.03423,-0.37453,-0.03162,0.99941,0.01311,5.47E+06,69.2,71.4,12.26,1298.033,-1.508,1.32E-01,8,0.3259,8.39E+06,1.1,2.1,0.549,1323.2,2.77E-06
335432.5,4263154.1,593.4,3,02:05:19:14:06:38,1001198,0.335,199.62,103.55,23.37,-0.77141,-0.62876,0.09793,0.59204,-0.76557,-0.25178,4.63E+07,215,148.7,4.55,214969.02,-0.89,1.97E+02,11,0.346,1.27E+07,33.1,12.9,0.856,1524.2,5.85E-06
335543,4263015.9,388.8,3,02:05:19:14:29:56,1002596,0.6299,98.2,13.41,12.71,0.94692,-0.12782,-0.29496,0.11163,0.9912,-0.07116,3.81E+06,119.3,101.8,7.69,3664.691,-1.612,2.57E-01,10,0.3329,2.33E+06,8.8,3.4,0.813,1292.7,2.69E-06
335387.9,4263061.3,267.2,3,02:05:19:14:30:16,1002616,0.7771,75.62,13.31,12.64,0.8591,-0.18727,-0.47631,0.11621,0.97772,-0.1748,2.57E+06,107.2,107.7,8.13,2092.918,-1.726,9.64E-02,10,0.262,2.47E+06,0.2,2.2,0.464,1216.1,2.74E-06
335247.9,4263156.4,239.9,3,02:05:19:14:49:07,1003747,0.4964,71.05,34.29,9.82,0.73361,-0.25674,-0.62921,0.29434,0.95458,-0.04633,2.81E+06,116.9,101.4,8.02,2386.352,-1.701,1.17E-01,9,0.2995,3.47E+06,7.7,2.7,0.71,1252.4,3.32E-06
335205.7,4263106.4,504.2,3,02:05:19:14:52:54,1003974,0.1538,73.74,53.61,9.62,0.84245,-0.1793,-0.50806,0.19867,0.97993,-0.01641,4.28E+06,151.5,100,6.89,5721.472,-1.579,4.47E-01,11,0.306,4.38E+06,25.8,3,0.632,1504.8,3.42E-06
335359.6,4263043.1,215.1,3,02:05:19:14:54:51,1004091,0.8682,76.85,37.75,11.92,0.87344,-0.10434,-0.47563,0.11627,0.99321,-0.00438,9.62E+06,194.7,124.6,5.43,26214.279,-1.345,4.59E+00,11,0.3506,3.05E+06,35,6.1,0.687,1176,4.02E-06
335220.2,4263127.1,243.3,3,02:05:19:15:05:51,1004751,0.1668,71.21,41.6,9.8,0.74508,-0.17495,-0.64362,0.21463,0.97655,-0.01698,4.38E+06,98.7,87.2,9.43,2287.392,-1.573,1.75E-01,10,0.3129,4.25E+06,5.8,4,0.684,1264,2.67E-06
335364,4263137.4,568.7,3,02:05:19:15:09:00,1004940,0.4106,76.47,37.54,9.5,0.87316,-0.32427,-0.36392,0.33946,0.94033,-0.02341,4.13E+06,143.8,82.2,7.77,3843.353,-1.59,2.89E-01,10,0.3473,2.34E+06,30.8,3.8,0.607,1515.9,2.52E-06
335264,4263130.6,317.9,3,02:05:19:15:36:20,1006580,0.492,209.33,123.33,33.63,0.71529,-0.34935,-0.60523,0.36596,0.92508,-0.10146,3.00E+06,87.5,89,9.82,1385.859,-1.682,7.57E-02,10,0.3378,6.52E+06,0.7,2.3,0.591,1313.4,3.25E-06
335353.3,4263031.9,336.6,3,02:05:19:15:47:05,1007225,0.2322,71.19,26.95,10.32,0.87493,-0.08384,-0.47694,0.09284,0.99567,-0.00472,5.73E+06,148.1,99.7,7.03,7215.421,-1.495,7.39E-01,11,0.3306,2.34E+06,24.2,6,0.874,1291.8,3.28E-06
335501.9,4263023.3,385,3,02:05:19:22:41:35,1032095,0.6474,79.94,24.19,10.84,0.93515,-0.13956,-0.32561,0.14157,0.98977,-0.01763,5.62E+06,89,78.5,10.17,2337.861,-1.5,2.41E-01,11,0.3239,8.11E+06,5.2,2.3,0.574,1297.4,4.62E-06
