,X,Y,Z,Nphi
0,335342.49983368244,4263051.682,-557.9699097,11.510533682392145
1,335344.85347323626,4263051.678,-555.728081384985,13.806529757117737
2,335345.07207401434,4263051.674,-553.48625306997,13.968129215976258
3,335357.39360553917,4263051.669,-551.2444247549549,26.23192314473819
4,335365.7362855941,4263051.665,-549.0025964399399,34.51736581437769
5,335340.8107543772,4263051.660997886,-546.760768124925,9.534349303946886
6,335338.38674778753,4263051.656,-544.51893980991,7.0531013490576155
7,335338.3770475041,4263051.652,-542.2771114948949,6.986139877253139
8,335338.1653733641,4263051.647,-540.0352831798799,6.717045015604341
9,335337.6679947902,4263051.643,-537.7934548648649,6.162281761101575
10,335337.8711795624,4263051.6389999995,-535.5516265498499,6.308315871180883
11,335337.92154270655,4263051.634683129,-533.3097982348348,6.301206913628398
12,335337.85623024986,4263051.63,-531.0679699198198,6.178504270364569
13,335338.26811757934,4263051.626,-528.8261416048048,6.532825874070919
14,335338.0257920586,4263051.621563683,-526.5843132897899,6.2333085812326345
15,335338.21904290636,4263051.617,-524.3424849747748,6.369448414012571
16,335339.0758570487,4263051.613,-522.1006566597598,7.168688541725348
17,335339.5985710032,4263051.608,-519.8588283447448,7.634049696258938
18,335336.97740636044,4263051.603999999,-517.6170000297298,4.955318769569801
19,335344.42445398617,4263051.6,-515.3751717147147,12.345299534196535
20,335342.89863818744,4263051.595,-513.1333433996997,10.761932199356512
21,335337.7092862906,4263051.591,-510.8915150846847,5.515202573777309
22,335337.5785581366,4263051.586532701,-508.6496867696697,5.327090836792405
23,335338.0059092043,4263051.5819999995,-506.4078584546547,5.697279730992408
24,335337.62163424917,4263051.578,-504.16603013963964,5.2556292775402484
25,335337.80561360804,4263051.573,-501.9242018246247,5.382285545086141
26,335338.07709696563,4263051.569,-499.68237350960965,5.596035757393871
27,335337.8335780737,4263051.565,-497.4405451945946,5.295572159355468
28,335339.4673791144,4263051.560224993,-495.1987168795796,6.871719098357451
29,335342.1874564612,4263051.556,-492.95688856456457,9.534524503955366
30,335339.9031633359,4263051.552,-490.71506024954954,7.192728290116877
31,335338.48663856456,4263051.547150234,-488.47323193453457,5.718989264095029
32,335341.15504563524,4263051.5430000005,-486.23140361951954,8.33013716625492
33,335338.94795878266,4263051.538972581,-483.9895753045045,6.070476525807502
34,335339.8716226227,4263051.534,-481.74774698948954,6.948568184874834
35,335339.0944129189,4263051.53,-479.5059186744745,6.125895220585314
36,335339.39405674685,4263051.525829028,-477.2640903594595,6.380360928427608
37,335339.83620974276,4263051.521000001,-475.02226204444446,6.776854012629332
38,335339.5205109504,4263051.509411391,-472.78043372942943,6.4187039844907385
39,335340.1906309939,4263051.497699263,-470.5386054144144,7.046158857165158
40,335341.2255252354,4263051.4860000005,-468.29677709939943,8.03852523540444
41,335340.63764143706,4263051.475,-466.0549487843844,7.408003716025443
42,335366.5959827468,4263051.461633145,-463.8131204693694,33.324602293289175
43,335343.1237314557,4263051.448,-461.5712921543544,9.810807369405678
44,335340.6326339193,4263051.435,-459.3294638393394,7.278457776619727
45,335340.212493549,4263051.421550627,-457.08763552432436,6.8168701154376885
46,335342.44814111706,4263051.413,-454.8458072093093,9.011675779418008
47,335341.36095073575,4263051.412,-452.6039788942943,7.8848399178809165
48,335340.4311558621,4263051.41,-450.3621505792793,6.9154364041138265
49,335344.46939930256,4263051.409,-448.1203222642643,10.914182194495972
50,335343.13841589756,4263051.408,-445.8784939492493,9.54263573409269
51,335341.57326625945,4263051.413724594,-443.63666563423425,7.9287895314741705
52,335343.6719373753,4263051.419,-441.3948373192193,9.978958761796218
53,335356.2966663519,4263051.425,-439.15300900420425,22.555035955983353
54,335360.00432187313,4263051.43,-436.9111806891892,26.214335523419326
55,335346.0781553166,4263051.436000001,-434.6693523741742,12.239559764901001
56,335340.80262983544,4263051.441000001,-432.42752405915917,6.9154766607777844
57,335341.15331031644,4263051.447,-430.18569574414414,7.217377923286768
58,335340.4124363412,4263051.452,-427.9438674291291,6.427881181537434
59,335342.1283872269,4263051.454,-425.70203911411414,8.081946726970964
60,335339.2770447651,4263051.451,-423.4602107990991,5.156571928939552
61,335344.79644171544,4263051.448,-421.21838248408415,10.601616678720633
62,335342.9283339054,4263051.445255662,-418.9765541690691,8.659086648143811
63,335348.1036852743,4263051.439557059,-416.7347258540541,13.754473276492233
64,335340.95776209206,4263051.422853523,-414.49289753903906,6.505066046972893
65,335342.4090708129,4263051.406106213,-412.25106922402404,7.852746168933727
66,335341.91843638115,4263051.389411182,-410.009240909009,7.258632425383457
67,335340.9658433988,4263051.37276346,-407.767412593994,6.202629543592028
68,335342.0438295025,4263051.349611436,-405.525584278979,7.154085513868423
69,335342.1575819625,4263051.324225827,-403.283755963964,7.136753082422054
70,335344.4326563911,4263051.299215064,-401.041927648949,9.281048364186784
71,335342.0287899672,4263051.274,-398.800099333934,6.745950775009692
72,335342.37340074865,4263051.249920737,-396.55827101891896,6.948791624112763
73,335342.15153032006,4263051.227364117,-394.31644270390393,6.5747242577562215
74,335341.6421771046,4263051.203876139,-392.0746143888889,5.912946321943201
75,335342.41080278484,4263051.180984913,-389.8327860738739,6.528965069150547
76,335343.1707858625,4263051.158,-387.59095775885885,7.136085862441793
77,335342.4854704089,4263051.136,-385.3491294438439,6.294801813743581
78,335342.63280246814,4263051.115,-383.10730112882885,6.285995344853407
79,335347.70494022575,4263051.093,-380.8654728138139,11.201622538981153
80,335342.83526445075,4263051.071008037,-378.62364449879885,6.176084541898035
81,335343.6063332902,4263051.053073161,-376.3818161837838,6.797908877766612
82,335343.3284704896,4263051.035302458,-374.1399878687688,6.370998845680724
83,335342.83567325654,4263051.018,-371.89815955375377,5.728971064767893
84,335346.01634408196,4263051.0,-369.65633123873874,8.760687068239264
85,335345.3181543852,4263050.982,-367.4145029237237,7.913453413870913
86,335389.06221777765,4263050.961536036,-365.17267460870875,51.53302588554808
87,335344.8473856148,4263050.941000001,-362.9308462936937,7.195065426788126
88,335348.0239557061,4263050.921,-360.6890179786787,10.248753867945055
89,335345.2633237285,4263050.9,-358.4471896636637,7.365298148274288
90,335346.850875212,4263050.879861587,-356.2053613486487,8.830043021325686
91,335347.5758165277,4263050.859,-353.96353303363367,9.432136058208021
92,335341.5513864606,4263050.839,-351.72170471861864,3.2848693523599635
93,335346.9292909172,4263050.818109639,-349.4798764036036,8.540008870445956
94,335341.3013310429,4263050.798,-347.2380480885886,2.789101373192944
95,335348.31024588895,4263050.777654092,-344.9962197735736,9.675134572041165
96,335381.3918333035,4263050.757,-342.7543914585586,42.63406175864146
97,335347.9191637479,4263050.736632921,-340.51256314354356,9.038566298141818
98,335350.10012643394,4263050.716,-338.2707348285286,11.09672415522646
99,335352.7783649617,4263050.696,-336.02890651351356,13.652067864425954
100,335346.47790489165,4263050.675,-333.78707819849853,7.228944042505585
101,335345.44233063475,4263050.655,-331.5452498834835,6.070476525807502
102,335346.317397417,4263050.634,-329.3034215684685,6.822402909173199
103,335350.3591982837,4263050.576,-327.06159325345345,10.793229391049666
104,335349.51817056315,4263050.517068979,-324.8197649384385,9.882601624213528
105,335349.62495723506,4263050.457180492,-322.57793662342345,9.920127973678794
106,335345.74118023994,4263050.397570438,-320.3361083084084,5.967065458931902
107,335345.49603361357,4263050.338242732,-318.09427999339346,5.652476345333195
108,335346.9783329757,4263050.279034944,-315.85245167837843,7.06550918394056
109,335342.10047434433,4263050.219628985,-313.6106233633634,2.1183323144203854
110,335376.2041254219,4263050.16,-311.3687950483484,36.15239580187249
111,335381.74623577314,4263050.100703841,-309.12696673333335,41.62541365393459
112,335353.33563241694,4263050.040965861,-306.8851384183183,13.145181207927484
113,335347.47534279776,4263049.981423286,-304.6433101033033,7.215754440394391
114,335346.4521282324,4263049.922189454,-302.4014817882883,6.123312411998712
115,335346.4431194963,4263049.862602478,-300.1596534732733,6.044641230637513
116,335348.8839660359,4263049.803619447,-297.91782515825827,8.416285483497797
117,335347.689737897,4263049.743865392,-295.6759968432433,7.152503289497974
118,335346.2104919552,4263049.684638821,-293.43416852822827,5.603986304811208
119,335346.45997913874,4263049.624750677,-291.19234021321324,5.7843051535700285
120,335347.084389236,4263049.542825629,-288.9505118981982,6.3685020502763825
121,335347.58972774434,4263049.452907146,-286.7086835831832,6.844627744316252
122,335352.54147913994,4263049.362134589,-284.4668552681682,11.76764643438787
123,335354.55883884936,4263049.271392535,-282.2250269531532,13.755835116543086
124,335353.92030093994,4263049.180528105,-279.98319863813816,13.088564992561386
125,335347.4444112922,4263049.08983981,-277.74137032312314,6.583779254095987
126,335349.64623331453,4263048.9994183,-275.49954200810816,8.756800634433565
127,335348.3844283631,4263048.90928176,-273.25771369309314,7.465784715215369
128,335347.1809874971,4263048.818160782,-271.0158853780781,6.23368749707974
129,335351.5293877837,4263048.728,-268.7740570630631,10.553079658849992
130,335352.71982528456,4263048.636954828,-266.53222874804806,11.714413991557183
131,335348.91682948655,4263048.546316249,-264.2904004330331,7.882708548917791
132,335347.5053848334,4263048.456084287,-262.04857211801806,6.44240590502172
133,335347.59948036744,4263048.365623176,-259.80674380300303,6.5073361614672605
134,335346.9074585053,4263048.274844603,-257.564915487988,5.786569655866216
135,335346.9487223454,4263048.184642373,-255.32308717297303,5.798732938642255
136,335346.8349993996,4263048.093291657,-253.081258857958,5.656122313831709
137,335347.17291708913,4263048.00351292,-250.83943054294298,5.965295319086818
138,335348.59671754815,4263047.919747686,-248.59760222792795,7.368654469590699
139,335347.2151772772,4263047.838972219,-246.35577391291292,5.970577277233707
140,335346.0959054588,4263047.75824072,-244.11394559789795,4.8352054587837205
141,335348.7609189107,4263047.677387484,-241.87211728288293,7.483773904362116
142,335347.8112595806,4263047.59754773,-239.6302889678679,6.517759580568966
143,335347.92784598295,4263047.516965149,-237.38846065285287,6.6179872701175295
144,335349.3486080492,4263047.43621153,-235.1466323378379,8.022408049229018
145,335348.14871448604,4263047.355668482,-232.90480402282287,6.806248726804174
146,335349.87594531185,4263047.275,-230.66297570780785,8.51704531186568
147,335365.9504018455,4263047.194937823,-228.42114739279282,24.57538630122134
148,335359.58315595886,4263047.114183396,-226.1793190777778,18.191601807844055
149,335355.2375284826,4263047.033335939,-223.93749076276282,13.829828482672246
150,335361.93405653,4263046.952667848,-221.6956624477478,20.50992349208659
151,335348.2122778201,4263046.872727938,-219.45383413273277,6.771877820058196
152,335347.5701793038,4263046.792156938,-217.21200581771774,6.113468538392593
153,335347.9710671592,4263046.71092576,-214.9701775027027,6.497967159180912
154,335349.3445616268,4263046.631,-212.72834918768774,7.855261626784948
155,335349.38904667203,4263046.550888152,-210.4865208726727,7.883146672052242
156,335349.06795831176,4263046.47010664,-208.2446925576577,7.5459583117408675
157,335347.4005621403,4263046.389155984,-206.00286424264266,5.862001136265706
158,335348.8055827971,4263046.308613333,-203.7610359276277,7.251036130215447
159,335345.7232190015,4263046.228429771,-201.51920761261266,4.152133886985248
160,335348.88092667813,4263046.147914089,-199.27737929759763,7.293526678120768
161,335349.4876018255,4263046.067342812,-197.0355509825826,7.883937528455823
162,335348.7835420547,4263045.986584143,-194.79372266756758,7.163442054678098
163,335347.5883997303,4263045.905917519,-192.5518943525526,5.95215848957098
164,335347.05759818724,4263045.825077197,-190.31006603753758,5.4048174864883896
165,335349.3674372643,4263045.745319112,-188.06823772252255,7.69860108672933
166,335349.77007649135,4263045.664488859,-185.82640940750753,8.084772034728
167,335348.2840244388,4263045.583570366,-183.58458109249256,6.582324438853984
168,335349.2876023895,4263045.503048595,-181.34275277747753,7.569564538390522
169,335348.6490270977,4263045.423289922,-179.1009244624625,6.914949578273919
170,335347.6130353906,4263045.34246382,-176.85909614744747,5.862401345549598
171,335348.85141205584,4263045.262,-174.61726783243245,7.084487290942764
172,335346.31272844033,4263045.181018397,-172.37543951741748,4.529528440351531
173,335364.6434937725,4263045.101130992,-170.13361120240245,22.844193772456677
174,335348.74615810096,4263045.020369455,-167.89178288738742,6.9302581009791915
175,335350.7534510369,4263044.939751329,-165.6499545723724,8.921138869153445
176,335350.61263156735,4263044.864444922,-163.40812625735737,8.761754028324235
177,335347.77434522385,4263044.808632682,-161.1662979423424,5.894761565215088
178,335347.76694587985,4263044.752952507,-158.92446962732737,5.859222133003027
179,335349.64522043016,4263044.6977651315,-156.68264131231234,7.708720430164245
180,335347.88128213375,4263044.642072047,-154.44081299729731,5.916496543192109
181,335348.63344310917,4263044.587,-152.19898468228234,6.639872040375157
182,335351.60298442957,4263044.53125278,-149.95715636726732,9.581110819658525
183,335347.77491170453,4263044.475878469,-147.7153280522523,5.724550938983555
184,335372.37162947154,4263044.420572999,-145.47349973723726,30.29281597101426
185,335383.51780021086,4263044.365,-143.23167142222223,41.41040021085562
186,335357.2320776107,4263044.309834573,-140.98984310720726,15.09629489768198
187,335351.78134660335,4263044.253976123,-138.74801479219224,9.617225114624043
188,335350.0558650946,4263044.199,-136.5061864771772,7.863022592530157
189,335350.07407326775,4263044.143242824,-134.26435816216218,7.852994679935006
190,335350.09073119983,4263044.087754213,-132.0225298471472,7.84091975307123
191,335351.9720410117,4263044.032,-129.78070153213218,9.693741011690506
192,335352.30401659926,4263043.976853234,-127.53887321711716,9.997343216145184
193,335360.2016140681,4263043.921545878,-125.29704490210213,17.86652324378491
194,335351.11587883125,4263043.865913981,-123.0552165870871,8.752035821434893
195,335349.70407798834,4263043.811000001,-120.81338827207213,7.312017092300195
196,335347.2117607872,4263043.755181242,-118.5715599570571,4.791042028962644
197,335348.2155641789,4263043.699634305,-116.32973164204208,5.766681331255956
198,335361.492122059,4263043.64445222,-114.08790332702705,19.014529057570055
199,335346.60896392906,4263043.58880028,-111.84607501201208,4.102984041322584
200,335348.25391195837,4263043.533462556,-109.60424669699705,5.719443236417399
201,335346.97870437556,4263043.4778440865,-107.36241838198202,4.4156264189077
202,335348.88797000743,4263043.438999999,-105.120590066967,6.302970007437839
203,335349.10775423865,4263043.428,-102.87876175195197,6.51205423862899
204,335350.2654889898,4263043.416999999,-100.636933436937,7.658732826800499
205,335352.098812287,4263043.406,-98.39510512192197,9.48111228697007
206,335349.24676446366,4263043.394826535,-96.15327680690694,6.618277731329673
207,335347.7239747896,4263043.383,-93.91144849189192,5.0846658586243505
208,335347.86389075813,4263043.3719999995,-91.66962017687695,5.213490758126216
209,335357.4762346466,4263043.3610000005,-89.42779186186192,14.815134646522182
210,335346.4092008585,4263043.35,-87.18596354684689,3.7368900821300413
211,335345.554746856,4263043.338,-84.94413523183186,2.871646855963842
212,335346.9674434142,4263043.327,-82.70230691681684,4.273643414206588
213,335346.697394955,4263043.316000001,-80.46047860180187,3.9922949549587026
214,335346.7953514059,4263043.304769771,-78.21865028678684,4.079551405941063
215,335346.1961382348,4263043.2930000005,-75.97682197177181,3.469496765815763
216,335345.64651469374,4263043.282,-73.73499365675679,2.9087749232355415
217,335345.62014685594,4263043.271000001,-71.49316534174176,2.871646855963842
218,335346.25032534986,4263043.26,-69.25133702672679,3.4910253498567556
219,335345.7413746261,4263043.248510873,-67.00950871171176,2.9711300625759405
220,335345.91949521593,4263043.237,-64.76768039669673,3.1381952159791915
221,335348.6267771378,4263043.226,-62.525852081681705,5.8346805452290855
222,335345.7281606838,4263043.215,-60.284023766666735,2.92496068379457
223,335346.06219521706,4263043.204,-58.04219545165171,3.2481952170346773
224,335345.6183919367,4263043.192,-55.80036713663668,2.7936919366840107
225,335345.2092357288,4263043.181,-53.55853882162165,2.3735357975870777
226,335345.5440950058,4263043.17,-51.316710506606626,2.697395005769922
227,335345.30470272014,4263043.159,-49.074882191591655,2.4473027201412445
228,335345.4582119057,4263043.1522706915,-46.83305387657663,2.5925119056237977
229,335344.8051734499,4263043.174,-44.5912255615616,1.943876121973578
230,335347.09007717506,4263043.194706033,-42.34939724654657,4.233677175043618
231,335347.04424737254,4263043.215707939,-40.107568931531546,4.192147372525552
232,335347.5525681983,4263043.237,-37.86574061651652,4.705368198280041
233,335345.1271524887,4263043.258,-35.62391230150149,2.2843524886887545
234,335344.749897955,4263043.279,-33.38208398648658,1.9119979550107449
235,335345.59869510174,4263043.300110665,-31.14025567147155,2.7651951017249305
236,335345.71472915425,4263043.321,-28.898427356456523,2.8861056051222094
237,335346.61658152635,4263043.342,-26.656599041441496,3.7923815263809044
238,335348.9326429559,4263043.363661306,-24.414770726426468,6.113173608943732
239,335345.33938739885,4263043.38451224,-22.17294241141144,2.524487398829604
240,335346.76013188984,4263043.405569123,-19.931114096396414,3.94985953880184
241,335346.10741856415,4263043.427,-17.689285781381386,3.3017185641329974
242,335346.2521821909,4263043.448,-15.447457466366359,3.450913421521552
243,335346.41674233135,4263043.469,-13.205629151351445,3.6203423313759786
244,335345.0983848138,4263043.49,-10.963800836336418,2.3063848137997947
245,335357.5833663416,4263043.511,-8.72197252132139,14.796266341600745
246,335357.012711762,4263043.532,-6.480144206306363,14.230011762003228
247,335344.5831702993,4263043.553,-4.238315891291336,1.8053702993492893
248,335343.95338366146,4263043.574,-1.9964875762763086,1.1799836614310741
249,335344.39204974176,4263043.595,0.24534073873871876,1.623449741773348
250,335343.8406973125,4263043.616865528,2.487169053753746,1.0764973125197366
251,335343.2387266205,4263043.637317048,4.728997368768773,0.47942662052832713
252,335344.5611128063,4263043.658816658,6.970825683783687,1.806212806304255
253,335343.0838895936,4263043.68,9.212653998798714,0.33359810283935004
254,335345.3235035923,4263043.701,11.454482313813742,2.577903592250592
255,335342.7412,4263043.722,13.696310628828769,0.0
256,335343.33689493063,4263043.743,15.938138943843796,0.6005949306175729
257,335344.5287395905,4263043.7639999995,18.179967258858824,1.7968395904641263
258,335346.07444781665,4263043.785,20.42179557387385,3.347347816601063
259,335345.8609159951,4263043.806521168,22.66362388888888,3.1382159951174806
260,335346.1053159912,4263043.827368753,24.905452203903906,3.3875159912311372
261,335346.06839591917,4263043.848930156,27.14728051891882,3.3549959191744096
262,335346.0841086694,4263043.87,29.389108833933847,3.3756086694441994
263,335346.29837555427,4263043.890922472,31.630937148948874,3.594275554264756
264,335345.7231033382,4263043.912,33.8727654639639,3.023903338267004
265,335346.63073523453,4263043.933,36.11459377897893,3.935935234560437
266,335346.66773327807,4263043.959,38.356422093993956,3.951194525486404
267,335347.06037863845,4263043.9860000005,40.59825040900898,4.319634735762117
268,335346.5673508816,4263044.012183142,42.84007872402401,3.8021593105108296
269,335347.0138760861,4263044.039,45.08190703903904,4.2247390411863
270,335347.41331715864,4263044.067,47.32373535405395,4.586851219086277
271,335348.43107517867,4263044.097,49.56556366906898,5.5568153098985995
272,335348.30300295167,4263044.12694338,51.807391984084006,5.380659572777499
273,335349.1373970428,4263044.156268665,54.049220299099034,6.167062710474126
274,335350.2534432106,4263044.186348201,56.29104861411406,7.233920909974086
275,335349.6313317202,4263044.2142118225,58.53287692912909,6.557419897276476
276,335349.34537952597,4263044.242,60.774705244144116,6.217336378065635
277,335349.55657767947,4263044.27,63.01653355915914,6.37405855984674
278,335348.2492730036,4263044.298,65.25836187417417,5.012665603985737
279,335353.38937129325,4263044.318,67.50019018918908,10.108071293259947
280,335349.6898308255,4263044.338,69.74201850420411,6.364107082706647
281,335346.80612466246,4263044.358,71.98384681921914,3.4356415400489615
282,335346.9334503893,4263044.3780000005,74.22567513423417,3.5186322416458307
283,335346.8437839505,4263044.387,76.4675034492492,3.3885976223358862
284,335347.3015094172,4263044.391,78.70933176426422,3.8078573616232902
285,335346.4806946403,4263044.395,80.95116007927925,2.94911365406517
286,335348.0234498679,4263044.398,83.19298839429428,4.453182581060814
287,335349.65897030494,4263044.396483526,85.4348167093093,6.0481054775264536
288,335353.50042528065,4263044.381,87.67664502432422,9.843787234961212
289,335349.9593448374,4263044.365706284,89.91847333933924,6.257097979107116
290,335348.3773882746,4263044.35,92.16030165435427,4.629308167952891
291,335348.9930377994,4263044.335,94.4021299693693,5.199169502140006
292,335348.86632178794,4263044.309184065,96.64395828438433,5.018479479157928
293,335348.1614239129,4263044.282068607,98.88578659939935,4.25868565954434
294,335348.97779768566,4263044.256,101.12761491441438,5.020250675848226
295,335348.95445473655,4263044.228999999,103.36944322942941,4.94175867139575
296,335349.5916806533,4263044.206722344,105.61127154444443,5.518991936194374
297,335352.2695277497,4263044.1857605055,107.85309985945946,8.134512203840389
298,335349.7743197016,4263044.164,110.09492817447438,5.576998765569709
299,335350.2174822584,4263044.143122967,112.3367564894894,5.957366708747217
300,335349.2752384534,4263044.1280000005,114.57858480450443,4.951050904892617
301,335348.94694140984,4263044.1219999995,116.82041311951946,4.554761189710711
302,335347.9339678752,4263044.117,119.06224143453449,3.473787053966492
303,335348.00022664305,4263044.1110000005,121.30406974954951,3.471896135357904
304,335348.5487961872,4263044.106000001,123.54589806456454,3.952294674715672
305,335348.1526297044,4263044.117090876,125.78772637957957,3.4928479156854655
306,335349.06549951027,4263044.128955923,128.0295546945946,4.342865625935655
307,335349.57357042003,4263044.14,130.2713830096095,4.787970420014688
308,335349.9466908271,4263044.151000001,132.51321132462454,5.098024401682242
309,335350.1079875871,4263044.17,134.75503963963956,5.193602904398543
310,335349.5156258732,4263044.193049892,136.9968679546546,4.533675981754935
311,335349.7123922195,4263044.217,139.23869626966962,4.662636060465596
312,335351.635527098,4263044.24,141.48052458468464,6.5185695335923235
313,335352.56148229906,4263044.263050511,143.72235289969967,7.367081278655496
314,335353.3704957239,4263044.287,145.9641812147147,8.07964550676309
315,335350.95900380117,4263044.310834923,148.20600952972973,5.571216494968741
316,335353.5525844079,4263044.334,150.44783784474464,8.068397909493125
317,335352.84426831675,4263044.357,152.68966615975967,7.259954298905037
318,335352.7401356833,4263044.3719999995,154.9314944747747,7.023220816700353
319,335350.19716510864,4263044.387479805,157.17332278978972,4.348073672579187
320,335351.82345756737,4263044.403,159.41515110480475,5.841838061905072
321,335351.96215056936,4263044.4180000005,161.65697941981978,5.848373744826831
322,335355.290460579,4263044.421,163.8988077348348,9.018910479291005
323,335351.9581751942,4263044.42,166.14063604984983,5.52165424619557
324,335350.79496402363,4263044.419,168.38246436486486,4.193064630530344
325,335352.3313045901,4263044.419,170.62429267987977,5.564504745693802
326,335353.0904295077,4263044.409558831,172.8661209948948,6.14719128674993
327,335352.24408096174,4263044.388748872,175.10794930990983,5.107927128294812
328,335350.98655671446,4263044.368,177.34977762492485,3.6579633076944664
329,335353.4204946602,4263044.347,179.59160593993988,5.899050180912624
330,335354.32488110656,4263044.325171424,181.8334342549549,6.608338241977505
331,335354.5363575775,4263044.296,184.07526256996994,6.603614804114779
332,335351.4030124639,4263044.266617805,186.31709088498496,3.2536779249498866
333,335352.2823506007,4263044.237556885,188.5589192,3.9168793381168716
334,335355.65348974505,4263044.208000001,190.8007475150149,7.071897107512079
335,335354.97387746687,4263044.179,193.04257583002993,6.1509919525980505
336,335353.4040843023,4263044.15,195.28440414504496,4.336837533136075
337,335356.28633762174,4263044.120216369,197.52623246006,6.974681460218093
338,335358.90067687567,4263044.091033632,199.768060775075,9.344641671676445
339,335366.96063781885,4263044.064879602,202.00988909009004,17.145027469948147
340,335358.84350747534,4263044.039443041,204.25171740510507,8.756892294453273
341,335359.57348566485,4263044.014524873,206.4935457201201,9.215992367820434
342,335360.5421886395,4263043.99,208.73537403513512,9.91398629578854
343,335360.28492546274,4263043.967,210.97720235015004,9.383138720221359
344,335360.3977746557,4263043.953,213.21903066516506,9.213453694347422
345,335359.6694317417,4263043.938999999,215.4608589801801,8.203029639036608
346,335360.0873576126,4263043.925,217.70268729519512,8.338915348101663
347,335361.4418609279,4263043.912,219.94451561021015,9.41238876964178
348,335360.88803583005,4263043.904,222.18634392522517,8.581380596460923
349,335360.7847905855,4263043.896000001,224.4281722402402,8.200639882818294
350,335357.97761601396,4263043.887,226.67000055525523,5.1159689184923955
351,335360.48290955316,4263043.879,228.91182887027026,7.344215909244213
352,335361.31284664857,4263043.869,231.15365718528528,7.901181888012372
353,335361.78630145144,4263043.859237519,233.3954855003002,8.102602815351794
354,335361.95315433317,4263043.849060587,235.63731381531522,7.9974117957924165
355,335359.03301462944,4263043.839881002,237.87914213033025,4.804812541221372
356,335362.24006857205,4263043.824,240.12097044534528,7.740470844800668
357,335362.3310267241,4263043.805,242.3627987603603,7.559900208163571
358,335360.8622103601,4263043.786,244.60462707537533,5.819842788418249
359,335359.2283288107,4263043.767,246.84645539039036,3.914410737628031
360,335362.3136838657,4263043.748,249.0882837054054,6.72824780820528
361,335361.5460403307,4263043.728999999,251.33011202042042,5.688972917985702
362,335362.7024518458,4263043.71,253.57194033543533,6.573987062614793
363,335362.37269783753,4263043.691000001,255.81376865045036,5.972813444828797
364,335362.46362525196,4263043.672,258.0555969654654,5.792149097697793
365,335363.11218705727,4263043.653,260.2974252804804,6.169417535654475
366,335363.3797640663,4263043.633,262.53925359549544,6.155545452120954
367,335363.6760624223,4263043.613,264.78108191051047,6.168186194343631
368,335368.0373998276,4263043.593490833,267.0229102255255,10.245617744842821
369,335367.72470382287,4263043.573282144,269.2647385405405,9.649381332245609
370,335367.00026626803,4263043.553074257,271.50656685555555,8.641341516495554
371,335365.772695635,4263043.533866043,273.74839517057046,7.130251708376811
372,335368.6631814219,4263043.5139999995,275.9902234855855,9.737211470842439
373,335365.6219424463,4263043.494,278.2320518006005,6.412345845646746
374,335365.7624365265,4263043.485752984,280.47388011561554,6.270817431595231
375,335365.6630210348,4263043.516949836,282.71570843063057,5.894717001376669
376,335367.5642098032,4263043.5481455,284.9575367456456,7.518878605589475
377,335370.33212889393,4263043.5793070095,287.1993650606606,10.00951753730413
378,335368.27542809315,4263043.610548484,289.44119337567565,7.675992040830253
379,335369.43182495236,4263043.6659574285,291.6830216906907,8.574590980171022
380,335368.1989588049,4263043.733691675,293.9248500057056,7.093375868479836
381,335372.44783198653,4263043.800969126,296.1666783207206,11.09390608584511
382,335370.5107449443,4263043.868298494,298.40850663573565,8.908428556767166
383,335381.20097005536,4263043.936272109,300.6503349507507,19.35026461628572
384,335375.8004502544,4263044.004111698,302.8921632657657,13.701459310467515
385,335369.85716346785,4263044.071558072,305.13399158078073,7.5099498772371485
386,335371.0606796497,4263044.138798084,307.37581989579576,8.464969034164197
387,335370.52575450944,4263044.206844367,309.6176482108108,7.681879361889889
388,335369.37627116713,4263044.273984485,311.8594765258258,6.2840394332431435
389,335373.10565863404,4263044.3422621945,314.1013048408407,9.765150709960524
390,335370.88157011825,4263044.40984382,316.34313315585575,7.292482477334672
391,335371.50878140813,4263044.4774139095,318.5849614708708,7.671587685684708
392,335371.35893036606,4263044.545115381,320.8267897858858,7.2734188373080215
393,335370.18336015707,4263044.612701217,323.06861810090084,5.849543709276991
394,335427.16231131967,4263044.68032542,325.31044641591586,62.57998589953021
395,335373.1558759638,4263044.747985817,327.5522747309309,8.325352550505768
396,335370.54083128076,4263044.815259103,329.7941030459459,5.462031703980673
397,335373.9419212183,4263044.883272804,332.03593136096094,8.614748073637207
398,335371.77378999756,4263044.951253827,334.27775967597586,6.198473159551181
399,335372.66025474155,4263045.018465477,336.5195879909909,6.836406642766669
400,335375.3592903756,4263045.085775112,338.7614163060059,9.287169839745737
401,335375.03306670976,4263045.153843274,341.00324462102094,8.71261302793508
402,335375.99906570587,4263045.221,343.24507293603597,9.430340072147828
403,335376.7984098691,4263045.289218556,345.486901251051,9.981266778610193
404,335374.8364449073,4263045.35654145,347.728729566066,7.77101006616015
405,335379.84406338586,4263045.424808673,349.97055788108105,12.530137367474731
406,335376.16233215557,4263045.492006167,352.2123861960961,8.600267046487907
407,335378.1856137094,4263045.55970086,354.454214511111,10.375229066729013
408,335383.1534609632,4263045.627682376,356.696042826126,15.09471854933846
409,335401.23741533695,4263045.69497501,358.93787114114104,32.93040030294881
410,335409.83248056995,4263045.763007263,361.1796994561561,41.27724498394701
411,335391.1864236551,4263045.830556758,363.4215277711711,22.382831761462302
412,335384.41928282334,4263045.897826895,365.6633560861861,15.367250205605629
413,335377.2807389449,4263045.965555606,367.90518440120115,7.980394232592388
414,335382.53464941116,4263046.033396449,370.1470127162162,12.985978998960537
415,335379.3783894038,4263046.101,372.3888410312312,9.58143558963681
416,335378.5571740339,4263046.162945361,374.6306693462461,8.531987126657354
417,335378.66574831115,4263046.213969923,376.87249766126115,8.44908065152404
418,335378.33750497614,4263046.264993627,379.1143259762762,7.929320272298181
419,335412.4178943226,4263046.316000001,381.3561542912912,41.8182008147506
420,335418.75956825964,4263046.367,383.59798260630623,47.968847547658825
421,335431.463959591,4263046.417150918,385.83981092132126,60.48172756957092
422,335441.2649166031,4263046.469102297,388.0816392363363,70.09116649408297
423,335419.47263018426,4263046.520156929,390.3234675513513,48.10738092942332
424,335414.8894197363,4263046.571,392.56529586636634,43.33293806682217
425,335411.9674089014,4263046.621376574,394.80712418138137,40.2194804393482
426,335429.26092722116,4263046.672611045,397.0489524963963,57.32157175907585
427,335423.02056653943,4263046.723232846,399.2907808114113,50.889642017790884
428,335417.65306440415,4263046.774179957,401.53260912642634,45.33106257240436
429,335422.7222860841,4263046.825345469,403.77443744144136,50.208738756300384
430,335419.8342204727,4263046.876397183,406.0162657564564,47.12927004968903
431,335387.55626256915,4263046.927338997,408.2580940714714,14.659770984130349
432,335394.03658033774,4263046.978366149,410.49992238648645,20.948752357836998
433,335386.89430194756,4263047.029226257,412.7417507015015,13.615049433995733
434,335388.837147699,4263047.080416718,414.9835790165165,15.366555813215241
435,335400.0076686874,4263047.131443786,417.2254073315314,26.345516026120418
436,335384.52982698736,4263047.182470532,419.46723564654644,10.676391913300632
437,335382.25268303737,4263047.23385001,421.70906396156147,8.207643014230568
438,335383.00452385197,4263047.284522253,423.9508922765765,8.768325939320293
439,335383.367527189,4263047.335549339,426.1927205915915,8.93981009982809
440,335393.1991199851,4263047.386426926,428.43454890660655,18.57996843923549
441,335407.6182168961,4263047.437260579,430.6763772216216,32.807621795142346
442,335429.2333767226,4263047.4886293,432.9182055366366,54.231607803537486
443,335426.9258618139,4263047.539656435,435.16003385165163,51.73257349887949
444,335439.716952466,4263047.59,437.40186216666655,64.33226089246438
445,335466.71197340183,4263047.64155639,439.6436904816816,91.13593806630105
446,335424.81408799754,4263047.692470774,441.8855187966966,49.04665229477502
447,335418.4495623537,4263047.743694482,444.12734711171163,42.490631665850174
448,335411.5042076427,4263047.793787594,446.36917542672666,35.35374222712559
449,335415.961883373,4263047.844761896,448.6110037417417,39.62027387490477
450,335413.7067545094,4263047.8958819825,450.8528320567567,37.17351478047683
451,335409.6132458177,4263047.947,453.09466037177174,32.88874793216789
452,335403.3781478921,4263047.997892675,455.33648868678677,26.46212011950379
453,335404.5570862518,4263048.048911083,457.5783170018017,27.449533028986757
454,335413.0664730696,4263048.1,459.8201453168167,35.76783521746797
455,335416.5059073152,4263048.150971697,462.06197363183173,39.01583185003625
456,335412.4982218373,4263048.201998762,464.30380194684676,34.816627285232485
457,335411.28169033205,4263048.253025835,466.5456302618618,33.40858699370001
458,335407.84152446355,4263048.304050579,468.7874585768768,29.77730191680365
459,335421.02490956313,4263048.353052396,471.02928689189184,42.81145716648586
460,335436.8477335261,4263048.398921187,473.27111520690687,58.54128327094362
461,335411.31692173047,4263048.445792413,475.5129435219219,32.91783311089113
462,335439.03387382836,4263048.491330434,477.7547718369369,60.54184339522821
463,335430.06499406986,4263048.53762215,479.99660015195195,51.48000090955619
464,335452.06198533997,4263048.583522216,482.238428466967,73.38419312879137
465,335446.361834928,4263048.629717312,484.480256781982,67.59111761568496
466,335451.594954634,4263048.676,486.72208509699703,72.73146154192106
467,335437.6824544177,4263048.722220633,488.96391341201183,58.725935215240895
468,335435.02549896314,4263048.76802029,491.20574172702686,55.976158384170795
469,335415.2741286366,4263048.814021352,493.4475700420419,36.13198806770517
470,335420.7552752284,4263048.86091954,495.6893983570569,41.52003614937448
471,335412.4431725423,4263048.9065302005,497.93122667207194,33.11530744214116
472,335416.7270308737,4263048.952720114,500.17305498708697,37.30619064576276
473,335470.1287951555,4263048.999,502.414883302102,90.61523485130022
474,335425.61366863194,4263049.045446643,504.656711617117,46.00704333181034
475,335432.3014976145,4263049.091420242,506.89853993213205,52.601957132124014
476,335464.48785757145,4263049.137318429,509.1403682471471,84.69559334271298
477,335442.61713551334,4263049.183597355,511.3821965621621,62.73203683546386
478,335430.66869103233,4263049.229203438,513.6240248771771,50.690487593900514
479,335414.14792695415,4263049.276017306,515.8658531921922,34.07709234154896
480,335413.07970060187,4263049.322,518.1076815072072,32.91576788623687
481,335413.006686027,4263049.367818077,520.3495098222222,32.750231679153345
482,335426.76672236173,4263049.414716443,522.5913381372372,46.41718947475449
483,335408.92003704264,4263049.460617337,524.8331664522523,28.477593698492765
484,335412.4343792619,4263049.506583602,527.0749947672673,31.898945821198048
485,335420.0854874392,4263049.552417172,529.3168230822821,39.45725309487272
486,335413.18226951547,4263049.598316171,531.5586513972971,32.46127908773105
487,335404.15728581714,4263049.645108568,533.8004797123122,23.343579538751154
488,335411.1843342143,4263049.691000001,536.0423080273272,30.277419205129537
489,335412.6379540516,4263049.737016226,538.2841363423422,31.63842159801848
490,335420.31837702927,4263049.783,540.5259646573572,39.225807215542815
491,335444.86172119767,4263049.829686625,542.7677929723723,63.67650323489884
492,335434.4776785785,4263049.875715062,545.0096212873873,53.19941996140001
493,335450.38645518204,4263049.921547842,547.2514496024023,69.0152594971577
494,335420.1481254016,4263049.967513878,549.4932779174173,38.68424903384935
495,335429.8155446119,4263050.01417238,551.7351062324324,48.25868604142943
496,335450.2753956201,4263050.060313459,553.9769345474474,68.62571197288423
497,335413.8084107697,4263050.102,556.2187628624624,32.116510769675244
498,335428.7524794757,4263050.140047958,558.4605911774775,47.05867947569569
499,335424.6046994629,4263050.178884584,560.7024194924925,42.90939946284068
500,335421.5626277135,4263050.2177616535,562.9442478075075,39.86532771347773
501,335403.1712868144,4263050.255619402,565.1860761225225,21.472086814386365
502,335409.4063485348,4263050.294,567.4279044375376,27.705648534788384
503,335409.06556975783,4263050.332534965,569.6697327525524,27.362969757825816
504,335412.6015711391,4263050.371192703,571.9115610675674,30.896971139120367
505,335408.08914546244,4263050.409050161,574.1533893825824,26.383045462453016
506,335420.16265160247,4263050.447906399,576.3952176975974,38.454651602507475
507,335421.30555055407,4263050.4860000005,578.6370460126125,39.59555055406511
508,335424.3715032422,4263050.5246216105,580.8788743276275,42.66010324222652
509,335429.88799347053,4263050.563,583.1207026426425,48.17459347055209
510,335417.21033885045,4263050.601336639,585.3625309576576,35.495370530809964
511,335393.4454506721,4263050.64,587.6043592726726,11.728650672124594
512,335408.8690229302,4263050.678,589.8461875876876,27.150222930237838
513,335431.25663957844,4263050.716906162,592.0880159027026,49.53643957846349
514,335409.9890847871,4263050.754764838,594.3298442177177,28.266884787044212
515,335404.026363308,4263050.7930000005,596.5716725327327,22.302263308017743
516,335415.0789428947,4263050.8319999995,598.8135008477477,33.35334289471794
517,335423.1660109411,4263050.870338037,601.0553291627627,41.43851094110179
518,335437.74964802386,4263050.908991532,603.2971574777778,56.020148023820006
519,335406.20424779766,4263050.947051031,605.5389857927928,24.473247797640308
520,335431.4349199553,4263050.985909583,607.7808141078078,49.702019955348405
521,335412.0235509329,4263051.024,610.0226424228229,30.288650932904766
522,335425.5360136723,4263051.062624803,612.2644707378377,43.79971367233914
523,335424.0849723052,4263051.101,614.5062990528527,42.34667230522135
524,335407.838193515,4263051.139145843,616.7481273678677,26.098420593609795
525,335423.841887578,4263051.177196129,618.9899556828827,42.100187577996785
526,335418.5307177691,4263051.216054462,621.2317839978978,36.78701776910569
527,335426.78605564067,4263051.254,623.4736123129128,45.04095564067199
528,335467.6773173883,4263051.292769901,625.7154406279278,85.93021738829083
529,335415.1442980071,4263051.331626245,627.9572689429428,33.395298007081394
530,335451.9755393668,4263051.369118769,630.1990972579579,70.22503936674003
531,335435.63098630786,4263051.408,632.4409255729729,53.87858630784118
532,335421.344334571,4263051.446198095,634.6827538879879,39.58993457098743
533,335431.2147854244,4263051.485056531,636.924582203003,49.45888542443198
534,335419.2898386134,4263051.522915,639.166410518018,37.53203861342433
535,335420.17905911757,4263051.561770226,641.408238833033,38.419374004890834
536,335503.1511458331,4263051.6,643.650067148048,121.38994583308671
537,335560.5729324541,4263051.638082207,645.8918954630631,178.80973245411258
538,335524.17578702176,4263051.677,648.1337237780781,142.41101652633108
539,335453.26146887126,4263051.7151993215,650.3755520930931,71.4948688713091
540,335547.3476190862,4263051.734,652.6173804081079,165.58101908623684
541,335508.0130396233,4263051.731093795,654.859208723123,126.24843962336226
542,335472.75822748686,4263051.728999999,657.101037038138,90.99585167836783
543,335480.91292222094,4263051.726,659.342865353153,99.15262222093966
544,335459.63795809564,4263051.723999999,661.584693668168,77.87965809564493
545,335475.2987002848,4263051.721,663.826521983183,93.5424002847947
546,335527.4573489353,4263051.718,666.0683502981981,145.70294893532702
547,335551.35147909925,4263051.716,668.3101786132131,169.5990849439819
548,335461.53459995467,4263051.713,670.5520069282281,79.78459995468441
549,335433.1738264185,4263051.71,672.7938352432432,51.42582641851144
550,335420.28451834817,4263051.708000001,675.0356635582582,38.53841834816637
551,335425.9525817855,4263051.705,677.2774918732732,44.2084817855062
552,335420.56124343246,4263051.702,679.5193201882882,38.81904343247994
553,335468.30526091874,4263051.699,681.7611485033033,86.56556091878123
554,335445.91527593974,4263051.697,684.0029768183183,64.17747593974877
555,335425.17326215655,4263051.694,686.2448051333333,43.43746215652166
556,335410.6679784571,4263051.692,688.4866334483484,28.93407845714309
557,335492.67274337815,4263051.688999999,690.7284617633634,110.94084337812649
558,335472.2474783246,4263051.686000001,692.9702900783782,90.51784764975437
559,335444.5243399535,4263051.683999999,695.2121183933932,62.79683995353442
560,335498.2258269666,4263051.681,697.4539467084082,116.5002269665558
561,335502.51779341925,4263051.678,699.6957750234233,120.79419341919588
562,335455.7792235733,4263051.676,701.9376033384383,74.05752357329536
563,335505.232548223,4263051.673,704.1794316534533,123.51284822295496
564,335494.40673728153,4263051.67,706.4212599684683,112.68943728153708
565,335471.13268438936,4263051.667370368,708.6630882834834,89.41738438937674
566,335475.7128799119,4263051.665,710.9049165984984,93.99947991184798
567,335458.3316838155,4263051.662,713.1467449135134,76.62028381554278
568,335433.300074506,4263051.66,715.3885732285285,51.590574506022456
569,335435.3815045559,4263051.657,717.6304015435435,53.67437649883079
570,335436.3968342283,4263051.654,719.8722298585585,54.69173422827386
571,335436.3040001024,4263051.652,722.1140581735735,54.6009001024238
572,335436.5770575758,4263051.649,724.3558864885886,54.875857575790796
573,335430.84083333885,4263051.646000001,726.5977148036036,49.14163333889586
574,335429.1168234949,4263051.643999999,728.8395431186186,47.41952415123418
575,335435.52941825776,4263051.641,731.0813714336336,53.83461825776885
576,335428.27454147866,4263051.638,733.3231997486484,46.58164147863499
577,335424.4950653822,4263051.636,735.5650280636635,42.80416538221022
578,335438.93574844056,4263051.633,737.8068563786785,57.24674844054959
579,335447.06641033536,4263051.63,740.0486846936935,65.37941033539008
580,335436.87524640013,4263051.617889174,742.2905130087086,55.18379098753886
581,335432.51097380684,4263051.589,744.5323413237236,50.80399219512097
582,335435.6191907936,4263051.5595732,746.7741696387386,53.89649079364217
583,335453.38974038494,4263051.530329536,749.0159979537536,71.65160515259682
584,335441.96328990406,4263051.501475275,751.2578262687687,60.20988990405889
585,335455.3685157219,4263051.472,753.4996545837837,73.59957764465628
586,335448.63899307186,4263051.443,755.7414828987987,66.85460361564098
587,335447.32331425574,4263051.413915156,757.9833112138137,65.5234718341477
588,335441.76385047246,4263051.385,760.2251395288288,59.94846306347972
589,335417.9789383179,4263051.355855998,762.4669678438438,36.14783831789089
590,335447.8617786789,4263051.3263558475,764.7087961588588,66.01525660276546
591,335448.8403721907,4263051.297,766.9506244738739,66.97857219069449
592,335451.74103281053,4263051.268648965,769.1924527888889,69.86389239682215
593,335448.310921209,4263051.239,771.4342811039039,66.41815910704099
594,335436.57899085287,4263051.209940931,773.6761094189189,54.670761318444384
595,335448.48492108204,4263051.181,775.9179377339337,66.56116762149327
596,335445.8763734103,4263051.152,778.1597660489488,63.93688310805204
597,335429.4264440675,4263051.1227691565,780.4015943639638,47.47172864591571
598,335439.0484084388,4263051.093527094,782.6434226789788,57.0782084388463
599,335454.1724693335,4263051.064674051,784.8852509939938,72.18666933349091
600,335449.805235461,4263051.035,787.1270793090089,67.80410944308151
601,335457.43897889357,4263051.006,789.3689076240239,75.42236144619791
602,335433.0280778294,4263050.977122136,791.6107359390389,50.99593889778814
603,335454.2232859063,4263050.948,793.852564254054,72.17550605805818
604,335436.38278555626,4263050.9184064455,796.094392569069,54.31948877906626
605,335439.0750289458,4263050.889552329,798.336220884084,56.99642894580794
606,335441.6526839679,4263050.860734927,800.578049199099,59.55848396787773
607,335456.5690986335,4263050.83177344,802.8198775141141,74.45958535400648
608,335453.8424838449,4263050.802,805.0617058291291,71.7174807961442
609,335449.4025862096,4263050.773,807.3035341441441,67.26198620959707
610,335441.2847832611,4263050.744,809.5453624591592,59.12855295380757
611,335441.03121923364,4263050.715,811.7871907741742,58.859534883978704
612,335445.9523467724,4263050.685626885,814.0290190891892,63.7653467724682
613,335463.7068964367,4263050.656724586,816.270847404204,81.50429643670127
614,335440.740907281,4263050.627,818.512675719219,58.52301688444097
615,335455.67510942265,4263050.598042533,820.7545040342341,73.4417094226294
616,335457.0971735794,4263050.569187887,822.9963323492491,74.84826752265272
617,335437.16571575747,4263050.54019453,825.2381606642641,54.901193569329486
618,335446.7797807028,4263050.511,827.4799889792791,64.49973640612737
619,335453.89305444807,4263050.481604824,829.7218172942942,71.59765444806226
620,335451.52726212936,4263050.452750465,831.9636456093092,69.21626212938217
621,335443.9614465435,4263050.423859192,834.2054739243242,61.63517613973902
622,335455.89732574293,4263050.395,836.4473022393393,73.5555473547945
623,335453.4446123333,4263050.368222471,838.6891305543543,71.09730109755354
624,335461.74267367384,4263050.352290443,840.9309588693693,79.42072845234104
625,335451.31595330813,4263050.336,843.1727871843843,69.0193112211095
626,335452.53063195164,4263050.32,845.4146154993994,70.25981613488287
627,335462.36533937027,4263050.304,847.6564438144144,80.11984035775892
628,335449.67336736014,4263050.288,849.8982721294294,67.4532317401924
629,335458.33829990897,4263050.272,852.1401004444444,76.14346296146658
630,335459.4218928989,4263050.256,854.3819287594595,77.25235999833288
631,335443.10414794076,4263050.24,856.6237570744743,60.960279567868234
632,335441.6222582028,4263050.223999999,858.8655853894893,59.503801343361474
633,335449.9305017654,4263050.208000001,861.1074137045043,67.83737099920378
634,335448.4088034173,4263050.191745141,863.3492420195194,66.34103084709295
635,335442.25814318174,4263050.175943512,865.5910703345344,60.215671425971074
636,335459.61495281843,4263050.159126569,867.8328986495494,77.5982895340437
637,335449.04841706355,4263050.143310581,870.0747269645644,67.05706177283403
638,335454.96650653594,4263050.127,872.3165552795795,73.00053225522169
639,335451.8873549161,4263050.1110000005,874.5583835945945,69.94668297266938
640,335457.22601156053,4263050.095,876.8002119096095,75.31075407666837
641,335453.4200912417,4263050.079,879.0420402246245,71.53052960087561
642,335468.3341311118,4263050.063,881.2838685396396,86.46984088558088
643,335460.1940446315,4263050.047,883.5256968546546,78.35507870799069
644,335472.4893270715,4263050.031,885.7675251696696,90.67564877160194
645,335458.66695955076,4263050.015,888.0093534846847,76.8786613784508
646,335454.2516568101,4263049.999,890.2511817996997,72.48877673916078
647,335448.0415960535,4263049.982720149,892.4930101147147,66.30443597910475
648,335479.45019652153,4263049.966961309,894.7348384297297,97.73831586679607
649,335472.8491566071,4263049.950013788,896.9766667447448,91.16264971286266
650,335455.4930264096,4263049.934160363,899.2184950597596,73.83184622775222
651,335476.21382461675,4263049.9180000005,901.4603233747746,94.57812461676083
652,335454.55382589577,4263049.902217451,903.7021516897896,72.94333891549037
653,335451.54064858606,4263049.886,905.9439800048046,69.95584746896238
654,335450.5306970914,4263049.87,908.1858083198197,68.9712219594298
655,335466.4974687347,4263049.853999999,910.4276366348347,84.9632687347098
656,335465.4277689956,4263049.838,912.6694649498497,83.91894672067775
657,335442.43113009166,4263049.822,914.9112932648648,60.94803916235132
658,335435.97116598755,4263049.806,917.1531215798798,54.51316598753816
659,335450.67523475486,4263049.79,919.3949498948948,69.24289229968244
660,335457.76626338775,4263049.773632062,921.6367782099098,76.35924735717774
661,335444.61840051616,4263049.758,923.8786065249249,63.237062478790115
662,335443.8122334306,4263049.741498302,926.1204348399399,62.456034109964406
663,335453.329007568,4263049.72507287,928.3622631549549,71.99837113272208
664,335455.8932571134,4263049.709,930.60409146997,74.58805711340966
665,335445.88444756495,4263049.693,932.845919784985,64.60438810851524
666,335472.63245958695,4263049.677,935.0877481,91.37780236119205
667,335484.77299086144,4263049.661,937.329576415015,103.5440390918635
668,335451.7026747494,4263049.645,939.5714047300298,70.49917041737288
669,335452.29804459366,4263049.629,941.8132330450449,71.1198445936084
670,335456.8482102515,4263049.613,944.0550613600599,75.69541025148601
671,335454.8981282991,4263049.597,946.2968896750749,73.77060375152547
672,335467.5361717815,4263049.581,948.5387179900899,86.43407178148374
673,335478.54769260954,4263049.564773489,950.780546305105,97.47110586534448
674,335460.1319125647,4263049.528682658,953.02237462012,79.09362990630474
675,335449.7541245427,4263049.492818658,955.264202935135,68.75471521352611
676,335464.6988206415,4263049.456,957.50603125015,83.73802943922955
677,335455.4983344287,4263049.42,959.7478595651651,74.5763389900799
678,335468.6599387052,4263049.383233155,961.9896878801801,87.77690554990029
679,335446.48467807646,4263049.347,964.2315161951951,65.64019662776126
680,335461.52374103706,4263049.31050882,966.4733445102102,80.71803221714346
681,335450.92319744336,4263049.274646221,968.7151728252252,70.15645122251046
682,335414.61258767673,4263049.237784484,970.9570011402402,33.88430319209494
683,335453.08952026314,4263049.201644572,973.1988294552552,72.40002026318152
684,335455.16733086563,4263049.165060151,975.4406577702703,74.51687071436125
685,335456.2380787632,4263049.129,977.6824860852853,75.62612550441426
686,335459.6103408277,4263049.092867191,979.9243144003001,79.0371939512977
687,335446.6959089877,4263049.056,982.1661427153151,66.16160348319366
688,335463.93838736444,4263049.02,984.4079710303301,83.44280470119888
689,335457.10324608913,4263048.983301659,986.6497993453452,76.64659525976127
690,335466.1520066813,4263048.947,988.8916276603602,85.73400668132017
691,335471.5885175842,4263048.911,991.1334559753752,91.20911758422464
692,335469.1637935096,4263048.874195772,993.3752842903903,88.82329773721699
693,335437.6734299868,4263048.838,995.6171126054053,57.37162040607943
694,335453.0285950303,4263048.801636723,997.8589409204203,72.76557666896221
695,335469.2486861613,4263048.765,1000.1007692354353,89.02459720618708
696,335446.7051447329,4263048.728999999,1002.3425975504504,66.51964473285506
697,335467.7467924203,4263048.692,1004.5844258654654,87.6000114817302
698,335468.77979404683,4263048.656,1006.8262541804804,88.67191061025648
699,335474.6026198716,4263048.62,1009.0680824954954,94.53364593056713
700,335457.89849861286,4263048.583000001,1011.3099108105105,77.8681140950361
701,335458.79155172716,4263048.547,1013.5517391255255,78.80006425861929
702,335452.60569542425,4263048.510515362,1015.7935674405405,72.65283774298368
703,335475.3252073736,4263048.473999999,1018.0353957555556,95.4109039155623
704,335515.6771302758,4263048.438,1020.2772240705706,135.80163027577544
705,335530.8844069848,4263048.401931876,1022.5190523855854,151.048041046448
706,335494.9893638838,4263048.365,1024.7608807006004,115.19140760013241
707,335534.41354844463,4263048.329,1027.0027090156154,154.6546178213813
708,335523.5849493496,4263048.291999999,1029.2445373306305,143.86488410684117
709,335540.3794280911,4263048.24356167,1031.4863656456455,160.67632809112817
710,335517.47195064,4263048.187,1033.7281939606605,137.77325064003708
711,335529.9837725902,4263048.13,1035.9700222756755,150.28947259022326
712,335520.6266685286,4263048.073,1038.2118505906906,140.9367685285902
713,335521.8983825978,4263048.017,1040.4536789057056,142.21238259778573
714,335500.8625600512,4263047.96,1042.6955072207206,121.18096005121957
715,335528.27367862297,4263047.903,1044.9373355357357,148.5964786230031
716,335545.6074292612,4263047.846599033,1047.1791638507507,165.9342896477794
717,335533.43289784,4263047.789443737,1049.4209921657657,153.76399784001552
718,335520.70446461934,4263047.733,1051.6628204807807,141.03986461929398
719,335501.5107602126,4263047.67684821,1053.9046487957958,121.85056021263152
720,335557.2097126959,4263047.62,1056.1464771108108,177.55341269594896
721,335536.2417670359,4263047.563,1058.3883054258258,156.58986703593422
722,335576.699078053,4263047.506,1060.6301337408408,197.05157805297
723,335571.79820684396,4263047.449580371,1062.8719620558556,192.1551068439923
724,335539.97121103,4263047.392903749,1065.1137903708707,160.33201102998837
725,335513.9699784774,4263047.336138466,1067.3556186858857,134.33517847741757
726,335496.61340605945,4263047.279831606,1069.5974470009007,116.98300605940517
727,335532.4022605477,4263047.222925239,1071.8392753159158,152.77626054771528
728,335532.29148639727,4263047.166193947,1074.0811036309308,152.6693863973129
729,335531.1602280484,4263047.109008012,1076.3229319459458,151.54252804836156
730,335512.2133358883,4263047.052592458,1078.5647602609608,132.6000358882757
731,335524.37807146186,4263046.99645836,1080.8065885759759,144.7689422819205
732,335555.9910501646,4263046.939077318,1083.048416890991,176.3860501646499
733,335522.579531165,4263046.882886337,1085.290245206006,142.97893116502817
734,335512.6080605749,4263046.825867116,1087.532073521021,133.01186057487007
735,335523.4146750225,4263046.769106288,1089.773901836036,143.8223750224632
736,335536.2567066746,4263046.712124392,1092.015730151051,156.66880667457727
737,335547.1167262251,4263046.656,1094.257558466066,167.53322622512013
738,335532.93081674847,4263046.599475202,1096.499386781081,153.3517167484796
739,335528.64200167236,4263046.542023318,1098.741215096096,149.06680167236183
740,335509.63229918614,4263046.4859340945,1100.983043411111,130.06149918613767
741,335524.5666683416,4263046.429,1103.224871726126,145.0002683415623
742,335532.09520208725,4263046.372004412,1105.466700041141,152.5332020872584
743,335504.6013987485,4263046.315221391,1107.708528356156,125.04329874848032
744,335541.4975453284,4263046.259,1109.950356671171,161.94384532838865
745,335518.1823308005,4263046.202497414,1112.192184986186,138.63303080051256
746,335538.91361463774,4263046.145950147,1114.434013301201,159.36871463778007
747,335541.6589593374,4263046.089,1116.675841616216,162.11795933738696
748,335518.64161743777,4263046.031786799,1118.917669931231,139.10501743777303
749,335502.50433378684,4263045.9759037895,1121.1594982462461,122.97213378681542
750,335517.96985222824,4263045.919106781,1123.4013265612612,138.4419988380306
751,335504.561445596,4263045.862,1125.6431548762762,125.03754559601883
752,335493.4731115397,4263045.805497404,1127.8849831912912,113.95361153965042
753,335523.7280876032,4263045.749,1130.1268115063062,144.21298760312808
754,335522.25206076563,4263045.692,1132.3686398213213,142.7408607656017
755,335545.9852179112,4263045.634765901,1134.6104681363363,166.47841791121368
756,335528.1261933039,4263045.581920343,1136.8522964513513,148.61935347569428
757,335536.06130277127,4263045.540068536,1139.0941247663663,156.538802771266
758,335563.84260761185,4263045.498,1141.3359530813814,184.30450761183135
759,335576.5771592307,4263045.456,1143.5777813963962,197.02345923074313
760,335520.77843748464,4263045.414,1145.8196097114112,141.20913748464008
761,335546.47318870114,4263045.372244833,1148.0614380264262,166.88831111789156
762,335529.10663243895,4263045.33,1150.3032663414413,149.50645994286026
763,335513.7707310804,4263045.288,1152.5450946564563,134.15496104578256
764,335531.08437660773,4263045.246079605,1154.7869229714713,151.45307660774395
765,335534.41960498824,4263045.204169626,1157.0287512864863,154.77260498823125
766,335517.4968957129,4263045.162616877,1159.2705796015014,137.83429571296287
767,335546.12297805864,4263045.120991472,1161.5124079165164,166.4447780585962
768,335570.19849992875,4263045.079,1163.7542362315314,190.50487809084458
769,335568.20858530677,4263045.036952393,1165.9960645465464,188.49956150345983
770,335540.141732452,4263044.994879815,1168.2378928615615,160.417072359273
771,335545.2638571962,4263044.953,1170.4797211765765,165.52365719618442
772,335565.2474400636,4263044.911144904,1172.7215494915915,185.49161251555074
773,335546.90154974733,4263044.869,1174.9633778066066,167.13004974732806
774,335561.0297358902,4263044.827,1177.2052061216216,181.242663868216
775,335532.22105702286,4263044.785451231,1179.4470344366366,152.4185826381905
776,335539.94619972224,4263044.743,1181.6888627516516,160.1282997222409
777,335524.18147313094,4263044.701,1183.9306910666667,144.34792056610652
778,335532.66707159963,4263044.6591102965,1186.1725193816815,152.81797159963568
779,335548.821945631,4263044.617221301,1188.4143476966965,168.95733415159953
780,335541.15748268535,4263044.575930697,1190.6561760117115,161.2770826853455
781,335525.79412517295,4263044.534,1192.8980043267266,145.89862517299184
782,335537.0328978614,4263044.4915189,1195.1398326417416,157.12155731142303
783,335549.1753032339,4263044.45,1197.3816609567566,169.24850323387014
784,335560.28511095507,4263044.40785808,1199.6234892717716,180.34271095507762
785,335558.469415768,4263044.366,1201.8653175867867,178.5114157680086
786,335560.2729268162,4263044.324246983,1204.1071459018017,180.29945030787525
787,335551.3628920162,4263044.28209496,1206.3489742168167,171.37363949624776
788,335529.017561165,4263044.24,1208.5908025318317,149.01316116502247
789,335524.18626902223,4263044.198,1210.8326308468468,144.16605445894325
790,335534.99475176074,4263044.156,1213.0744591618618,154.95915176071725
791,335532.9951996077,4263044.114989349,1215.3162874768768,152.9438942819843
792,335515.7627888156,4263044.073,1217.5581157918919,135.6958888155968
793,335536.44163747306,4263044.030279389,1219.7999441069069,156.3592771673521
794,335530.50758843357,4263043.989,1222.041772421922,150.40956795938436
795,335556.41284406563,4263043.947,1224.283600736937,176.29954406561717
796,335576.59645430546,4263043.905,1226.5254290519517,196.46755430546568
797,335549.85843016306,4263043.863,1228.7672573669668,169.71393016305356
798,335545.21746991295,4263043.821,1231.0090856819818,165.05726991299426
799,335550.42452955095,4263043.779,1233.2509139969968,170.24872955092894
800,335539.2079641822,4263043.741,1235.4927423120118,159.0228641822058
801,335532.44706057647,4263043.703,1237.7345706270269,152.25276057646323
802,335557.74888851895,4263043.665,1239.976398942042,177.5452987600214
803,335532.01751896366,4263043.626725788,1242.218227257057,151.8049818575253
804,335530.1149787289,4263043.588668758,1244.460055572072,149.89327872889461
805,335554.3144678747,4263043.551,1246.701883887087,174.08346787467266
806,335542.24037951976,4263043.512,1248.943712202102,162.00045326109674
807,335546.8738522341,4263043.4744103765,1251.185540517117,166.62485223407165
808,335526.6590506085,4263043.436138563,1253.427368832132,146.40075060855145
809,335567.0177284998,4263043.39819252,1255.669197147147,186.75022476002536
810,335507.31729547825,4263043.36,1257.9110254621621,127.04081144152897
811,335561.54161749553,4263043.3221598035,1260.1528537771771,181.25601749553667
812,335569.5645383884,4263043.284,1262.3946820921922,189.2696383884041
813,335557.91282026697,4263043.246051723,1264.6365104072072,177.6091202669763
814,335570.896899605,4263043.208000001,1266.878338722222,190.58389960499431
815,335584.69893777365,4263043.17,1269.120167037237,204.37663777362562
816,335552.76717723295,4263043.132,1271.361995352252,172.43579799306053
817,335618.4132808878,4263043.094,1273.603823667267,238.0729640599894
818,335557.3405364308,4263043.055778031,1275.845651982282,176.99093643079712
819,335563.99347247987,4263043.018,1278.0874802972971,183.63457247988126
820,335572.0190163068,4263042.98,1280.3293086123122,191.6513163067722
821,335587.254680667,4263042.942,1282.5711369273272,206.87768066700977
822,335557.03346050764,4263042.903533737,1284.8129652423422,176.64726050761413
823,335549.93293344864,4263042.865605584,1287.0547935573572,169.53773624080895
824,335539.42658913706,4263042.828,1289.2966218723723,159.02228913704576
825,335609.25963911915,4263042.789821558,1291.5384501873873,228.84603911913968
826,335568.1542595303,4263042.751,1293.7802785024023,187.73135953028742
827,335546.9106144512,4263042.713152338,1296.0221068174174,166.4790144512286
828,335561.2853074225,4263042.676,1298.2639351324324,180.84440742253074
829,335545.39506314043,4263042.63763556,1300.5057634474474,164.94486314039267
830,335597.968655587,4263042.599392431,1302.7475917624624,217.50935180281056
831,335571.1675827689,4263042.561391382,1304.9894200774775,190.69928276889087
832,335551.93554047204,4263042.522936802,1307.2312483924923,171.45804047208202
833,335557.2287282498,4263042.485,1309.4730767075073,176.74192824977533
834,335617.185311964,4263042.447196115,1311.7149050225223,236.68971196401097
835,335576.780065543,4263042.409,1313.9567333375373,196.2751655430401
836,335609.54954802024,4263042.371,1316.1985616525524,229.03534802028753
837,335637.78667830286,4263042.333000001,1318.4403899675674,257.2635107002799
838,335733.43821706006,4263042.296,1320.6822182825824,352.9062749472123
839,335627.18739651935,4263042.27,1322.9240465975975,246.65079651936927
840,335565.9223611219,4263042.243,1325.1658749126125,185.38136112190372
841,335572.66068721394,4263042.216,1327.4077032276275,192.1147872138941
842,335630.06223707926,4263042.188999999,1329.6495315426425,249.5119370792766
843,335595.4876477397,4263042.162,1331.8913598576576,214.93244773969357
844,335654.8861810552,4263042.135,1334.1331881726726,274.32658105523245
845,335597.72945244244,4263042.108639807,1336.3750164876876,217.16545244243358
846,335660.85563282593,4263042.0819999995,1338.6168448027026,280.2868328259264
847,335591.9070077933,4263042.055,1340.8586731177177,211.33380779331225
848,335586.33523876587,4263042.028,1343.1005014327327,205.75713876586786
849,335570.2779934914,4263042.001386539,1345.3423297477477,189.69549349135488
850,335577.52859634015,4263041.975,1347.5841580627628,196.94169634017638
851,335595.7453589431,4263041.948,1349.8259863777776,215.15355894310412
852,335611.9087515919,4263041.921,1352.0678146927926,231.31255159187134
853,335605.5329075864,4263041.893999999,1354.3096430078076,224.93180758638277
854,335580.43156148563,4263041.86704714,1356.5514713228226,199.82606148560396
855,335584.6650529057,4263041.840578179,1358.7932996378377,204.05494199500768
856,335638.75046432496,4263041.813481055,1361.0351279528527,258.13576432496586
857,335642.36504716595,4263041.787,1363.2769562678677,261.74594716591685
858,335566.2867534269,4263041.76,1365.5187845828827,185.66275342687618
859,335609.6813591525,4263041.733,1367.7606128978978,229.0529591525176
860,335585.22201730363,4263041.70695759,1370.0024412129128,204.58871730365823
861,335583.0607682477,4263041.68,1372.2442695279278,202.42306824768897
862,335641.42666295415,4263041.653,1374.4860978429429,260.7845629541356
863,335638.7467803954,4263041.626,1376.7279261579579,258.0997803953765
864,335572.1744891296,4263041.598999999,1378.969754472973,191.52308912967456
865,335595.42015142745,4263041.572347172,1381.211582787988,214.76385142746085
866,335600.976243566,4263041.545752423,1383.453411103003,220.3156435660321
867,335622.67039578577,4263041.518999999,1385.695239418018,242.0053957857785
868,335594.214123783,4263041.492,1387.937067733033,213.54422378301692
869,335582.96287252585,4263041.465115462,1390.1788960480478,202.28857252586624
870,335593.932033068,4263041.438,1392.4207243630628,213.25283306795444
871,335590.2835788501,4263041.4116870845,1394.6625526780779,209.59997885008562
872,335552.2704173267,4263041.385,1396.904380993093,171.58216152953543
873,335520.12993073993,4263041.358,1399.146209308108,139.43703073993157
874,335579.6523004907,4263041.331,1401.388037623123,198.95500049069378
875,335583.939148146,4263041.304287314,1403.629865938138,203.23704814601194
876,335610.25032267167,4263041.27725518,1405.871694253153,229.5438226717093
877,335609.3770680445,4263041.250949661,1408.113522568168,228.66566804451276
878,335583.6906284845,4263041.223999999,1410.355350883183,202.97482848444054
879,335557.9808103362,4263041.197,1412.597179198198,177.26044749898443
880,335574.17077270366,4263041.17,1414.8390075132131,193.44567270369024
881,335559.5729031452,4263041.143999999,1417.0808358282281,178.84340314519386
882,335568.10173790564,4263041.142,1419.3226641432432,187.36983790561854
883,335596.92813161627,4263041.1389999995,1421.5644924582582,216.19373161626442
884,335566.4748832462,4263041.137,1423.8063207732732,185.73808324615732
885,335576.81239043304,4263041.134,1426.0481490882883,196.07309043302442
886,335576.6074627417,4263041.132,1428.2899774033033,195.86576274169687
887,335552.7982800173,4263041.129,1430.531805718318,172.05418001728384
888,335576.89198471286,4263041.126,1432.773634033333,196.14538471283944
889,335588.79308248195,4263041.124,1435.0154623483481,208.04408248194278
890,335604.4241182145,4263041.121,1437.2572906633632,223.67263320956897
891,335596.4711828479,4263041.119,1439.4991189783782,215.71748847258792
892,335575.855818203,4263041.116,1441.7409472933932,195.09991820300115
893,335593.6674231245,4263041.114,1443.9827756084082,212.90910992406862
894,335582.6036900343,4263041.1110000005,1446.2246039234233,201.84299003430897
895,335592.4166885116,4263041.109,1448.4664322384383,211.65348851161113
896,335638.3152236197,4263041.106000001,1450.7082605534533,257.54962361972053
897,335592.82524901885,4263041.103999999,1452.9500888684684,212.0571490188339
898,335653.4031362415,4263041.101,1455.1919171834834,272.63263624152546
899,335605.94882100937,4263041.098472367,1457.4337454984984,225.17592100937637
900,335607.25160201534,4263041.096,1459.6755738135134,226.47620201533692
901,335619.3192382072,4263041.094,1461.9174021285285,238.54143820720748
902,335574.3711847431,4263041.091,1464.1592304435435,193.59088474315593
903,335627.6893079637,4263041.088,1466.4010587585585,246.90660796375056
904,335598.2560082364,4263041.086,1468.6428870735735,217.4708082364021
905,335621.2453508459,4263041.083000001,1470.8847153885886,240.4577508459123
906,335572.59065162466,4263041.081,1473.1265437036034,191.80065162465826
907,335589.09986441117,4263041.078,1475.3683720186184,208.3073644111758
908,335573.05836328573,4263041.076,1477.6102003336334,192.26346328576963
909,335553.5812187975,4263041.073,1479.8520286486485,172.78381879751592
910,335583.7133704168,4263041.071,1482.0938569636635,202.9135704168139
911,335565.04948452004,4263041.068,1484.3356852786785,184.24728452008947
912,335563.8770221907,4263041.065,1486.5775135936935,183.0723221907354
913,335562.7281567157,4263041.063,1488.8193419087086,181.92105671568913
914,335611.0400723642,4263041.06,1491.0611702237236,230.23047236420348
915,335568.54014539934,4263041.058,1493.3029985387386,187.72814539935257
916,335555.48138767097,4263041.055,1495.5448268537536,174.66688767097978
917,335555.96949982864,4263041.053,1497.7866551687687,175.15259982866456
918,335600.0005652897,4263041.05,1500.0284834837837,219.18126528974798
919,335578.41609201516,4263041.048,1502.2703117987987,197.59429201517858
920,335595.7688215042,4263041.045,1504.5121401138138,214.94512150421428
921,335577.8911011695,4263041.045,1506.7539684288288,197.0669011695211
922,335608.0835234227,4263041.045,1508.9957967438438,227.2588234227363
923,335614.6270787194,4263041.045,1511.2376250588588,233.80187871937898
924,335539.34971209674,4263041.045,1513.4794533738739,158.52401209676304
925,335584.7377888975,4263041.044,1515.721281688889,203.91158889748314
926,335597.91031621705,4263041.044,1517.963110003904,217.08361621705484
927,335593.90705663385,4263041.044,1520.204938318919,213.07995663386598
928,335559.12218227907,4263041.044,1522.446766633934,178.29458227906946
929,335560.41953447927,4263041.0430000005,1524.688594948949,179.59143447928153
930,335532.73407409346,4263041.0430000005,1526.930423263964,151.90547409344487
931,335510.10171694745,4263041.0430000005,1529.172251578979,129.27261694750578
932,335457.6990495852,4263041.0430000005,1531.414079893994,76.86944958520671
933,335445.23174004885,4263041.0430000005,1533.6559082090087,64.40164004881288
934,335458.9772591198,4263041.041999999,1535.8977365240237,78.14665911979358
935,335506.0405792867,4263041.041999999,1538.1395648390387,125.20947928669585
936,335488.60022743593,4263041.041999999,1540.3813931540537,107.76872743597914
937,335529.68598918564,4263041.041999999,1542.6232214690688,148.85398918564098
938,335527.5013701852,4263041.041999999,1544.8650497840838,146.66887018517073
939,335474.83878909383,4263041.041999999,1547.1068780990988,94.005789093821
940,335530.5185755085,4263041.041,1549.3487064141138,149.68507550851155
941,335520.51443340967,4263041.041,1551.5905347291289,139.68043340967634
942,335554.9244419141,4263041.041,1553.832363044144,174.0899419140793
943,335514.8568948565,4263041.041,1556.074191359159,134.02189485646994
944,335505.73652628687,4263041.04,1558.316019674174,124.90112628688136
945,335501.0932778358,4263041.04,1560.557847989189,120.25737783579955
946,335468.34421706165,4263041.04,1562.799676304204,87.50781706168324
947,335535.3166276649,4263041.04,1565.041504619219,154.47972766489954
948,335472.6622933654,4263041.04,1567.283332934234,91.82489336538625
949,335580.49837682804,4263041.039,1569.525161249249,199.6600418268375
950,335582.03134725144,4263041.039,1571.7669895642641,201.19244725148553
951,335572.4480128505,4263041.039,1574.0088178792791,191.60861285046622
952,335688.8395940803,4263041.039,1576.2506461942942,307.9997940802975
953,335659.148709563,4263041.038,1578.4924745093092,278.30840956304854
954,335730.4908715794,4263041.038,1580.7343028243242,349.65007157939726
955,335680.07067551085,4263041.038,1582.9761311393393,299.2293755108674
956,335685.368620339,4263041.038,1585.2179594543543,304.52682033902255
957,335678.16439005634,4263041.038,1587.4597877693693,297.3220900563168
958,335679.61185029853,4263041.037,1589.7016160843843,298.7690502985316
959,335729.5085636942,4263041.037,1591.9434443993994,348.6652636941645
960,335678.58572927024,4263041.037,1594.1852727144144,297.74192927027013
961,335747.5126282641,4263041.037,1596.4271010294294,366.66842826412096
962,335754.5084747141,4263041.032,1598.6689293444445,373.66617471408466
963,335770.8037073133,4263041.027,1600.9107576594595,389.9634073133071
964,335705.8928000443,4263041.021000001,1603.1525859744745,325.0544000443155
965,335693.03904715396,4263041.016,1605.3944142894895,312.20264715398736
966,335630.97958657856,4263041.01,1607.6362426045046,250.1455865785686
967,335703.51598137873,4263041.005,1609.8780709195196,322.68398137874163
968,335746.66176541924,4263041.0,1612.1198992345346,365.83166541924163
969,335756.1861959237,4263040.994,1614.3617275495496,375.35809592371976
970,335731.28860811156,4263040.988594942,1616.6035558645642,350.4624081115329
971,335768.65552933805,4263040.983,1618.8453841795792,387.8318293380406
972,335707.73059893085,4263040.978,1621.0872124945943,326.9087989308859
973,335766.1709971231,4263040.972,1623.3290408096093,385.35119712312394
974,335744.2411515926,4263040.967,1625.5708691246243,363.42325159254693
975,335754.1603503745,4263040.961,1627.8126974396394,373.3448620006251
976,335741.04241143406,4263040.956,1630.0545257546544,360.2289114340613
977,335780.8115,4263040.95,1632.2963540696694,400.0
978,335671.6573856866,4263040.944531776,1634.5381823846844,290.84778568661886
979,335734.8674719462,4263040.938999999,1636.7800106996995,354.0598719462505
980,335703.4506094064,4263040.933999999,1639.0218390147145,322.6454094063957
981,335750.2938640947,4263040.928,1641.2636673297295,369.4906640947008
982,335746.00605819176,4263040.92230661,1643.5054956447445,365.2047581917867
983,335737.91826510616,4263040.916999999,1645.7473239597596,357.1189651061181
984,335631.7777356004,4263040.911695114,1647.9891522747746,250.98083560039953
985,335733.9775403463,4263040.906,1650.2309805897896,353.182640346359
986,335737.9616766909,4263040.901000001,1652.4728089048047,357.16867669090976
987,335743.09480460564,4263040.895,1654.7146372198197,362.3038046056334
988,335660.7595773188,4263040.889749364,1656.9564655348347,279.9706026364217
989,335740.5484663041,4263040.884,1659.1982938498497,359.76186630411485
990,335690.6518599068,4263040.8782006325,1661.4401221648648,309.8671599067901
991,335634.5139107826,4263040.873,1663.6819504798798,253.73121078259805
992,335621.505162728,4263040.867925369,1665.9237787948948,240.72436272800556
993,335576.95530001563,4263040.862,1668.1656071099098,196.17700001564228
994,335731.0712171993,4263040.8562742835,1670.4074354249249,350.2948171993441
995,335456.3374281272,4263040.851,1672.64926373994,75.56302812721188
996,335528.3599463931,4263040.845129505,1674.891092054955,147.58744639308543
