x,y,z
338849.076062,4263937.93953,-2530.00789501
338845.984544,4263928.44277,-2530.00789501
338847.609733,4263937.93953,-2514.25888189
338845.984544,4263932.99299,-2514.25888189
338846.081459,4263937.93953,-2498.50986876
338845.984544,4263937.65033,-2498.50986876
336897.764419,4258520.93344,-2530.00789501
336904.994025,4258540.77595,-2530.00789501
336896.045662,4258520.93344,-2514.25888189
336903.324013,4258540.77595,-2514.25888189
336895.984544,4258520.93344,-2513.65986109
336901.777799,4258540.77595,-2498.50986876
336895.984544,4258525.11297,-2498.50986876
338097.405724,4263223.60905,1816.71972713
338095.984544,4263213.69594,1816.71972713
338097.476386,4263223.60905,1832.46874025
338095.984544,4263215.801,1832.46874025
338095.984544,4263223.60905,1839.40855146
337748.716306,4261993.37324,1816.71972713
337745.984544,4261987.79674,1816.71972713
337746.65774,4261993.37324,1832.46874025
337745.984544,4261991.98294,1832.46874025
337745.984544,4261993.37324,1837.12728019
337659.081916,4261814.79062,1816.71972713
337666.282078,4261834.63313,1816.71972713
337657.583454,4261814.79062,1832.46874025
337664.995547,4261834.63313,1832.46874025
337656.772339,4261814.79062,1848.21775337
337664.491264,4261834.63313,1848.21775337
337960.456997,4262529.12109,1816.71972713
337965.955543,4262548.96361,1816.71972713
337959.572736,4262529.12109,1832.46874025
337965.224413,4262548.96361,1832.46874025
337957.836212,4262529.12109,1848.21775337
337963.491474,4262548.96361,1848.21775337
337550.655645,4261457.62538,1785.22170088
337556.698968,4261477.4679,1785.22170088
337548.842382,4261457.62538,1800.970714
337554.856202,4261477.4679,1800.970714
337547.110244,4261457.62538,1816.71972713
337553.106886,4261477.4679,1816.71972713
337282.580523,4260544.86978,1753.72367463
337288.820627,4260564.71229,1753.72367463
337281.208416,4260544.86978,1769.47268776
337287.378146,4260564.71229,1769.47268776
337279.525404,4260544.86978,1785.22170088
337285.734189,4260564.71229,1785.22170088
338084.464262,4263481.56172,1816.71972713
338085.786875,4263501.40424,1816.71972713
338081.177967,4263481.56172,1832.46874025
338082.694239,4263501.40424,1832.46874025
338079.41708,4263481.56172,1848.21775337
338080.886323,4263501.40424,1848.21775337
336326.243426,4258024.87061,1816.71972713
336320.984544,4258010.52483,1816.71972713
336324.935139,4258024.87061,1832.46874025
336320.984544,4258014.1768,1832.46874025
336323.775867,4258024.87061,1848.21775337
336320.984544,4258017.346,1848.21775337
338135.428608,4263799.04194,1816.71972713
338140.032828,4263818.88445,1816.71972713
338133.137454,4263799.04194,1832.46874025
338137.751941,4263818.88445,1832.46874025
338131.666497,4263799.04194,1848.21775337
338136.261356,4263818.88445,1848.21775337
337432.970753,4261060.77512,1785.22170088
337438.835457,4261080.61763,1785.22170088
337431.32524,4261060.77512,1800.970714
337437.186962,4261080.61763,1800.970714
337429.671023,4261060.77512,1816.71972713
337435.529495,4261080.61763,1816.71972713
336900.695427,4259294.79145,1785.22170088
336908.914771,4259314.63396,1785.22170088
336899.096127,4259294.79145,1800.970714
336907.337755,4259314.63396,1800.970714
336896.907134,4259294.79145,1816.71972713
336905.208798,4259314.63396,1816.71972713
337140.11121,4260128.177,1753.72367463
337145.44992,4260148.01952,1753.72367463
337137.933634,4260128.177,1769.47268776
337143.092911,4260148.01952,1769.47268776
337136.368829,4260128.177,1785.22170088
337141.482241,4260148.01952,1785.22170088
338022.712218,4262906.12884,1816.71972713
338026.431892,4262925.97136,1816.71972713
338020.984544,4262906.12884,1832.43732787
338024.704194,4262925.97136,1832.46874025
338020.984544,4262906.14736,1832.46874025
338023.669499,4262925.97136,1848.21775337
338020.984544,4262911.95127,1848.21775337
336578.864324,4258659.83103,1785.22170088
336587.705909,4258679.67354,1785.22170088
336576.874754,4258659.83103,1800.970714
336585.629962,4258679.67354,1800.970714
336575.625977,4258659.83103,1816.71972713
336584.447025,4258679.67354,1816.71972713
337039.447637,4259691.64171,1785.22170088
337044.861315,4259711.48423,1785.22170088
337037.776699,4259691.64171,1800.970714
337043.244762,4259711.48423,1800.970714
337035.690997,4259691.64171,1816.71972713
337041.211101,4259711.48423,1816.71972713
338855.256207,4263957.78204,-2530.00789501
338851.928127,4263957.78204,-2498.50986876
336912.389491,4258560.61846,-2530.00789501
336909.32126,4258560.61846,-2498.50986876
338097.645297,4263243.45157,1816.71972713
338095.984544,4263243.45157,1831.4990859
337757.307778,4262013.21575,1816.71972713
337753.370639,4262013.21575,1848.21775337
337745.984544,4261996.93394,1848.21775337
337670.984544,4261844.47171,1816.71972713
337670.984544,4261849.08758,1848.21775337
337970.313858,4262568.80612,1816.71972713
337967.462794,4262568.80612,1848.21775337
337562.83346,4261497.31041,1785.22170088
337559.277035,4261497.31041,1816.71972713
336895.984544,4259284.74055,1785.22170088
336895.984544,4259292.75829,1816.71972713
337135.440457,4260108.33449,1753.72367463
337132.022944,4260108.33449,1785.22170088
338020.984544,4262893.87923,1816.71972713
337294.855341,4260584.55481,1753.72367463
337291.735543,4260584.55481,1785.22170088
338088.434653,4263521.24675,1816.71972713
338083.930776,4263521.24675,1848.21775337
336334.067004,4258044.71312,1816.71972713
336331.385496,4258044.71312,1848.21775337
338145.536572,4263838.72696,1816.71972713
338141.619336,4263838.72696,1848.21775337
337444.685605,4261100.46015,1785.22170088
337441.374803,4261100.46015,1816.71972713
336570.984544,4258640.52808,1785.22170088
336570.984544,4258648.39255,1816.71972713
337032.966542,4259671.7992,1785.22170088
337029.59038,4259671.7992,1816.71972713
338019.964536,4262886.28633,1816.71972713
338016.890189,4262886.28633,1848.21775337
338019.915993,4262906.12884,1848.21775337
336319.025794,4258005.0281,1816.71972713
336316.479962,4258005.0281,1848.21775337
336570.772026,4258639.98852,1785.22170088
336567.698119,4258639.98852,1816.71972713
337676.246243,4261854.47565,1816.71972713
337673.554937,4261854.47565,1848.21775337
336894.475966,4258520.93344,-2498.50986876
338094.371491,4263203.76654,1816.71972713
338090.478568,4263203.76654,1848.21775337
338093.673713,4263223.60905,1848.21775337
338093.897903,4263243.45157,1848.21775337
338842.566094,4263918.09701,-2530.00789501
338839.212292,4263918.09701,-2498.50986876
337738.641212,4261973.53073,1816.71972713
337734.591064,4261973.53073,1848.21775337
337744.330077,4261993.37324,1848.21775337
336891.177461,4259274.94894,1785.22170088
336887.620085,4259274.94894,1816.71972713
337554.39809,4261457.62538,1753.72367463
337566.608325,4261497.31041,1753.72367463
337545.984544,4261457.62538,1827.76381796
337556.053473,4261497.31041,1848.21775337
337545.984544,4261464.43678,1848.21775337
337436.258586,4261060.77512,1753.72367463
337445.984544,4261093.65174,1753.72367463
337445.984544,4261100.46015,1772.88656976
336570.984544,4258639.98852,1783.63813505
336575.125508,4258639.98852,1753.72367463
336592.554785,4258679.67354,1753.72367463
336910.494934,4259314.63396,1753.72367463
336895.984544,4259281.13863,1753.72367463
337035.012764,4259671.7992,1753.72367463
337045.984544,4259709.43512,1753.72367463
337045.984544,4259711.48423,1764.7483728
337426.364982,4261060.77512,1848.21775337
337438.069129,4261100.46015,1848.21775337
338847.82792,4263957.78204,-2467.01184252
338845.984544,4263951.99666,-2467.01184252
336906.694343,4258560.61846,-2467.01184252
336895.984544,4258531.5239,-2467.01184252
337129.982819,4260108.33449,1816.71972713
337140.221979,4260148.01952,1816.71972713
338014.378555,4262886.28633,1879.71577962
338020.984544,4262923.05863,1879.71577962
338021.517666,4262925.97136,1879.71577962
337275.813897,4260544.86978,1816.71972713
337288.247408,4260584.55481,1816.71972713
337749.126828,4262013.21575,1879.71577962
337745.984544,4262006.45101,1879.71577962
337655.609822,4261814.79062,1879.71577962
337670.984544,4261851.78734,1879.71577962
337672.14223,4261854.47565,1879.71577962
337952.409035,4262529.12109,1879.71577962
337962.457776,4262568.80612,1879.71577962
338078.532126,4263481.56172,1879.71577962
338081.965565,4263521.24675,1879.71577962
336314.192075,4258005.0281,1879.71577962
336320.984544,4258023.26049,1879.71577962
336329.033234,4258044.71312,1879.71577962
338129.440147,4263799.04194,1879.71577962
338138.995513,4263838.72696,1879.71577962
336565.803494,4258639.98852,1848.21775337
336570.984544,4258652.11467,1848.21775337
336583.066059,4258679.67354,1848.21775337
336900.562189,4259314.63396,1848.21775337
336895.984544,4259303.99768,1848.21775337
337025.485712,4259671.7992,1848.21775337
337036.936538,4259711.48423,1848.21775337
338858.288358,4263957.78204,-2561.50592126
338845.984544,4263919.33151,-2561.50592126
338020.984544,4262886.28633,1809.02350294
338024.223279,4262886.28633,1785.22170088
338031.423979,4262925.97136,1785.22170088
338098.273692,4263243.45157,1785.22170088
338095.984544,4263216.58549,1785.22170088
336901.210524,4258520.93344,-2561.50592126
336915.701866,4258560.61846,-2561.50592126
337139.760018,4260108.33449,1722.22564838
337145.984544,4260131.74767,1722.22564838
337145.984544,4260148.01952,1750.24476195
337760.374252,4262013.21575,1785.22170088
337745.984544,4261982.29433,1785.22170088
337664.408135,4261814.79062,1785.22170088
337670.984544,4261830.51918,1785.22170088
337681.537242,4261854.47565,1785.22170088
337961.622345,4262529.12109,1785.22170088
337970.984544,4262565.71139,1785.22170088
337970.984544,4262568.80612,1802.29431222
337971.752034,4262568.80612,1785.22170088
338091.588859,4263481.56172,1785.22170088
338094.813021,4263521.24675,1785.22170088
337285.175096,4260544.86978,1722.22564838
337295.984544,4260579.24097,1722.22564838
337295.984544,4260584.55481,1741.02867049
336320.984544,4258005.0281,1798.46098504
336322.43006,4258005.0281,1785.22170088
336337.385263,4258044.71312,1785.22170088
338141.380083,4263799.04194,1785.22170088
338145.984544,4263818.03156,1785.22170088
338145.984544,4263838.72696,1814.14164484
337269.219166,4260505.18475,1753.72367463
337270.984544,4260510.37963,1753.72367463
337266.075502,4260505.18475,1785.22170088
337270.984544,4260519.56352,1785.22170088
337646.352749,4261775.10559,1816.71972713
337645.984544,4261775.10559,1820.55649522
337645.984544,4261782.94239,1848.21775337
337947.177189,4262489.43607,1816.71972713
337945.984544,4262489.43607,1828.7775165
337945.984544,4262495.04161,1848.21775337
338085.713737,4263441.8767,1816.71972713
338081.39518,4263441.8767,1848.21775337
336305.165066,4257965.34307,1816.71972713
336302.384254,4257965.34307,1848.21775337
338128.354214,4263759.35691,1816.71972713
338124.355636,4263759.35691,1848.21775337
337145.984544,4260149.67898,1753.72367463
337145.984544,4260161.46016,1785.22170088
338036.459999,4262965.65638,1816.71972713
338033.098149,4262965.65638,1848.21775337
336895.984544,4258515.8564,-2530.00789501
336595.984544,4258696.17797,1785.22170088
336595.984544,4258702.56529,1816.71972713
337045.984544,4259716.25956,1785.22170088
337045.984544,4259730.94316,1816.71972713
336920.984544,4259347.50977,1785.22170088
336920.984544,4259354.31899,1809.48703988
336920.23255,4259354.31899,1816.71972713
336923.443805,4259354.31899,1785.22170088
337545.984544,4261442.08639,1785.22170088
337545.984544,4261453.86011,1816.71972713
337420.984544,4261021.09009,1787.42491723
337417.926568,4261021.09009,1816.71972713
337420.984544,4261031.42084,1816.71972713
337421.213994,4261021.09009,1785.22170088
337150.421396,4260148.01952,1722.22564838
337297.643789,4260584.55481,1722.22564838
338151.153781,4263838.72696,1785.22170088
337447.998343,4261100.46015,1753.72367463
337046.566079,4259711.48423,1753.72367463
336892.121986,4258520.93344,-2467.01184252
338083.398375,4263203.76654,1879.71577962
338086.841829,4263243.45157,1879.71577962
338094.832801,4263203.76654,1785.22170088
338835.051253,4263918.09701,-2467.01184252
338845.586803,4263918.09701,-2561.50592126
337730.474021,4261973.53073,1879.71577962
337741.813708,4261973.53073,1785.22170088
337543.908674,4261457.62538,1848.21775337
336883.20032,4259274.94894,1848.21775337
336893.222531,4259274.94894,1753.72367463
336559.181375,4258600.30349,1753.72367463
336555.440472,4258600.30349,1785.22170088
336552.337948,4258600.30349,1816.71972713
337262.573615,4260505.18475,1816.71972713
336595.984544,4258686.78189,1753.72367463
337295.984544,4260588.3153,1753.72367463
337295.984544,4260598.7446,1785.22170088
337295.984544,4260610.08483,1816.71972713
337645.984544,4261788.17645,1879.71577962
337945.984544,4262509.19948,1879.71577962
338079.137265,4263441.8767,1879.71577962
337022.033584,4259632.11417,1753.72367463
337019.589731,4259632.11417,1785.22170088
337016.470901,4259632.11417,1816.71972713
336299.881998,4257965.34307,1879.71577962
338121.784361,4263759.35691,1879.71577962
337977.325639,4262608.49115,1816.71972713
337974.162105,4262608.49115,1848.21775337
337970.01156,4262608.49115,1879.71577962
337774.232598,4262052.90078,1816.71972713
337770.557794,4262052.90078,1848.21775337
337766.635219,4262052.90078,1879.71577962
337695.984544,4261892.03556,1816.71972713
337695.984544,4261894.16067,1826.9493684
337693.759847,4261894.16067,1848.21775337
337691.172864,4261894.16067,1879.71577962
338094.81541,4263560.93178,1816.71972713
338090.690791,4263560.93178,1848.21775337
338087.886869,4263560.93178,1879.71577962
337579.058562,4261536.99544,1753.72367463
337575.303832,4261536.99544,1785.22170088
337571.765388,4261536.99544,1816.71972713
338867.168303,4263997.46707,-2530.00789501
338863.633424,4263997.46707,-2498.50986876
338859.75165,4263997.46707,-2467.01184252
337445.984544,4261104.86683,1785.22170088
337445.984544,4261116.11434,1816.71972713
336927.414538,4258600.30349,-2530.00789501
336924.447022,4258600.30349,-2498.50986876
336921.703164,4258600.30349,-2467.01184252
337145.984544,4260166.3637,1816.71972713
338030.281277,4262965.65638,1879.71577962
338095.984544,4263278.00571,1816.71972713
336925.460781,4259354.31899,1753.72367463
336345.984544,4258074.90664,1816.71972713
336345.984544,4258082.06235,1848.21775337
336345.984544,4258084.39815,1859.48124723
336344.352486,4258084.39815,1879.71577962
338145.984544,4263840.27946,1816.71972713
338145.984544,4263854.00399,1848.21775337
338145.984544,4263864.47536,1879.71577962
337545.984544,4261429.87766,1753.72367463
337424.493058,4261021.09009,1753.72367463
337126.816455,4260068.64946,1753.72367463
337123.696537,4260068.64946,1785.22170088
337121.189576,4260068.64946,1816.71972713
338014.651563,4262846.6013,1816.71972713
338011.316692,4262846.6013,1848.21775337
338008.234944,4262846.6013,1879.71577962
337553.023958,4261497.31041,1879.71577962
337545.984544,4261474.40674,1879.71577962
338848.530873,4263918.09701,-2593.00394751
338861.228848,4263957.78204,-2593.00394751
338845.984544,4263918.09701,-2565.73028879
338028.780218,4262886.28633,1753.72367463
338036.197171,4262925.97136,1753.72367463
338098.854848,4263243.45157,1753.72367463
338095.984544,4263211.44065,1753.72367463
337423.075084,4261060.77512,1879.71577962
337434.784458,4261100.46015,1879.71577962
336904.672999,4258520.93344,-2593.00394751
336919.130361,4258560.61846,-2593.00394751
337144.23319,4260108.33449,1690.72762214
337145.984544,4260114.80752,1690.72762214
337763.287207,4262013.21575,1753.72367463
337745.984544,4261975.67215,1753.72367463
337670.7193,4261814.79062,1753.72367463
337687.448565,4261854.47565,1753.72367463
337962.538594,4262529.12109,1753.72367463
337972.749097,4262568.80612,1753.72367463
338095.984544,4263481.56172,1765.26318711
338095.984544,4263521.24675,1779.77861925
336564.434204,4258639.98852,1879.71577962
336581.900727,4258679.67354,1879.71577962
337287.799795,4260544.86978,1690.72762214
337295.984544,4260570.66318,1690.72762214
336326.150084,4258005.0281,1753.72367463
336340.983746,4258044.71312,1753.72367463
338145.984544,4263799.04194,1762.20578187
336895.984544,4259314.63396,1878.52219133
337021.060763,4259671.7992,1879.71577962
337032.544751,4259711.48423,1879.71577962
337568.467504,4261536.99544,1848.21775337
337565.37858,4261536.99544,1879.71577962
337414.63459,4261021.09009,1848.21775337
337411.355051,4261021.09009,1879.71577962
337445.984544,4261127.32897,1848.21775337
337445.984544,4261138.44483,1879.71577962
336549.881369,4258600.30349,1848.21775337
336547.860391,4258600.30349,1879.71577962
336595.984544,4258706.35923,1848.21775337
336595.984544,4258709.68045,1879.71577962
336915.984529,4259354.31899,1848.21775337
336911.582206,4259354.31899,1879.71577962
336895.984544,4259315.08546,1879.71577962
337012.789526,4259632.11417,1848.21775337
337008.766059,4259632.11417,1879.71577962
337045.984544,4259746.63205,1848.21775337
337045.984544,4259751.16925,1857.36699785
337043.122888,4259751.16925,1879.71577962
338845.984544,4263910.37595,-2593.00394751
338873.573354,4263997.46707,-2593.00394751
338870.441244,4263997.46707,-2561.50592126
338022.175966,4262846.6013,1753.72367463
338018.330996,4262846.6013,1785.22170088
338044.686951,4262965.65638,1753.72367463
338040.529617,4262965.65638,1785.22170088
338099.96102,4263283.13659,1753.72367463
338098.094369,4263283.13659,1785.22170088
338095.984544,4263283.13659,1813.37074376
336895.984544,4258496.56938,-2593.00394751
336895.984544,4258506.17482,-2561.50592126
336933.826367,4258600.30349,-2593.00394751
336930.564486,4258600.30349,-2561.50592126
337134.392448,4260068.64946,1690.72762214
337130.4685,4260068.64946,1722.22564838
337780.74508,4262052.90078,1753.72367463
337777.583124,4262052.90078,1785.22170088
337655.941586,4261775.10559,1753.72367463
337650.75728,4261775.10559,1785.22170088
337695.984544,4261872.84423,1753.72367463
337695.984544,4261883.4253,1785.22170088
337950.703377,4262489.43607,1753.72367463
337949.170092,4262489.43607,1785.22170088
337981.492942,4262608.49115,1753.72367463
337979.644879,4262608.49115,1785.22170088
338095.984544,4263441.8767,1761.5120678
338091.489566,4263441.8767,1785.22170088
338095.984544,4263529.81617,1785.22170088
338095.984544,4263560.93178,1809.82927453
337274.792849,4260505.18475,1690.72762214
337271.99497,4260505.18475,1722.22564838
336311.747973,4257965.34307,1753.72367463
336308.350536,4257965.34307,1785.22170088
336345.984544,4258057.73042,1753.72367463
336345.984544,4258066.74231,1785.22170088
338139.595988,4263759.35691,1753.72367463
338145.984544,4263790.78461,1753.72367463
338133.747771,4263759.35691,1785.22170088
337255.480826,4260465.49973,1753.72367463
337252.334838,4260465.49973,1785.22170088
337249.067663,4260465.49973,1816.71972713
336883.990837,4258481.24841,-2530.00789501
336881.002759,4258481.24841,-2498.50986876
336878.341662,4258481.24841,-2467.01184252
337645.984544,4261773.94371,1816.71972713
338085.150597,4263164.08151,1816.71972713
338081.327479,4263164.08151,1848.21775337
338075.98435,4263164.08151,1879.71577962
338095.717618,4263283.13659,1816.71972713
338091.780737,4263283.13659,1848.21775337
338086.476823,4263283.13659,1879.71577962
337945.984544,4262486.0937,1816.71972713
338088.218856,4263402.19167,1816.71972713
338084.176292,4263402.19167,1848.21775337
338080.811469,4263402.19167,1879.71577962
337158.786958,4260187.70454,1753.72367463
337155.31471,4260187.70454,1785.22170088
337152.943735,4260187.70454,1816.71972713
336295.984544,4257939.12031,1816.71972713
336295.984544,4257947.13833,1848.21775337
336295.984544,4257954.39529,1879.71577962
338121.87667,4263719.67188,1816.71972713
338117.840478,4263719.67188,1848.21775337
338114.625708,4263719.67188,1879.71577962
338045.984544,4263003.30731,1816.71972713
338045.984544,4263005.34141,1821.31408212
338042.98081,4263005.34141,1848.21775337
338039.548373,4263005.34141,1879.71577962
338828.970494,4263878.41199,-2530.00789501
338825.412321,4263878.41199,-2498.50986876
338821.501493,4263878.41199,-2467.01184252
337306.695241,4260624.23983,1753.72367463
337303.5639,4260624.23983,1785.22170088
337300.246244,4260624.23983,1816.71972713
336349.747866,4258084.39815,1816.71972713
336346.903037,4258084.39815,1848.21775337
338157.359557,4263878.41199,1816.71972713
338153.189294,4263878.41199,1848.21775337
338149.875466,4263878.41199,1879.71577962
337643.420656,4261775.10559,1848.21775337
337641.406392,4261775.10559,1879.71577962
337717.969519,4261933.8457,1816.71972713
337714.31618,4261933.8457,1848.21775337
337710.902301,4261933.8457,1879.71577962
337943.981887,4262489.43607,1848.21775337
337939.399328,4262489.43607,1879.71577962
336939.975074,4259394.00402,1753.72367463
336937.477494,4259394.00402,1785.22170088
336934.368059,4259394.00402,1816.71972713
337412.726232,4260981.40507,1753.72367463
337409.453189,4260981.40507,1785.22170088
337406.178537,4260981.40507,1816.71972713
337459.727207,4261140.14517,1753.72367463
337456.383157,4261140.14517,1785.22170088
337453.06084,4261140.14517,1816.71972713
337542.382094,4261417.94036,1753.72367463
337538.76782,4261417.94036,1785.22170088
337535.315254,4261417.94036,1816.71972713
336874.08638,4259235.26391,1753.72367463
336871.529767,4259235.26391,1785.22170088
336868.262255,4259235.26391,1816.71972713
337056.207402,4259751.16925,1753.72367463
337053.872938,4259751.16925,1785.22170088
337050.798935,4259751.16925,1816.71972713
336612.155216,4258719.35857,1753.72367463
336608.0038,4258719.35857,1785.22170088
336604.733768,4258719.35857,1816.71972713
337155.233167,4260148.01952,1690.72762214
337167.392193,4260187.70454,1690.72762214
337162.997583,4260187.70454,1722.22564838
337300.353741,4260584.55481,1690.72762214
337312.530206,4260624.23983,1690.72762214
337309.65838,4260624.23983,1722.22564838
338098.60103,4263481.56172,1753.72367463
338101.769231,4263521.24675,1753.72367463
338097.51713,4263441.8767,1753.72367463
338106.666526,4263560.93178,1753.72367463
338100.386919,4263560.93178,1785.22170088
336356.329919,4258084.39815,1753.72367463
336352.91847,4258084.39815,1785.22170088
338147.733299,4263799.04194,1753.72367463
338157.383595,4263838.72696,1753.72367463
338167.987481,4263878.41199,1753.72367463
338162.386519,4263878.41199,1785.22170088
337449.760352,4261140.14517,1848.21775337
337446.485937,4261140.14517,1879.71577962
337047.128492,4259751.16925,1848.21775337
336602.46412,4258719.35857,1848.21775337
336600.674764,4258719.35857,1879.71577962
336890.556438,4258481.24841,-2593.00394751
336887.219467,4258481.24841,-2561.50592126
338095.258611,4263203.76654,1753.72367463
338088.858834,4263164.08151,1753.72367463
338087.373291,4263164.08151,1785.22170088
338835.357344,4263878.41199,-2593.00394751
338832.242173,4263878.41199,-2561.50592126
337744.981587,4261973.53073,1753.72367463
337725.700099,4261933.8457,1753.72367463
337721.764723,4261933.8457,1785.22170088
337540.865073,4261457.62538,1879.71577962
337532.04122,4261417.94036,1848.21775337
337528.908367,4261417.94036,1879.71577962
336878.466331,4259274.94894,1879.71577962
336895.799885,4259314.63396,1879.71577962
336864.404147,4259235.26391,1848.21775337
336860.196905,4259235.26391,1879.71577962
337984.232074,4262648.17617,1816.71972713
337977.071363,4262648.17617,1879.71577962
337791.089065,4262092.5858,1816.71972713
337783.671574,4262092.5858,1879.71577962
337695.984544,4261903.99757,1879.71577962
338095.984544,4263568.02986,1816.71972713
338095.984544,4263600.6168,1864.05465266
338094.198984,4263600.6168,1879.71577962
337118.17512,4260028.96444,1753.72367463
337112.474047,4260028.96444,1816.71972713
336345.984544,4258088.58579,1879.71577962
338008.935574,4262806.91628,1816.71972713
338002.240026,4262806.91628,1879.71577962
336632.437632,4258759.0436,1753.72367463
336625.556755,4258759.0436,1816.71972713
337318.516011,4260663.92486,1753.72367463
337312.092435,4260663.92486,1816.71972713
337697.094924,4261894.16067,1816.71972713
338101.606131,4263600.6168,1816.71972713
337065.406383,4259790.85428,1753.72367463
337059.871852,4259790.85428,1816.71972713
336365.486639,4258124.08317,1816.71972713
336359.927017,4258124.08317,1879.71577962
338169.071383,4263918.09701,1816.71972713
338161.309481,4263918.09701,1879.71577962
338815.291989,4263838.72696,-2530.00789501
338807.872343,4263838.72696,-2467.01184252
337530.486759,4261378.25533,1753.72367463
337523.516877,4261378.25533,1816.71972713
336870.386018,4258441.56338,-2530.00789501
336864.706754,4258441.56338,-2467.01184252
338075.71449,4263124.39649,1816.71972713
338067.429961,4263124.39649,1879.71577962
337562.176571,4261457.62538,1690.72762214
337574.537129,4261497.31041,1690.72762214
337587.028901,4261536.99544,1690.72762214
337517.030116,4261378.25533,1879.71577962
337442.888321,4261060.77512,1690.72762214
337445.984544,4261071.18734,1690.72762214
336567.7018,4258600.30349,1690.72762214
336584.580253,4258639.98852,1690.72762214
336595.984544,4258665.70569,1690.72762214
336595.984544,4258679.67354,1731.44665296
336912.698618,4259314.63396,1690.72762214
336895.984544,4259275.1376,1690.72762214
337025.590023,4259632.11417,1690.72762214
337037.883958,4259671.7992,1690.72762214
337045.984544,4259699.72966,1690.72762214
337399.629415,4260981.40507,1879.71577962
338845.984544,4263957.78204,-2453.83503926
338851.298708,4263997.46707,-2404.01579002
338845.984544,4263980.32519,-2404.01579002
336901.990274,4258560.61846,-2404.01579002
336895.984544,4258544.1311,-2404.01579002
336916.69768,4258600.30349,-2404.01579002
337127.029478,4260108.33449,1879.71577962
337137.727601,4260148.01952,1879.71577962
337145.984544,4260176.06587,1879.71577962
338008.784134,4262886.28633,1942.71183212
338016.135555,4262925.97136,1942.71183212
338024.046147,4262965.65638,1942.71183212
337255.581055,4260505.18475,1879.71577962
337268.475486,4260544.86978,1879.71577962
337281.035913,4260584.55481,1879.71577962
337745.984544,4262013.21575,1904.573099
337653.045446,4261814.79062,1942.71183212
337645.984544,4261796.31219,1942.71183212
337669.336878,4261854.47565,1942.71183212
337945.984544,4262529.12109,1914.18085156
337950.996284,4262568.80612,1942.71183212
337945.984544,4262549.43064,1942.71183212
338075.4289,4263441.8767,1942.71183212
338076.890087,4263481.56172,1942.71183212
338079.945442,4263521.24675,1942.71183212
336295.984544,4257965.34307,1932.03978185
336309.756633,4258005.0281,1942.71183212
336295.984544,4257967.51489,1942.71183212
336324.589393,4258044.71312,1942.71183212
338117.516843,4263759.35691,1942.71183212
338125.792213,4263799.04194,1942.71183212
338134.905056,4263838.72696,1942.71183212
336620.606575,4258759.0436,1879.71577962
336926.583161,4259394.00402,1879.71577962
337045.984544,4259762.62432,1879.71577962
337052.919807,4259790.85428,1879.71577962
338821.925573,4263838.72696,-2593.00394751
338015.865691,4262806.91628,1753.72367463
338080.912409,4263124.39649,1753.72367463
336876.718589,4258441.56338,-2593.00394751
337125.029957,4260028.96444,1690.72762214
337795.984544,4262088.50787,1753.72367463
337795.984544,4262092.5858,1770.30998699
337797.716496,4262092.5858,1753.72367463
337706.191878,4261894.16067,1753.72367463
337989.256515,4262648.17617,1753.72367463
338112.51085,4263600.6168,1753.72367463
337324.547984,4260663.92486,1690.72762214
336371.876157,4258124.08317,1753.72367463
338179.051445,4263918.09701,1753.72367463
337245.984544,4260438.04921,1753.72367463
337245.984544,4260456.533,1816.71972713
337241.740069,4260425.8147,1753.72367463
337235.393607,4260425.8147,1816.71972713
337621.660317,4261695.73554,1816.71972713
337634.088634,4261735.42057,1816.71972713
337615.547621,4261695.73554,1879.71577962
337628.351827,4261735.42057,1879.71577962
337917.977025,4262410.06601,1816.71972713
337932.696982,4262449.75104,1816.71972713
337910.624747,4262410.06601,1879.71577962
337925.198,4262449.75104,1879.71577962
338090.721626,4263362.50665,1816.71972713
338082.867434,4263362.50665,1879.71577962
336277.427663,4257885.97302,1816.71972713
336291.285302,4257925.65804,1816.71972713
336271.852935,4257885.97302,1879.71577962
336285.821612,4257925.65804,1879.71577962
338115.152293,4263679.98686,1816.71972713
338107.719027,4263679.98686,1879.71577962
337172.591653,4260227.38957,1753.72367463
337166.59423,4260227.38957,1816.71972713
337186.40363,4260267.07459,1753.72367463
337180.326906,4260267.07459,1816.71972713
338045.984544,4263032.34354,1879.71577962
338046.501229,4263005.34141,1816.71972713
338056.426066,4263045.02644,1816.71972713
338049.016644,4263045.02644,1879.71577962
337149.49607,4260187.70454,1879.71577962
337454.689536,4261100.46015,1690.72762214
337466.494332,4261140.14517,1690.72762214
337049.324101,4259711.48423,1690.72762214
336602.331778,4258679.67354,1690.72762214
336887.589245,4258520.93344,-2404.01579002
338069.571705,4263203.76654,1942.71183212
338073.243881,4263243.45157,1942.71183212
338075.035388,4263283.13659,1942.71183212
338826.171027,4263918.09701,-2404.01579002
338838.942224,4263957.78204,-2404.01579002
337638.102534,4261775.10559,1942.71183212
337704.807782,4261933.8457,1942.71183212
337723.131205,4261973.53073,1942.71183212
337741.147103,4262013.21575,1942.71183212
337928.49812,4262489.43607,1942.71183212
337940.556739,4262529.12109,1942.71183212
336877.788228,4259235.26391,1690.72762214
336895.902621,4259274.94894,1690.72762214
336295.191781,4257965.34307,1942.71183212
337769.706287,4262013.21575,1690.72762214
337745.984544,4261960.46111,1690.72762214
337666.750652,4261775.10559,1690.72762214
337695.984544,4261848.6151,1690.72762214
337695.984544,4261854.47565,1704.42413472
337698.375493,4261854.47565,1690.72762214
337953.387901,4262489.43607,1690.72762214
337975.311118,4262568.80612,1690.72762214
336640.604385,4258759.0436,1690.72762214
338109.391245,4263441.8767,1690.72762214
338115.175049,4263521.24675,1690.72762214
337295.984544,4260633.28904,1879.71577962
337305.328402,4260663.92486,1879.71577962
337559.648097,4261536.99544,1942.71183212
337545.984544,4261493.06383,1942.71183212
336545.984544,4258600.30349,1913.50810784
336579.043837,4258679.67354,1942.71183212
336545.984544,4258604.03695,1942.71183212
337545.984544,4261404.85327,1690.72762214
337967.883654,4262648.17617,1942.71183212
337775.764952,4262092.5858,1942.71183212
337745.984544,4262024.23032,1942.71183212
337695.984544,4261914.36553,1942.71183212
338089.976468,4263600.6168,1942.71183212
337280.469165,4260505.18475,1627.73156964
337295.984544,4260553.53794,1627.73156964
337305.883426,4260584.55481,1627.73156964
338036.797415,4262886.28633,1690.72762214
338045.984544,4262932.95815,1690.72762214
338045.984544,4262965.65638,1743.22983709
336318.875001,4257965.34307,1690.72762214
336345.984544,4258038.46587,1690.72762214
336345.984544,4258044.71312,1710.67357762
338095.984544,4263203.76654,1732.39379888
338097.341111,4263203.76654,1690.72762214
338104.031013,4263283.13659,1690.72762214
338145.984544,4263759.35691,1721.78407625
336851.332628,4259235.26391,1942.71183212
336886.103402,4259314.63396,1942.71183212
337000.215667,4259632.11417,1942.71183212
337023.90566,4259711.48423,1942.71183212
337445.984544,4261140.14517,1884.6235899
337416.564876,4261060.77512,1942.71183212
337440.026552,4261140.14517,1942.71183212
337145.984544,4260108.33449,1677.85119824
337419.276912,4260981.40507,1690.72762214
336859.641913,4258441.56338,-2404.01579002
337107.767994,4260028.96444,1879.71577962
336943.602292,4259394.00402,1690.72762214
336345.984544,4258100.60382,1942.71183212
338145.984544,4263881.97359,1942.71183212
337995.984544,4262806.91628,1936.83865617
337995.338976,4262806.91628,1942.71183212
337995.984544,4262810.73969,1942.71183212
338057.020064,4263124.39649,1942.71183212
336545.984544,4258567.10863,1753.72367463
336545.984544,4258584.12761,1816.71972713
336845.984544,4259178.00709,1753.72367463
336845.984544,4259190.09097,1816.71972713
336995.437965,4259552.74412,1753.72367463
336995.984544,4259554.35924,1753.72367463
336989.771908,4259552.74412,1816.71972713
336995.984544,4259571.07435,1816.71972713
337595.984544,4261590.72563,1753.72367463
337595.984544,4261614.34259,1816.71972713
337604.124258,4261616.36549,1753.72367463
337596.622685,4261616.36549,1816.71972713
338890.821897,4264076.83712,-2530.00789501
338883.361348,4264076.83712,-2467.01184252
336945.984544,4258649.29843,-2530.00789501
336945.984544,4258664.40566,-2467.01184252
337069.700337,4259790.85428,1690.72762214
336355.015202,4258124.08317,1942.71183212
338155.479102,4263918.09701,1942.71183212
338799.710657,4263838.72696,-2404.01579002
337537.861863,4261378.25533,1690.72762214
337535.018579,4261457.62538,1942.71183212
338052.468549,4262965.65638,1690.72762214
337152.903952,4260108.33449,1627.73156964
337176.000349,4260187.70454,1627.73156964
337733.927935,4261933.8457,1690.72762214
336544.379973,4258600.30349,1942.71183212
336348.313551,4258044.71312,1690.72762214
338152.352912,4263759.35691,1690.72762214
338170.087663,4263838.72696,1690.72762214
337570.183602,4261457.62538,1627.73156964
337595.381424,4261536.99544,1627.73156964
337510.918842,4261378.25533,1942.71183212
337595.984544,4261616.36549,1823.01431074
337590.27996,4261616.36549,1879.71577962
337445.984544,4261060.77512,1661.69437944
336576.56771,4258600.30349,1627.73156964
336595.984544,4258644.54238,1627.73156964
336611.647315,4258679.67354,1627.73156964
336880.782189,4259235.26391,1627.73156964
336895.984544,4259270.2189,1627.73156964
336914.970502,4259314.63396,1627.73156964
337028.45946,4259632.11417,1627.73156964
337045.984544,4259690.57024,1627.73156964
337395.984544,4260981.40507,1914.95093003
337393.099528,4260981.40507,1942.71183212
337395.984544,4260991.1609,1942.71183212
338845.984544,4263997.46707,-2365.93014248
336883.035713,4258520.93344,-2341.01973753
336895.984544,4258556.49753,-2341.01973753
336911.964599,4258600.30349,-2341.01973753
337145.984544,4260187.70454,1942.61443234
337123.561598,4260108.33449,1942.71183212
337145.979184,4260187.70454,1942.71183212
338001.846425,4262886.28633,2005.70788461
338016.722537,4262965.65638,2005.70788461
338057.657263,4263203.76654,2005.70788461
338064.525511,4263283.13659,2005.70788461
337248.772369,4260505.18475,1942.71183212
337274.008229,4260584.55481,1942.71183212
337665.524053,4261854.47565,2005.70788461
337645.984544,4261804.71023,2005.70788461
337945.984544,4262568.80612,1970.3852749
338071.402523,4263441.8767,2005.70788461
338077.351238,4263521.24675,2005.70788461
336290.701275,4257965.34307,2005.70788461
336295.984544,4257979.59359,2005.70788461
336320.195906,4258044.71312,2005.70788461
338114.085266,4263759.35691,2005.70788461
338131.210947,4263838.72696,2005.70788461
336545.984544,4258595.6496,1879.71577962
336595.984544,4258715.84996,1942.71183212
336616.593838,4258759.0436,1942.71183212
336845.984544,4259205.65206,1879.71577962
336895.984544,4259339.18484,1942.71183212
336917.643998,4259394.00402,1942.71183212
336982.563893,4259552.74412,1879.71577962
336995.984544,4259593.16142,1879.71577962
337045.984544,4259790.85428,1937.10635619
337045.295792,4259790.85428,1942.71183212
338895.984544,4264071.26508,-2593.00394751
338895.984544,4264076.83712,-2577.42340374
338897.676904,4264076.83712,-2593.00394751
338022.578608,4262806.91628,1690.72762214
338045.984544,4262971.27558,1753.72367463
338084.956356,4263124.39649,1690.72762214
338095.984544,4263194.90031,1690.72762214
338095.984544,4263362.50665,1775.52768193
338098.761582,4263362.50665,1753.72367463
336945.984544,4258632.68834,-2593.00394751
337132.273546,4260028.96444,1627.73156964
337145.984544,4260081.97138,1627.73156964
337795.984544,4262074.07608,1690.72762214
337803.898639,4262092.5858,1690.72762214
337645.984544,4261745.70432,1753.72367463
337945.984544,4262475.45562,1753.72367463
337993.239251,4262648.17617,1690.72762214
338125.022087,4263600.6168,1690.72762214
337247.9749,4260425.8147,1690.72762214
337245.984544,4260425.8147,1710.92727468
337330.414094,4260663.92486,1627.73156964
336283.60905,4257885.97302,1753.72367463
336295.984544,4257920.94807,1753.72367463
336378.850118,4258124.08317,1690.72762214
338125.438843,4263679.98686,1753.72367463
338190.417102,4263918.09701,1690.72762214
337245.984544,4260476.43724,1879.71577962
337229.035186,4260425.8147,1879.71577962
337610.729437,4261695.73554,1942.71183212
337629.558342,4261695.73554,1753.72367463
337901.434409,4262410.06601,1942.71183212
337923.311608,4262410.06601,1753.72367463
338075.352143,4263362.50665,1942.71183212
336266.758678,4257885.97302,1942.71183212
338102.822887,4263679.98686,1942.71183212
337175.328491,4260267.07459,1879.71577962
337193.583968,4260267.07459,1690.72762214
338045.984544,4263045.02644,1903.12793166
338040.841751,4263045.02644,1942.71183212
338063.134417,4263045.02644,1753.72367463
336845.984544,4258370.24357,-2530.00789501
336845.984544,4258386.85126,-2467.01184252
336645.984544,4258785.32753,1753.72367463
336645.984544,4258798.29512,1816.71972713
336945.984544,4259410.8844,1753.72367463
336945.984544,4259426.72608,1816.71972713
337389.198998,4260902.03502,1753.72367463
337395.984544,4260924.92235,1753.72367463
337382.695949,4260902.03502,1816.71972713
337395.984544,4260946.9446,1816.71972713
337483.219608,4261219.51523,1753.72367463
337476.473881,4261219.51523,1816.71972713
337469.913884,4261219.51523,1879.71577962
337449.594282,4261060.77512,1627.73156964
337473.370016,4261140.14517,1627.73156964
337052.172683,4259711.48423,1627.73156964
338817.270897,4263918.09701,-2341.01973753
338842.489025,4263997.46707,-2341.01973753
337634.585526,4261775.10559,2005.70788461
337699.139842,4261933.8457,2005.70788461
337733.810605,4262013.21575,2005.70788461
337917.12035,4262489.43607,2005.70788461
337939.439151,4262568.80612,2005.70788461
336945.984544,4258678.40807,-2404.01579002
338875.235845,4264076.83712,-2404.01579002
337987.632645,4262806.91628,2005.70788461
338032.015392,4263045.02644,2005.70788461
337767.73868,4262092.5858,2005.70788461
337745.984544,4262041.61319,2005.70788461
336261.97736,4257885.97302,2005.70788461
336345.984544,4258112.40552,2005.70788461
338046.377115,4263124.39649,2005.70788461
338068.136093,4263362.50665,2005.70788461
337957.641157,4262648.17617,2005.70788461
337945.984544,4262596.85206,2005.70788461
338087.393755,4263600.6168,2005.70788461
338099.820455,4263679.98686,2005.70788461
338145.984544,4263899.17326,2005.70788461
337545.984544,4261379.83331,1627.73156964
337621.472449,4261616.36549,1627.73156964
337612.675231,4261616.36549,1690.72762214
336545.984544,4258527.25815,1627.73156964
336545.984544,4258547.3082,1690.72762214
336645.984544,4258752.63114,1627.73156964
336645.984544,4258759.0436,1650.50615115
336845.984544,4259159.90431,1627.73156964
336845.984544,4259168.42103,1690.72762214
336945.984544,4259393.20874,1627.73156964
336945.984544,4259394.00402,1635.07355614
337254.206239,4260425.8147,1627.73156964
337002.450013,4259552.74412,1627.73156964
336999.233618,4259552.74412,1690.72762214
337425.843275,4260981.40507,1627.73156964
337445.984544,4261048.71283,1627.73156964
337376.146741,4260902.03502,1879.71577962
336845.984544,4258402.01574,-2404.01579002
337100.956373,4259949.59438,1753.72367463
337095.259461,4259949.59438,1816.71972713
337089.706365,4259949.59438,1879.71577962
336645.984544,4258808.82623,1879.71577962
336945.984544,4259447.61939,1879.71577962
337342.122014,4260743.29491,1753.72367463
337335.679678,4260743.29491,1816.71972713
337329.066106,4260743.29491,1879.71577962
336527.969849,4258520.93344,1753.72367463
336521.623922,4258520.93344,1816.71972713
336516.432542,4258520.93344,1879.71577962
336957.50399,4258679.67354,-2530.00789501
336951.771494,4258679.67354,-2467.01184252
336946.459658,4258679.67354,-2404.01579002
338002.978244,4262727.54623,1753.72367463
337996.901754,4262727.54623,1816.71972713
337989.954254,4262727.54623,1879.71577962
337830.679696,4262171.95586,1753.72367463
337824.081656,4262171.95586,1816.71972713
337816.792432,4262171.95586,1879.71577962
336946.292035,4259394.00402,1627.73156964
337073.480316,4259790.85428,1627.73156964
337497.250078,4261219.51523,1627.73156964
337490.171034,4261219.51523,1690.72762214
336963.646331,4258679.67354,-2593.00394751
337201.426505,4260267.07459,1627.73156964
336350.459205,4258124.08317,2005.70788461
338150.73793,4263918.09701,2005.70788461
336543.375867,4258520.93344,1627.73156964
336535.365458,4258520.93344,1690.72762214
337545.496259,4261378.25533,1627.73156964
337606.597028,4261695.73554,2005.70788461
337890.921332,4262410.06601,2005.70788461
337776.503803,4262013.21575,1627.73156964
337745.984544,4261942.455,1627.73156964
337809.936748,4262092.5858,1627.73156964
337677.351956,4261775.10559,1627.73156964
337708.776059,4261854.47565,1627.73156964
337648.335308,4261695.73554,1627.73156964
337645.984544,4261695.73554,1642.95304294
337645.984544,4261716.63807,1690.72762214
337742.277052,4261933.8457,1627.73156964
337956.013004,4262489.43607,1627.73156964
337977.872107,4262568.80612,1627.73156964
337945.984544,4262457.4138,1627.73156964
337945.984544,4262466.53054,1690.72762214
337996.710866,4262648.17617,1627.73156964
336645.984544,4258769.78382,1690.72762214
338120.506471,4263441.8767,1627.73156964
338127.873461,4263521.24675,1627.73156964
338114.917574,4263362.50665,1627.73156964
338106.846771,4263362.50665,1690.72762214
338137.886956,4263600.6168,1627.73156964
337345.984544,4260715.244,1627.73156964
337345.984544,4260735.34408,1690.72762214
337345.984544,4260743.29491,1714.86986679
337554.323776,4261536.99544,2005.70788461
337545.984544,4261510.55859,2005.70788461
337585.025589,4261616.36549,1942.71183212
337580.012384,4261616.36549,2005.70788461
336576.046088,4258679.67354,2005.70788461
336545.984544,4258611.73329,2005.70788461
336612.883218,4258759.0436,2005.70788461
337982.03038,4262727.54623,1942.71183212
337973.229616,4262727.54623,2005.70788461
337808.881458,4262171.95586,1942.71183212
337800.527672,4262171.95586,2005.70788461
338043.723073,4262886.28633,1627.73156964
338045.984544,4262897.91404,1627.73156964
338028.66687,4262806.91628,1627.73156964
336326.214687,4257965.34307,1627.73156964
336345.984544,4258018.53686,1627.73156964
336297.343316,4257885.97302,1627.73156964
336290.388427,4257885.97302,1690.72762214
338100.716729,4263203.76654,1627.73156964
338109.048217,4263283.13659,1627.73156964
338089.005003,4263124.39649,1627.73156964
338145.984544,4263679.98686,1649.40714917
338137.670781,4263679.98686,1690.72762214
338145.984544,4263725.63369,1690.72762214
336845.984544,4259235.26391,1979.95120733
336876.330425,4259314.63396,2005.70788461
336845.984544,4259243.82443,2005.70788461
336845.984544,4259223.79091,1942.71183212
336908.062197,4259394.00402,2005.70788461
336991.108982,4259632.11417,2005.70788461
337015.153293,4259711.48423,2005.70788461
336974.108154,4259552.74412,1942.71183212
336965.288209,4259552.74412,2005.70788461
337037.386386,4259790.85428,2005.70788461
337410.127881,4261060.77512,2005.70788461
337433.678882,4261140.14517,2005.70788461
337386.596081,4260981.40507,2005.70788461
337445.984544,4261160.27004,1942.71183212
337445.984544,4261181.50697,2005.70788461
337402.092146,4260902.03502,1627.73156964
337395.646299,4260902.03502,1690.72762214
336849.327908,4258362.19333,-2593.00394751
336845.984544,4258362.19333,-2558.59853211
337112.864832,4259949.59438,1627.73156964
337106.865736,4259949.59438,1690.72762214
336945.984544,4259400.55968,1690.72762214
338045.984544,4263070.20606,1942.71183212
338045.984544,4263122.20176,2005.70788461
336967.800237,4259473.37407,1753.72367463
336962.224416,4259473.37407,1816.71972713
336955.121657,4259473.37407,1879.71577962
336255.73422,4257806.60296,1753.72367463
336249.65226,4257806.60296,1816.71972713
336245.984544,4257806.60296,1857.37561029
336245.984544,4257812.32437,1879.71577962
338914.298936,4264156.20717,-2530.00789501
338906.814479,4264156.20717,-2467.01184252
338898.921467,4264156.20717,-2404.01579002
337083.289168,4259870.22433,1753.72367463
337077.647664,4259870.22433,1816.71972713
337071.504875,4259870.22433,1879.71577962
337093.46829,4259870.22433,1627.73156964
337088.501788,4259870.22433,1690.72762214
336975.076524,4259473.37407,1627.73156964
336971.935085,4259473.37407,1690.72762214
336403.203299,4258203.45323,1753.72367463
336396.955701,4258203.45323,1816.71972713
336391.28949,4258203.45323,1879.71577962
336386.151628,4258203.45323,1942.71183212
336381.406605,4258203.45323,2005.70788461
338202.128743,4263997.46707,1753.72367463
338192.717525,4263997.46707,1816.71972713
338184.653733,4263997.46707,1879.71577962
338177.888612,4263997.46707,1942.71183212
338172.110184,4263997.46707,2005.70788461
338787.767216,4263759.35691,-2530.00789501
338780.398092,4263759.35691,-2467.01184252
338772.568091,4263759.35691,-2404.01579002
338794.658293,4263759.35691,-2593.00394751
337506.837883,4261298.88528,1753.72367463
337500.000252,4261298.88528,1816.71972713
337493.455976,4261298.88528,1879.71577962
337521.266276,4261298.88528,1627.73156964
337513.946865,4261298.88528,1690.72762214
337529.444784,4261457.62538,2005.70788461
337505.1022,4261378.25533,2005.70788461
338059.184381,4262965.65638,1627.73156964
338074.685453,4263045.02644,1627.73156964
338069.08541,4263045.02644,1690.72762214
337463.542017,4261219.51523,1942.71183212
337457.30486,4261219.51523,2005.70788461
336835.038707,4259155.89386,1753.72367463
336828.988912,4259155.89386,1816.71972713
336821.816876,4259155.89386,1879.71577962
336844.109737,4259155.89386,1627.73156964
336839.951014,4259155.89386,1690.72762214
336649.044977,4258759.0436,1627.73156964
337638.764629,4261695.73554,1690.72762214
337930.777162,4262410.06601,1627.73156964
337927.257448,4262410.06601,1690.72762214
336541.045578,4258600.30349,2005.70788461
336512.052272,4258520.93344,1942.71183212
336508.066536,4258520.93344,2005.70788461
336355.790117,4258044.71312,1627.73156964
336386.227096,4258124.08317,1627.73156964
338165.681525,4263759.35691,1627.73156964
338183.20148,4263838.72696,1627.73156964
338150.492164,4263679.98686,1627.73156964
338202.785863,4263918.09701,1627.73156964
337487.172949,4261298.88528,1942.71183212
337481.089908,4261298.88528,2005.70788461
337369.596494,4260902.03502,1942.71183212
337363.0503,4260902.03502,2005.70788461
338866.792251,4264076.83712,-2341.01973753
338845.984544,4264008.85197,-2341.01973753
338858.114028,4264076.83712,-2278.02368503
338845.984544,4264037.58655,-2278.02368503
336878.516348,4258520.93344,-2278.02368503
336907.366973,4258600.30349,-2278.02368503
336854.865244,4258441.56338,-2341.01973753
336850.157972,4258441.56338,-2278.02368503
336945.984544,4258679.67354,-2398.06010503
336941.470401,4258679.67354,-2341.01973753
336936.643647,4258679.67354,-2278.02368503
337119.562632,4260108.33449,2005.70788461
337142.003393,4260187.70454,2005.70788461
337103.38071,4260028.96444,1942.71183212
337098.51047,4260028.96444,2005.70788461
337145.984544,4260187.72194,1942.71183212
337145.984544,4260200.94407,2005.70788461
337245.984544,4260505.18475,1969.43765883
337267.169479,4260584.55481,2005.70788461
337245.984544,4260517.21899,2005.70788461
337245.984544,4260496.64535,1942.71183212
337298.408731,4260663.92486,1942.71183212
337291.615615,4260663.92486,2005.70788461
336645.984544,4258818.37833,1942.71183212
336645.984544,4258827.97792,2005.70788461
336945.984544,4259470.98839,1942.71183212
336945.984544,4259473.37407,1948.80006865
336937.720368,4259473.37407,2005.70788461
336946.846704,4259473.37407,1942.71183212
337045.984544,4259793.60602,1942.71183212
337045.984544,4259823.52341,2005.70788461
337064.961103,4259870.22433,1942.71183212
337058.139588,4259870.22433,2005.70788461
338921.380152,4264156.20717,-2593.00394751
338013.314623,4262727.54623,1627.73156964
338008.392106,4262727.54623,1690.72762214
337842.299243,4262171.95586,1627.73156964
337836.692939,4262171.95586,1690.72762214
338145.984544,4263652.21957,1627.73156964
337245.984544,4260401.23726,1627.73156964
337245.984544,4260419.99736,1690.72762214
336417.091216,4258203.45323,1627.73156964
336409.960026,4258203.45323,1690.72762214
338223.789807,4263997.46707,1627.73156964
338212.612311,4263997.46707,1690.72762214
337214.233372,4260346.44465,1753.72367463
337208.016986,4260346.44465,1816.71972713
337202.219631,4260346.44465,1879.71577962
337227.669872,4260346.44465,1627.73156964
337220.839434,4260346.44465,1690.72762214
336843.229477,4258362.19333,-2530.00789501
336837.544644,4258362.19333,-2467.01184252
336832.235197,4258362.19333,-2404.01579002
337893.547665,4262330.69596,1753.72367463
337887.523878,4262330.69596,1816.71972713
337880.256507,4262330.69596,1879.71577962
337871.805663,4262330.69596,1942.71183212
337862.471682,4262330.69596,2005.70788461
336245.984544,4257827.28183,1942.71183212
336245.984544,4257841.25693,2005.70788461
337354.475821,4260743.29491,1627.73156964
337348.365845,4260743.29491,1690.72762214
337365.656325,4260822.66496,1753.72367463
337359.203456,4260822.66496,1816.71972713
337352.662581,4260822.66496,1879.71577962
336673.565621,4258838.41365,1753.72367463
336666.998275,4258838.41365,1816.71972713
336661.215403,4258838.41365,1879.71577962
336688.114918,4258838.41365,1627.73156964
336680.731467,4258838.41365,1690.72762214
337170.844625,4260267.07459,1942.71183212
337166.164883,4260267.07459,2005.70788461
336656.021482,4258838.41365,1942.71183212
336651.077413,4258838.41365,2005.70788461
338808.296213,4263918.09701,-2278.02368503
338833.552408,4263997.46707,-2278.02368503
338791.068301,4263838.72696,-2341.01973753
338782.39341,4263838.72696,-2278.02368503
336842.24434,4259235.26391,2005.70788461
336813.934327,4259155.89386,1942.71183212
336805.72957,4259155.89386,2005.70788461
336987.626818,4258759.0436,-2530.00789501
336976.475571,4258759.0436,-2404.01579002
336496.908502,4258441.56338,1753.72367463
336485.129508,4258441.56338,1879.71577962
336795.217894,4259076.52381,1753.72367463
336782.396474,4259076.52381,1879.71577962
336243.973257,4257806.60296,1879.71577962
336233.611799,4257806.60296,2005.70788461
336511.399875,4258441.56338,1627.73156964
336805.835003,4259076.52381,1627.73156964
336816.147537,4258282.82328,-2530.00789501
336804.983056,4258282.82328,-2404.01579002
338760.34559,4263679.98686,-2530.00789501
338745.984544,4263679.98686,-2409.0705983
338745.984544,4263681.74111,-2404.01579002
336714.490831,4258917.7837,1753.72367463
336702.003139,4258917.7837,1879.71577962
337345.984544,4260756.28616,1753.72367463
337345.984544,4260800.15406,1879.71577962
337845.984544,4262209.66128,1753.72367463
337845.984544,4262243.51143,1879.71577962
337862.702169,4262251.32591,1753.72367463
337849.136497,4262251.32591,1879.71577962
336434.374191,4258282.82328,1753.72367463
336422.529253,4258282.82328,1879.71577962
337242.189765,4260505.18475,2005.70788461
337645.984544,4261688.92347,1627.73156964
336727.516433,4258917.7837,1627.73156964
337378.318473,4260822.66496,1627.73156964
336475.8126,4258441.56338,2005.70788461
337845.984544,4262251.32591,1903.46721332
337832.202886,4262251.32591,2005.70788461
337292.336873,4260505.18475,1501.73946465
337317.475858,4260584.55481,1501.73946465
337342.2407,4260663.92486,1501.73946465
336268.86869,4257806.60296,1627.73156964
336767.935374,4259076.52381,2005.70788461
337145.984544,4260028.96444,1502.2456396
336412.603616,4258282.82328,2005.70788461
338745.383638,4263679.98686,-2404.01579002
337146.039974,4260028.96444,1501.73946465
337168.365874,4260108.33449,1501.73946465
337191.758343,4260187.70454,1501.73946465
337586.574877,4261457.62538,1501.73946465
337612.556108,4261536.99544,1501.73946465
337639.272843,4261616.36549,1501.73946465
337439.075455,4260981.40507,1501.73946465
337445.984544,4261004.15839,1501.73946465
336593.944261,4258600.30349,1501.73946465
336628.935803,4258679.67354,1501.73946465
336645.984544,4258717.19726,1501.73946465
336886.335156,4259235.26391,1501.73946465
336919.551146,4259314.63396,1501.73946465
336945.984544,4259381.41815,1501.73946465
337007.716641,4259552.74412,1501.73946465
337033.796885,4259632.11417,1501.73946465
337045.984544,4259671.5064,1501.73946465
337345.984544,4260822.66496,1943.66795347
337345.984544,4260844.64809,2005.70788461
337339.436335,4260822.66496,2005.70788461
338882.197513,4264156.20717,-2278.02368503
336945.984544,4258704.72152,-2278.02368503
336966.263055,4258759.0436,-2278.02368503
337191.294566,4260346.44465,2005.70788461
337984.964531,4262886.28633,2131.6999896
337999.557137,4262965.65638,2131.6999896
338013.481042,4263045.02644,2131.6999896
338045.984544,4263203.76654,2078.07190159
338046.386661,4263283.13659,2131.6999896
338045.984544,4263279.60342,2131.6999896
338054.114644,4263362.50665,2131.6999896
337216.77851,4260425.8147,2005.70788461
337751.693107,4262092.5858,2131.6999896
337745.984544,4262078.44239,2131.6999896
337656.100706,4261854.47565,2131.6999896
337645.984544,4261828.01217,2131.6999896
337687.586802,4261933.8457,2131.6999896
338061.72167,4263441.8767,2131.6999896
338070.423228,4263521.24675,2131.6999896
336281.925003,4257965.34307,2131.6999896
336311.60105,4258044.71312,2131.6999896
336345.984544,4258124.08317,2070.60537426
336341.77158,4258124.08317,2131.6999896
338093.4833,4263679.98686,2131.6999896
338107.980004,4263759.35691,2131.6999896
338124.350976,4263838.72696,2131.6999896
336690.234107,4258917.7837,2005.70788461
336945.984544,4259496.83806,2005.70788461
337845.984544,4262181.29567,1627.73156964
337873.322518,4262251.32591,1627.73156964
336445.984544,4258277.22731,1627.73156964
336445.984544,4258282.82328,1647.78380547
336448.190711,4258282.82328,1627.73156964
337845.984544,4262287.23326,2005.70788461
337463.182496,4261060.77512,1501.73946465
337487.374058,4261140.14517,1501.73946465
337058.195816,4259711.48423,1501.73946465
337626.067686,4261775.10559,2131.6999896
337719.67343,4262013.21575,2131.6999896
337869.42362,4262410.06601,2131.6999896
337894.239673,4262489.43607,2131.6999896
337916.527817,4262568.80612,2131.6999896
336665.235829,4258759.0436,1501.73946465
338037.298101,4263203.76654,2131.6999896
336950.878897,4259394.00402,1501.73946465
338045.984544,4262886.28633,1603.10017149
338055.2121,4262886.28633,1501.73946465
338085.431192,4263045.02644,1501.73946465
337758.275728,4261933.8457,1501.73946465
337821.887476,4262092.5858,1501.73946465
337745.984544,4261933.8457,1598.82712609
337696.311453,4261775.10559,1501.73946465
337745.984544,4261902.5557,1501.73946465
336340.925305,4257965.34307,1501.73946465
336345.984544,4257978.69701,1501.73946465
338111.215853,4263203.76654,1501.73946465
338131.353403,4263362.50665,1501.73946465
337953.799519,4262727.54623,2131.6999896
337983.94512,4262568.80612,1501.73946465
337945.984544,4262438.80073,1501.73946465
338145.984544,4263481.60973,1501.73946465
338145.984544,4263521.24675,1528.60265418
337570.280565,4261616.36549,2131.6999896
336223.968779,4257806.60296,2131.6999896
336245.984544,4257866.85879,2131.6999896
337545.984544,4261542.11872,2131.6999896
336604.424688,4258759.0436,2131.6999896
336545.984544,4258628.02688,2131.6999896
336824.140396,4259235.26391,2131.6999896
336845.984544,4259288.12344,2131.6999896
336889.062181,4259394.00402,2131.6999896
337229.453354,4260505.18475,2131.6999896
337245.984544,4260558.89105,2131.6999896
337278.289791,4260663.92486,2131.6999896
336946.922575,4259552.74412,2131.6999896
336997.940949,4259711.48423,2131.6999896
337373.728661,4260981.40507,2131.6999896
337421.226363,4261140.14517,2131.6999896
336845.984544,4258441.56338,-2221.66185168
336840.852968,4258441.56338,-2152.03158004
336845.984544,4258455.7568,-2152.03158004
336898.114146,4258600.30349,-2152.03158004
338764.847717,4263838.72696,-2152.03158004
338815.643486,4263997.46707,-2152.03158004
337087.490335,4260028.96444,2131.6999896
337132.420277,4260187.70454,2131.6999896
337945.984544,4262693.66594,2131.6999896
338145.984544,4263930.43967,2131.6999896
338162.220911,4263997.46707,2131.6999896
337545.984544,4261329.70264,1501.73946465
337536.266016,4261298.88528,1501.73946465
336545.984544,4258486.70992,1501.73946465
336527.15941,4258441.56338,1501.73946465
336815.077816,4259076.52381,1501.73946465
336845.984544,4259144.82298,1501.73946465
337241.349531,4260346.44465,1501.73946465
337245.984544,4260360.88395,1501.73946465
337103.062352,4259870.22433,1501.73946465
336794.671999,4258282.82328,-2278.02368503
336845.984544,4258429.59363,-2278.02368503
338745.984544,4263730.06862,-2278.02368503
336401.185477,4258124.08317,1501.73946465
338176.221213,4263679.98686,1501.73946465
338208.600618,4263838.72696,1501.73946465
336533.811936,4258600.30349,2131.6999896
337518.585706,4261457.62538,2131.6999896
337937.416475,4262410.06601,1501.73946465
337645.984544,4261635.29183,1501.73946465
338022.180998,4262727.54623,1501.73946465
336740.169942,4258917.7837,1501.73946465
338150.931664,4263521.24675,1501.73946465
337345.984544,4260676.12425,1501.73946465
337390.87026,4260822.66496,1501.73946465
337469.272267,4261298.88528,2131.6999896
336467.514239,4258441.56338,2131.6999896
337813.397355,4262251.32591,2131.6999896
337304.580242,4260505.18475,1375.74735966
337345.984544,4260637.23434,1375.74735966
337345.984544,4260663.92486,1462.98326181
338045.984544,4262841.72294,1501.73946465
336282.735323,4257806.60296,1501.73946465
338245.984544,4263992.88899,1501.73946465
338245.984544,4263997.46707,1507.82539777
338247.116282,4263997.46707,1501.73946465
336752.911861,4259076.52381,2131.6999896
337045.984544,4259870.22433,2113.39240868
337043.881954,4259870.22433,2131.6999896
337445.984544,4261222.01758,2131.6999896
337145.984544,4260028.76107,1501.73946465
336345.984544,4258134.90184,2131.6999896
336403.790606,4258282.82328,2131.6999896
336745.984544,4258979.67526,1753.72367463
336745.984544,4259004.58121,1879.71577962
336245.984544,4257778.69842,1753.72367463
338245.984544,4264148.33727,1753.72367463
338245.984544,4264156.20717,1770.61440761
338231.09915,4264156.20717,1879.71577962
338248.308194,4264156.20717,1753.72367463
338216.774855,4264156.20717,2005.70788461
338729.256862,4263679.98686,-2278.02368503
337158.337632,4260028.96444,1375.74735966
337205.445782,4260187.70454,1375.74735966
337602.739348,4261457.62538,1375.74735966
337645.984544,4261585.82186,1375.74735966
337645.984544,4261616.36549,1452.33215059
337656.372062,4261616.36549,1375.74735966
337445.984544,4260981.40507,1436.53604846
337452.385408,4260981.40507,1375.74735966
337501.504578,4261140.14517,1375.74735966
336609.920501,4258600.30349,1375.74735966
336645.984544,4258682.37946,1375.74735966
336679.941327,4258759.0436,1375.74735966
336892.30597,4259235.26391,1375.74735966
336945.984544,4259369.51108,1375.74735966
337012.838562,4259552.74412,1375.74735966
337045.984544,4259653.88604,1375.74735966
337064.654637,4259711.48423,1375.74735966
337345.984544,4260888.61181,2131.6999896
337326.250825,4260822.66496,2131.6999896
338845.984544,4264095.67303,-2152.03158004
338864.752396,4264156.20717,-2152.03158004
336945.984544,4258730.28518,-2152.03158004
336956.551573,4258759.0436,-2152.03158004
337145.984544,4260232.97263,2131.6999896
337180.239214,4260346.44465,2131.6999896
337965.876537,4262886.28633,2257.69209459
337994.684987,4263045.02644,2257.69209459
338045.984544,4263362.50665,2206.63601988
338019.414539,4263203.76654,2257.69209459
338040.419065,4263362.50665,2257.69209459
337745.984544,4262092.5858,2175.5793438
337615.562538,4261775.10559,2257.69209459
337645.984544,4261857.18086,2257.69209459
337674.676761,4261933.8457,2257.69209459
338045.984544,4263404.96929,2257.69209459
338061.29934,4263521.24675,2257.69209459
336273.096625,4257965.34307,2257.69209459
336333.235207,4258124.08317,2257.69209459
338086.289564,4263679.98686,2257.69209459
338116.996825,4263838.72696,2257.69209459
336645.984544,4258848.51527,2131.6999896
336678.495715,4258917.7837,2131.6999896
336945.984544,4259550.12544,2131.6999896
337845.984544,4262155.24204,1501.73946465
337882.497721,4262251.32591,1501.73946465
336445.984544,4258238.74171,1501.73946465
336463.272636,4258282.82328,1501.73946465
338245.984544,4264077.1895,1627.73156964
338268.376233,4264156.20717,1627.73156964
337845.984544,4262343.08743,2131.6999896
338745.984544,4263638.6188,-2530.00789501
336761.862996,4258124.08317,-2530.00789501
336750.518907,4258124.08317,-2404.01579002
337354.342823,4260663.92486,1375.74735966
337735.282314,4262092.5858,2257.69209459
337847.705354,4262410.06601,2257.69209459
337894.109611,4262568.80612,2257.69209459
336784.835611,4258282.82328,-2152.03158004
338745.984544,4263781.63796,-2152.03158004
336745.984544,4258955.17881,1627.73156964
337551.38311,4261298.88528,1375.74735966
337545.984544,4261298.88528,1420.81611454
337713.29866,4261775.10559,1375.74735966
336955.594979,4259394.00402,1375.74735966
337112.254234,4259870.22433,1375.74735966
336545.984544,4258448.91206,1375.74735966
336745.984544,4258904.49006,1375.74735966
336745.984544,4258917.7837,1440.35442512
337403.466364,4260822.66496,1375.74735966
337545.984544,4261281.77579,1375.74735966
336823.607529,4259076.52381,1375.74735966
337254.604582,4260346.44465,1375.74735966
337145.984544,4259986.44321,1375.74735966
336745.984544,4259031.64063,2005.70788461
336745.984544,4259061.73275,2131.6999896
337047.759099,4258917.7837,-2530.00789501
337036.519567,4258917.7837,-2404.01579002
337025.900229,4258917.7837,-2278.02368503
337015.752132,4258917.7837,-2152.03158004
338204.994779,4264156.20717,2131.6999896
336542.916199,4258441.56338,1375.74735966
338712.501321,4263679.98686,-2152.03158004
338065.090851,4262886.28633,1375.74735966
338096.229243,4263045.02644,1375.74735966
338030.244171,4262727.54623,1375.74735966
338123.70396,4263203.76654,1375.74735966
337772.955207,4261933.8457,1375.74735966
337833.263005,4262092.5858,1375.74735966
337745.984544,4261862.33076,1375.74735966
337891.143104,4262251.32591,1375.74735966
336345.984544,4257965.34307,1458.63981155
336296.896851,4257806.60296,1375.74735966
336345.984544,4257939.0885,1375.74735966
338145.984544,4263349.08404,1375.74735966
338145.984544,4263362.50665,1391.35399642
337990.460997,4262568.80612,1375.74735966
337945.984544,4262415.84287,1375.74735966
336478.816559,4258282.82328,1375.74735966
336752.023508,4258917.7837,1375.74735966
336745.984544,4258930.0858,1501.73946465
336745.984544,4258124.08317,-2350.99664639
336745.984544,4258141.9623,-2278.02368503
336745.984544,4258171.32398,-2152.03158004
336355.725032,4257965.34307,1375.74735966
336416.425666,4258124.08317,1375.74735966
338148.053873,4263362.50665,1375.74735966
338172.539336,4263521.24675,1375.74735966
338200.55883,4263679.98686,1375.74735966
338233.583295,4263838.72696,1375.74735966
338271.333526,4263997.46707,1375.74735966
337944.269441,4262410.06601,1375.74735966
338312.65604,4264156.20717,1375.74735966
338290.404427,4264156.20717,1501.73946465
338705.368457,4263521.24675,-2530.00789501
338690.701069,4263521.24675,-2404.01579002
338675.278106,4263521.24675,-2278.02368503
338659.291707,4263521.24675,-2152.03158004
337945.984544,4262886.28633,2383.52539333
337975.894008,4263045.02644,2383.68419958
337945.984544,4262886.41994,2383.68419958
337945.984544,4262727.54623,2179.46400541
337945.984544,4262789.87323,2257.69209459
338002.439433,4263203.76654,2383.68419958
338026.744648,4263362.50665,2383.68419958
338051.096449,4263521.24675,2383.68419958
337793.835885,4262251.32591,2257.69209459
337745.984544,4262121.44943,2257.69209459
337774.269981,4262251.32591,2383.68419958
337745.984544,4262170.78548,2383.68419958
337603.584175,4261775.10559,2383.68419958
337660.662257,4261933.8457,2383.68419958
337559.96782,4261616.36549,2257.69209459
337548.581565,4261616.36549,2383.68419958
337718.353173,4262092.5858,2383.68419958
338078.014968,4263679.98686,2383.68419958
336264.21072,4257965.34307,2383.68419958
336324.552516,4258124.08317,2383.68419958
336214.644072,4257806.60296,2257.69209459
336205.263806,4257806.60296,2383.68419958
336345.984544,4258156.7704,2257.69209459
336345.984544,4258179.01187,2383.68419958
338108.965617,4263838.72696,2383.68419958
338145.984544,4263966.40998,2257.69209459
338145.984544,4263997.46707,2358.16122376
338144.164424,4263997.46707,2383.68419958
336739.759346,4258124.08317,-2278.02368503
336729.417275,4258124.08317,-2152.03158004
336745.984544,4258077.43486,-2530.00789501
336745.984544,4258110.7683,-2404.01579002
336395.432874,4258282.82328,2257.69209459
336386.695876,4258282.82328,2383.68419958
338153.224927,4263997.46707,2257.69209459
337825.92159,4262410.06601,2383.68419958
337871.824051,4262568.80612,2383.68419958
337932.927716,4262727.54623,2257.69209459
337911.578071,4262727.54623,2383.68419958
336696.047396,4257965.34307,-2404.01579002
338636.033198,4263362.50665,-2404.01579002
337945.959044,4262886.28633,2383.68419958
337545.984544,4261608.55654,2383.68419958
336584.510578,4258759.0436,2383.68419958
336545.984544,4258669.54834,2383.68419958
336653.805561,4258917.7837,2383.68419958
336789.264886,4259235.26391,2383.68419958
336851.932072,4259394.00402,2383.68419958
336945.984544,4259552.74412,2138.27772851
336910.044919,4259552.74412,2383.68419958
337203.969437,4260505.18475,2383.68419958
337252.075604,4260663.92486,2383.68419958
337300.110348,4260822.66496,2383.68419958
336963.572962,4259711.48423,2383.68419958
336945.984544,4259658.84329,2383.68419958
337013.352017,4259870.22433,2383.68419958
337348.181325,4260981.40507,2383.68419958
337345.984544,4260974.14668,2383.68419958
337396.521215,4261140.14517,2383.68419958
336765.553024,4258282.82328,-1900.04737006
336822.242533,4258441.56338,-1900.04737006
336879.621141,4258600.30349,-1900.04737006
338745.984544,4263838.72696,-2017.91330368
338779.704401,4263997.46707,-1900.04737006
338745.984544,4263891.12001,-1900.04737006
337061.139405,4260028.96444,2383.68419958
337108.374515,4260187.70454,2383.68419958
336674.311371,4257965.34307,-2152.03158004
338605.659542,4263362.50665,-2152.03158004
336516.51824,4258600.30349,2383.68419958
337496.153736,4261457.62538,2383.68419958
337445.663913,4261298.88528,2383.68419958
336450.692502,4258441.56338,2383.68419958
337328.706012,4260505.18475,1123.76314968
337345.984544,4260560.01404,1123.76314968
336745.984544,4259076.52381,2189.63639991
336745.984544,4259131.91978,2383.68419958
337129.753909,4259870.22433,1123.76314968
337145.984544,4259921.85902,1123.76314968
337096.357207,4259076.52381,-2404.01579002
337145.984544,4259208.42273,-2404.01579002
337179.591391,4260028.96444,1123.76314968
337229.057042,4260187.70454,1123.76314968
337633.242334,4261457.62538,1123.76314968
337687.2364,4261616.36549,1123.76314968
337742.707934,4261775.10559,1123.76314968
337428.724941,4260822.66496,1123.76314968
337478.847336,4260981.40507,1123.76314968
337529.393012,4261140.14517,1123.76314968
336638.532179,4258600.30349,1123.76314968
336705.766057,4258759.0436,1123.76314968
336745.984544,4258853.23691,1123.76314968
336905.309867,4259235.26391,1123.76314968
336945.984544,4259339.90917,1123.76314968
337024.274747,4259552.74412,1123.76314968
337078.346641,4259711.48423,1123.76314968
338828.97095,4264156.20717,-1900.04737006
336945.984544,4258759.0436,-2011.33025268
336937.675124,4258759.0436,-1900.04737006
336945.984544,4258781.49058,-1900.04737006
336996.271494,4258917.7837,-1900.04737006
337145.984544,4260313.22007,2383.68419958
337155.954936,4260346.44465,2383.68419958
337378.732103,4260663.92486,1123.76314968
338678.261561,4263679.98686,-1900.04737006
338729.457,4263838.72696,-1900.04737006
336722.672192,4259076.52381,2383.68419958
338181.373433,4263362.50665,1123.76314968
338244.392677,4263679.98686,1123.76314968
337745.984544,4261784.34693,1123.76314968
337854.939809,4262092.5858,1123.76314968
338317.057626,4263997.46707,1123.76314968
337959.378737,4262410.06601,1123.76314968
338046.981867,4262727.54623,1123.76314968
337945.984544,4262410.06601,1347.76268009
338119.002899,4263045.02644,1123.76314968
338145.984544,4263182.57796,1123.76314968
336384.724123,4257965.34307,1123.76314968
336508.348627,4258282.82328,1123.76314968
337545.984544,4261191.08204,1123.76314968
336773.54462,4258917.7837,1123.76314968
336545.984544,4258374.89594,1123.76314968
337945.984544,4263045.02644,2587.68623811
337575.994734,4261775.10559,2635.66840956
337683.223182,4262092.5858,2635.66840956
337998.047905,4263362.50665,2635.66840956
338057.239883,4263679.98686,2635.66840956
338124.909819,4263997.46707,2635.66840956
336245.504046,4257965.34307,2635.66840956
336345.984544,4258225.8716,2635.66840956
337945.984544,4263083.48687,2635.66840956
337145.984544,4259235.26391,-2286.4422492
337134.545972,4259235.26391,-2152.03158004
338145.984544,4264004.80185,2383.68419958
336345.984544,4257860.77825,1123.76314968
337869.28478,4262727.54623,2635.66840956
337938.746931,4263045.02644,2635.66840956
336367.942791,4258282.82328,2635.66840956
337783.975131,4262410.06601,2635.66840956
337945.984544,4262368.74739,1123.76314968
337545.984544,4261684.62681,2635.66840956
336495.725647,4258600.30349,2635.66840956
336545.984544,4258722.13089,2635.66840956
336627.120028,4258917.7837,2635.66840956
336755.972197,4259235.26391,2635.66840956
336874.658365,4259552.74412,2635.66840956
337177.047839,4260505.18475,2635.66840956
337273.540347,4260822.66496,2635.66840956
336945.984544,4259764.23482,2635.66840956
336981.342985,4259870.22433,2635.66840956
337345.984544,4261058.90874,2635.66840956
337370.929394,4261140.14517,2635.66840956
336746.415542,4258282.82328,-1648.06316008
336860.992654,4258600.30349,-1648.06316008
338745.984544,4263997.46707,-1664.82239359
337080.304038,4260187.70454,2635.66840956
336745.984544,4258226.6759,-1900.04737006
336653.59941,4257965.34307,-1900.04737006
338573.832594,4263362.50665,-1900.04737006
337471.098547,4261457.62538,2635.66840956
337745.984544,4262289.51489,2635.66840956
337345.984544,4260505.18475,934.590502006
337351.652945,4260505.18475,871.778939706
337453.391709,4260822.66496,871.778939706
338345.984544,4264109.43591,1123.76314968
336745.984544,4259210.57103,2635.66840956
337145.984544,4259870.22433,879.177408259
337146.470115,4259870.22433,871.778939706
337249.798361,4260187.70454,871.778939706
337660.918112,4261457.62538,871.778939706
337745.984544,4261708.50925,871.778939706
337745.984544,4261775.10559,1092.33858009
337768.581815,4261775.10559,871.778939706
337545.984544,4261109.08122,871.778939706
337545.984544,4261140.14517,967.629086991
336663.389349,4258600.30349,871.778939706
336745.984544,4258802.09224,871.778939706
336919.706685,4259235.26391,871.778939706
336945.984544,4259305.43484,871.778939706
337037.618021,4259552.74412,871.778939706
337145.984544,4259868.79866,871.778939706
338745.984544,4264005.38033,-1648.06316008
336945.984544,4258831.77208,-1648.06316008
336977.307719,4258917.7837,-1648.06316008
337145.984544,4260403.19437,2635.66840956
338643.603635,4263679.98686,-1648.06316008
338743.587755,4263997.46707,-1648.06316008
336745.984544,4258281.5956,-1648.06316008
336633.062849,4257965.34307,-1648.06316008
338541.351612,4263362.50665,-1648.06316008
337556.049797,4261140.14517,871.778939706
337875.729611,4262092.5858,871.778939706
338214.046515,4263362.50665,871.778939706
338284.697393,4263679.98686,871.778939706
338143.087803,4263045.02644,871.778939706
338345.984544,4263937.18548,871.778939706
338345.984544,4263997.46707,956.72208471
337945.984544,4262312.64468,871.778939706
336793.143934,4258917.7837,871.778939706
337976.587217,4262410.06601,871.778939706
338065.394855,4262727.54623,871.778939706
336345.984544,4257787.50865,871.778939706
336535.724823,4258282.82328,871.778939706
337114.150405,4259235.26391,-1900.04737006
337094.48929,4259235.26391,-1648.06316008
337145.984544,4259265.74901,-2152.03158004
337156.057376,4259235.26391,-2404.01579002
336412.314428,4257965.34307,871.778939706
337968.0993,4263362.50665,2887.65261954
337945.984544,4263255.68371,2887.65261954
337545.984544,4261775.10559,2883.81645922
337647.078036,4262092.5858,2887.65261954
337545.984544,4261776.57881,2887.65261954
337742.916151,4262410.06601,2887.65261954
338033.34268,4263679.98686,2887.65261954
338103.793598,4263997.46707,2887.65261954
336225.218175,4257965.34307,2887.65261954
336345.984544,4258279.69539,2887.65261954
338526.594898,4263045.02644,-2404.01579002
338497.747347,4263045.02644,-2152.03158004
337828.093217,4262727.54623,2887.65261954
337901.920794,4263045.02644,2887.65261954
336347.180682,4258282.82328,2887.65261954
336472.431172,4258600.30349,2887.65261954
336599.17106,4258917.7837,2887.65261954
336745.984544,4259235.26391,2713.91762706
336723.379886,4259235.26391,2887.65261954
336840.137134,4259552.74412,2887.65261954
336745.984544,4259296.24692,2887.65261954
336948.155124,4259870.22433,2887.65261954
337148.449629,4260505.18475,2887.65261954
337245.666705,4260822.66496,2887.65261954
337145.984544,4260497.21375,2887.65261954
337343.447524,4261140.14517,2887.65261954
337049.825717,4260187.70454,2887.65261954
337443.209481,4261457.62538,2887.65261954
338467.860351,4263045.02644,-1900.04737006
338437.286004,4263045.02644,-1648.06316008
338360.777968,4263997.46707,871.778939706
337545.50995,4261775.10559,2887.65261954
337253.082277,4259552.74412,-2152.03158004
338389.067123,4262727.54623,-2152.03158004
337145.984544,4259374.10292,-1648.06316008
337211.832774,4259552.74412,-1648.06316008
336745.984544,4258282.82328,-1642.43841138
336823.371335,4258600.30349,-1144.09474013
336745.984544,4258386.91183,-1144.09474013
336939.738333,4258917.7837,-1144.09474013
338345.984544,4262727.54623,-1773.35012987
338345.984544,4262770.4216,-1648.06316008
338331.82138,4262727.54623,-1648.06316008
337287.996004,4260187.70454,367.810519748
337394.236112,4260505.18475,367.810519748
337499.71507,4260822.66496,367.810519748
337067.509504,4259552.74412,367.810519748
337145.984544,4259774.35717,367.810519748
337179.698655,4259870.22433,367.810519748
337710.511614,4261457.62538,367.810519748
337815.638698,4261775.10559,367.810519748
337918.871034,4262092.5858,367.810519748
337545.984544,4260961.95714,367.810519748
336583.886325,4258282.82328,367.810519748
336707.009856,4258600.30349,367.810519748
336745.984544,4258700.22614,367.810519748
336830.053788,4258917.7837,367.810519748
336950.769811,4259235.26391,367.810519748
338475.325484,4263362.50665,-1144.09474013
338573.865374,4263679.98686,-1144.09474013
338670.911769,4263997.46707,-1144.09474013
338109.423073,4262727.54623,367.810519748
338278.131134,4263362.50665,367.810519748
338345.984544,4263627.73113,367.810519748
337945.984544,4262182.08837,367.810519748
336707.635603,4258282.82328,-1144.09474013
336345.984544,4258282.82328,2901.11780237
338443.385035,4263997.46707,367.810519748
337145.984544,4259478.39841,-1144.09474013
337173.021817,4259552.74412,-1144.09474013
337487.831029,4260187.70454,-2152.03158004
336902.768977,4258917.7837,-640.126320168
336745.984544,4258490.64727,-640.126320168
338408.977373,4263362.50665,-640.126320168
338597.062188,4263997.46707,-640.126320168
338345.984544,4262957.36005,-1144.09474013
338273.583808,4262727.54623,-1144.09474013
337325.413157,4260187.70454,-136.15790021
337543.319555,4260822.66496,-136.15790021
337100.633803,4259552.74412,-136.15790021
337145.984544,4259680.10978,-136.15790021
337756.973371,4261457.62538,-136.15790021
337945.984544,4262034.22683,-136.15790021
337945.984544,4262092.5858,74.4392049183
337965.071379,4262092.5858,-136.15790021
337545.984544,4260830.57134,-136.15790021
336627.19556,4258282.82328,-136.15790021
336745.984544,4258595.37508,-136.15790021
336866.266005,4258917.7837,-136.15790021
338345.984544,4262603.72599,-2152.03158004
337444.247079,4260187.70454,-1648.06316008
337135.210517,4259552.74412,-640.126320168
338345.984544,4263157.13087,-640.126320168
336667.508537,4258282.82328,-640.126320168
338215.603742,4262727.54623,-640.126320168
337402.771334,4260187.70454,-1144.09474013
337363.016607,4260187.70454,-640.126320168
337545.984544,4260346.99319,-2152.03158004
337545.984544,4260468.68139,-1648.06316008
338169.386372,4262092.5858,-2152.03158004
338117.166054,4262092.5858,-1648.06316008
338064.900976,4262092.5858,-1144.09474013
338013.583913,4262092.5858,-640.126320168
337545.984544,4260708.28086,-640.126320168
337545.984544,4260822.66496,-167.251669629
337803.095896,4261457.62538,-640.126320168
337586.041901,4260822.66496,-640.126320168
338159.90106,4262727.54623,-136.15790021
337897.878417,4261457.62538,-1648.06316008
338345.984544,4263362.50665,-153.62303184
337673.648935,4260822.66496,-1648.06316008
336217.636687,4257697.86286,1753.72367463
336214.55438,4257697.86286,1786.37198853
336205.907575,4257697.86286,1879.71577962
336213.920864,4257697.86286,1793.40870093
336198.446932,4257697.86286,1966.02285831
336195.183278,4257697.86286,2005.70788461
336230.371396,4257697.86286,1627.73156964
336225.401382,4257697.86286,1675.88059732
336188.139255,4257697.86286,2092.0149633
336185.101895,4257697.86286,2131.6999896
336248.183885,4257697.86286,1462.05443835
336243.723283,4257697.86286,1501.73946465
336257.408721,4257697.86286,1375.74735966
336234.739112,4257697.86286,1588.04654334
336182.164796,4257697.86286,2171.3850159
336168.633275,4257697.86286,2343.99917328
336165.678677,4257697.86286,2383.68419958
336285.145028,4257697.86286,1123.76314968
336276.05585,4257697.86286,1203.13320228
336164.656342,4257697.86286,2397.02810384
336146.641748,4257697.86286,2632.87476688
336146.436057,4257697.86286,2635.66840956
336305.586961,4257697.86286,930.953667071
336312.09214,4257697.86286,871.778939706
336125.549159,4257697.86286,2887.65261954
336146.344022,4257697.86286,2636.8116454
336607.58839,4257697.86286,-2443.70081632
336603.906196,4257697.86286,-2404.01579002
336584.896249,4257697.86286,-2191.71660634
336581.47304,4257697.86286,-2152.03158004
336563.116228,4257697.86286,-1939.73239636
336559.854298,4257697.86286,-1900.04737006
336541.89241,4257697.86286,-1687.74818638
336538.658104,4257697.86286,-1648.06316008
336344.996652,4257697.86286,548.255781816
336345.984544,4257697.86286,538.781399978
336363.338086,4257697.86286,367.810519748
336355.722616,4257697.86286,441.799501227
336503.088076,4257697.86286,-1223.46479272
336496.812238,4257697.86286,-1144.09474013
336455.330031,4257697.86286,-679.811346467
336452.170223,4257697.86286,-640.126320168
336411.150355,4257697.86286,-175.842926509
336407.975907,4257697.86286,-136.15790021
336366.497241,4257697.86286,331.048974428
338903.95498,4264173.16539,-2404.01579002
338911.003816,4264173.16539,-2460.2742574
338913.018146,4264173.16539,-2476.98901588
338919.317231,4264173.16539,-2530.00789501
338925.276941,4264173.16539,-2583.02677415
338903.94922,4264173.16539,-2403.9709835
338887.274701,4264173.16539,-2278.02368503
338902.212033,4264173.16539,-2390.55604035
338871.693248,4264173.16539,-2165.49132971
338869.875208,4264173.16539,-2152.03158004
338255.40961,4264173.16539,1740.26392496
338253.381722,4264173.16539,1753.72367463
338273.333778,4264173.16539,1627.73156964
338236.1738,4264173.16539,1879.71577962
338249.468985,4264173.16539,1782.26971852
338251.306307,4264173.16539,1768.80996885
338223.37977,4264173.16539,1992.24813494
338221.745679,4264173.16539,2005.70788461
338211.224069,4264173.16539,2118.24023993
338209.768568,4264173.16539,2131.6999896
338293.008698,4264173.16539,1515.19921433
338296.342056,4264173.16539,1495.08382734
338298.181844,4264173.16539,1484.1091808
338317.319753,4264173.16539,1375.74735966
338837.916298,4264173.16539,-1926.96686941
338834.144865,4264173.16539,-1900.04737006
338189.249484,4264173.16539,2383.68419958
338207.204972,4264173.16539,2158.61948895
338345.984544,4264173.16539,1219.37382035
338362.939047,4264173.16539,1123.76314968
338797.553007,4264173.16539,-1648.06316008
338830.269843,4264173.16539,-1873.12787072
338168.698692,4264173.16539,2635.66840956
338177.49725,4264173.16539,2520.4747202
338159.268506,4264173.16539,2748.20076488
338146.883386,4264173.16539,2887.65261954
338407.404086,4264173.16539,871.778939706
338382.848456,4264173.16539,1011.23079437
338745.984544,4264173.16539,-1298.45618843
338723.718837,4264173.16539,-1144.09474013
338745.273684,4264173.16539,-1293.565877
338492.399839,4264173.16539,367.810519748
338444.295158,4264173.16539,646.714229071
338648.427266,4264173.16539,-640.126320168
338696.805255,4264173.16539,-970.27008696
338547.755175,4264173.16539,20.1612134146
338874.827845,4263997.46707,-2606.0
338865.030004,4263965.96904,-2606.0
338859.819885,4263949.59504,-2606.0
338849.741496,4263918.09701,-2606.0
336935.205193,4258600.30349,-2606.0
336923.540965,4258568.80546,-2606.0
336917.568638,4258552.43146,-2606.0
336906.093822,4258520.93344,-2606.0
338845.984544,4263906.71344,-2606.0
338847.720474,4263911.9688,-2606.0
338837.54973,4263881.34362,-2606.0
338833.867261,4263870.22499,-2606.0
338823.206457,4263838.72696,-2606.0
336895.984544,4258492.55766,-2606.0
336891.676253,4258480.3974,-2606.0
336889.072701,4258473.06141,-2606.0
336878.089593,4258441.56338,-2606.0
336899.197791,4258501.59567,-2606.0
336944.855145,4258626.00737,-2606.0
336945.984544,4258629.04278,-2606.0
338898.992262,4264076.83712,-2606.0
338897.649035,4264072.41459,-2606.0
338892.615618,4264056.04059,-2606.0
336950.952845,4258642.38137,-2606.0
336964.971015,4258679.67354,-2606.0
336856.349595,4258378.56733,-2606.0
336850.649485,4258362.19333,-2606.0
338801.564403,4263775.73091,-2606.0
338796.002127,4263759.35691,-2606.0
338922.772631,4264156.20717,-2606.0
338903.95935,4264093.21112,-2606.0
336994.996513,4258759.0436,-2606.0
336971.114201,4258696.04754,-2606.0
338790.392964,4263742.98291,-2606.0
338768.570912,4263679.98686,-2606.0
336848.638173,4258356.36534,-2606.0
336845.984544,4258348.4451,-2606.0
336837.403159,4258323.56705,-2606.0
336834.255736,4258314.32131,-2606.0
336823.508261,4258282.82328,-2606.0
336801.965426,4258219.82723,-2606.0
336769.104993,4258124.08317,-2606.0
338745.984544,4263614.70844,-2606.0
338762.871727,4263663.56993,-2606.0
337054.92983,4258917.7837,-2606.0
337031.066318,4258854.78765,-2606.0
338729.830589,4263567.82588,-2606.0
338713.712084,4263521.24675,-2606.0
336745.984544,4258056.34829,-2606.0
336762.803625,4258105.57078,-2606.0
336729.966895,4258009.82673,-2606.0
336714.788599,4257965.34307,-2606.0
338680.559806,4263425.5027,-2606.0
338658.64036,4263362.50665,-2606.0
337114.784929,4259076.52381,-2606.0
337090.937083,4259013.52775,-2606.0
337124.63224,4259102.69587,-2606.0
337145.984544,4259159.43503,-2606.0
337172.448242,4259229.93795,-2606.0
337174.446945,4259235.26391,-2606.0
338636.925051,4263299.51059,-2606.0
338548.665667,4263045.02644,-2606.0
337293.408912,4259552.74412,-2606.0
337269.715165,4259489.74807,-2606.0
338460.060734,4262790.54228,-2606.0
338438.181181,4262727.54623,-2606.0
337528.849643,4260187.70454,-2606.0
337505.559617,4260124.70849,-2606.0
338345.984544,4262465.80154,-2606.0
338433.906847,4262715.2617,-2606.0
337534.619203,4260203.50798,-2606.0
337545.984544,4260234.43483,-2606.0
338233.135533,4262143.29733,-2606.0
338215.614775,4262092.5858,-2606.0
338012.477558,4261520.62144,-2606.0
337990.368103,4261457.62538,-2606.0
337761.671023,4260822.66496,-2606.0
337744.410753,4260775.47235,-2606.0
337979.244912,4261426.12736,-2606.0
336693.087809,4257902.34702,-2606.0
336622.775954,4257697.86286,-2606.0
338927.820113,4264173.16539,-2606.0
338926.456025,4264168.54008,-2606.0
337545.984544,4261784.5331,2906.0
337643.397645,4262089.03561,2906.0
337644.475998,4262092.5858,2906.0
337825.317726,4262727.54623,2906.0
337896.45755,4263033.46831,2906.0
337902.07565,4263056.58456,2906.0
337906.231295,4263076.08369,2906.0
337945.984544,4263266.13358,2906.0
337965.935941,4263362.50665,2906.0
338024.796939,4263648.9296,2906.0
338030.162336,4263674.65243,2906.0
338034.148332,4263691.54498,2906.0
338102.034428,4263997.46707,2906.0
336745.984544,4259302.84868,2906.0
336836.709432,4259550.00789,2906.0
336837.703684,4259552.74412,2906.0
337053.326458,4260206.18215,2906.0
337047.497622,4260187.70454,2906.0
337145.984544,4260504.42342,2906.0
337148.359886,4260512.10423,2906.0
337149.818292,4260516.74288,2906.0
337243.496101,4260822.66496,2906.0
337736.825048,4262398.50789,2906.0
337743.241601,4262421.62414,2906.0
336941.789191,4259858.66621,2906.0
336949.528428,4259881.78246,2906.0
337337.71713,4261128.58705,2906.0
337344.8529,4261151.7033,2906.0
337440.982941,4261457.62538,2906.0
336345.528853,4258282.82328,2906.0
336227.948032,4257976.90119,2906.0
336345.984544,4258284.01649,2906.0
336467.82778,4258593.10967,2906.0
336474.927646,4258611.86162,2906.0
336597.053466,4258917.7837,2906.0
337539.559079,4261763.54747,2906.0
337545.527228,4261783.11352,2906.0
336716.740368,4259223.70579,2906.0
336724.202827,4259244.0858,2906.0
336123.956879,4257697.86286,2906.0
336219.319082,4257953.78494,2906.0
336219.998569,4257955.60523,2906.0
338105.547127,4264011.79008,2906.0
338145.124216,4264173.16539,2906.0
