,X,Y,Z
0,335330.9893,4263051.682,-557.9699097
1,335331.04694347916,4263051.678,-555.728081384985
2,335331.10394479835,4263051.674,-553.48625306997
3,335331.16168239445,4263051.669,-551.2444247549549
4,335331.21891977976,4263051.665,-549.0025964399399
5,335331.2764050733,4263051.660997886,-546.760768124925
6,335331.3336464385,4263051.656,-544.51893980991
7,335331.3909076269,4263051.652,-542.2771114948949
8,335331.4483283485,4263051.647,-540.0352831798799
9,335331.50571302907,4263051.643,-537.7934548648649
10,335331.56286369124,4263051.6389999995,-535.5516265498499
11,335331.62033579295,4263051.634683129,-533.3097982348348
12,335331.6777259795,4263051.63,-531.0679699198198
13,335331.7352917053,4263051.626,-528.8261416048048
14,335331.7924834774,4263051.621563683,-526.5843132897899
15,335331.84959449235,4263051.617,-524.3424849747748
16,335331.90716850694,4263051.613,-522.1006566597598
17,335331.9645213069,4263051.608,-519.8588283447448
18,335332.0220875909,4263051.603999999,-517.6170000297298
19,335332.07915445196,4263051.6,-515.3751717147147
20,335332.1367059881,4263051.595,-513.1333433996997
21,335332.19408371684,4263051.591,-510.8915150846847
22,335332.2514672998,4263051.586532701,-508.6496867696697
23,335332.3086294733,4263051.5819999995,-506.4078584546547
24,335332.3660049716,4263051.578,-504.16603013963964
25,335332.4233280629,4263051.573,-501.9242018246247
26,335332.48106120824,4263051.569,-499.68237350960965
27,335332.53800591436,4263051.565,-497.4405451945946
28,335332.59566001606,4263051.560224993,-495.1987168795796
29,335332.6529319572,4263051.556,-492.95688856456457
30,335332.7104350458,4263051.552,-490.71506024954954
31,335332.76764930045,4263051.547150234,-488.47323193453457
32,335332.824908469,4263051.5430000005,-486.23140361951954
33,335332.87748225685,4263051.538972581,-483.9895753045045
34,335332.92305443785,4263051.534,-481.74774698948954
35,335332.9685176983,4263051.53,-479.5059186744745
36,335333.01369581843,4263051.525829028,-477.2640903594595
37,335333.05935573013,4263051.521000001,-475.02226204444446
38,335333.10180696595,4263051.509411391,-472.78043372942943
39,335333.14447213674,4263051.497699263,-470.5386054144144
40,335333.187,4263051.4860000005,-468.29677709939943
41,335333.22963772103,4263051.475,-466.0549487843844
42,335333.2713804535,4263051.461633145,-463.8131204693694
43,335333.3129240863,4263051.448,-461.5712921543544
44,335333.35417614266,4263051.435,-459.3294638393394
45,335333.3956234335,4263051.421550627,-457.08763552432436
46,335333.43646533764,4263051.413,-454.8458072093093
47,335333.47611081786,4263051.412,-452.6039788942943
48,335333.515719458,4263051.41,-450.3621505792793
49,335333.55521710805,4263051.409,-448.1203222642643
50,335333.5957801635,4263051.408,-445.8784939492493
51,335333.644476728,4263051.413724594,-443.63666563423425
52,335333.6929786135,4263051.419,-441.3948373192193
53,335333.74163039593,4263051.425,-439.15300900420425
54,335333.7899863497,4263051.43,-436.9111806891892
55,335333.8385955517,4263051.436000001,-434.6693523741742
56,335333.88715317467,4263051.441000001,-432.42752405915917
57,335333.9359323931,4263051.447,-430.18569574414414
58,335333.9845551597,4263051.452,-427.9438674291291
59,335334.04644049995,4263051.454,-425.70203911411414
60,335334.1204728362,4263051.451,-423.4602107990991
61,335334.19482503674,4263051.448,-421.21838248408415
62,335334.26924725727,4263051.445255662,-418.9765541690691
63,335334.3492119978,4263051.439557059,-416.7347258540541
64,335334.4526960451,4263051.422853523,-414.49289753903906
65,335334.556324644,4263051.406106213,-412.25106922402404
66,335334.65980395576,4263051.389411182,-410.009240909009
67,335334.7632138552,4263051.37276346,-407.767412593994
68,335334.88974398864,4263051.349611436,-405.525584278979
69,335335.0208288801,4263051.324225827,-403.283755963964
70,335335.15160802694,4263051.299215064,-401.041927648949
71,335335.2828391922,4263051.274,-398.800099333934
72,335335.42460912454,4263051.249920737,-396.55827101891896
73,335335.5768060623,4263051.227364117,-394.31644270390393
74,335335.72923078266,4263051.203876139,-392.0746143888889
75,335335.8818377157,4263051.180984913,-389.8327860738739
76,335336.0347,4263051.158,-387.59095775885885
77,335336.1906685952,4263051.136,-385.3491294438439
78,335336.3468071233,4263051.115,-383.10730112882885
79,335336.5033176868,4263051.093,-380.8654728138139
80,335336.65917990886,4263051.071008037,-378.62364449879885
81,335336.80842441245,4263051.053073161,-376.3818161837838
82,335336.9574716439,4263051.035302458,-374.1399878687688
83,335337.10670219176,4263051.018,-371.89815955375377
84,335337.25565701374,4263051.0,-369.65633123873874
85,335337.4047009713,4263050.982,-367.4145029237237
86,335337.5291918921,4263050.961536036,-365.17267460870875
87,335337.652320188,4263050.941000001,-362.9308462936937
88,335337.7752018382,4263050.921,-360.6890179786787
89,335337.8980255802,4263050.9,-358.4471896636637
90,335338.0208321907,4263050.879861587,-356.2053613486487
91,335338.1436804695,4263050.859,-353.96353303363367
92,335338.26651710825,4263050.839,-351.72170471861864
93,335338.38928204676,4263050.818109639,-349.4798764036036
94,335338.5122296697,4263050.798,-347.2380480885886
95,335338.6351113169,4263050.777654092,-344.9962197735736
96,335338.75777154486,4263050.757,-342.7543914585586
97,335338.8805974498,4263050.736632921,-340.51256314354356
98,335339.0034022787,4263050.716,-338.2707348285286
99,335339.12629709725,4263050.696,-336.02890651351356
100,335339.24896084913,4263050.675,-333.78707819849853
101,335339.37185410893,4263050.655,-331.5452498834835
102,335339.4949945078,4263050.634,-329.3034215684685
103,335339.56596889265,4263050.576,-327.06159325345345
104,335339.6355689389,4263050.517068979,-324.8197649384385
105,335339.7048292614,4263050.457180492,-322.57793662342345
106,335339.774114781,4263050.397570438,-320.3361083084084
107,335339.84355726826,4263050.338242732,-318.09427999339346
108,335339.9128237918,4263050.279034944,-315.85245167837843
109,335339.9821420299,4263050.219628985,-313.6106233633634
110,335340.05172962,4263050.16,-311.3687950483484
111,335340.12082211924,4263050.100703841,-309.12696673333335
112,335340.190451209,4263050.040965861,-306.8851384183183
113,335340.25958835735,4263049.981423286,-304.6433101033033
114,335340.3288158204,4263049.922189454,-302.4014817882883
115,335340.3984782656,4263049.862602478,-300.1596534732733
116,335340.4676805524,4263049.803619447,-297.91782515825827
117,335340.5372346075,4263049.743865392,-295.6759968432433
118,335340.6065056504,4263049.684638821,-293.43416852822827
119,335340.67567398516,4263049.624750677,-291.19234021321324
120,335340.7158871857,4263049.542825629,-288.9505118981982
121,335340.7451,4263049.452907146,-286.7086835831832
122,335340.77383270557,4263049.362134589,-284.4668552681682
123,335340.8030037328,4263049.271392535,-282.2250269531532
124,335340.8317359474,4263049.180528105,-279.98319863813816
125,335340.8606320381,4263049.08983981,-277.74137032312314
126,335340.8894326801,4263048.9994183,-275.49954200810816
127,335340.9186436479,4263048.90928176,-273.25771369309314
128,335340.9473,4263048.818160782,-271.0158853780781
129,335340.9763081249,4263048.728,-268.7740570630631
130,335341.005411293,4263048.636954828,-266.53222874804806
131,335341.03412093763,4263048.546316249,-264.2904004330331
132,335341.0629789283,4263048.456084287,-262.04857211801806
133,335341.092144206,4263048.365623176,-259.80674380300303
134,335341.12088884943,4263048.274844603,-257.564915487988
135,335341.14998940675,4263048.184642373,-255.32308717297303
136,335341.1788770858,4263048.093291657,-253.081258857958
137,335341.20762177004,4263048.00351292,-250.83943054294298
138,335341.22806307854,4263047.919747686,-248.59760222792795
139,335341.2446,4263047.838972219,-246.35577391291292
140,335341.2607,4263047.75824072,-244.11394559789795
141,335341.2771450063,4263047.677387484,-241.87211728288293
142,335341.2935,4263047.59754773,-239.6302889678679
143,335341.30985871283,4263047.516965149,-237.38846065285287
144,335341.3262,4263047.43621153,-235.1466323378379
145,335341.34246575925,4263047.355668482,-232.90480402282287
146,335341.3589,4263047.275,-230.66297570780785
147,335341.3750155443,4263047.194937823,-228.42114739279282
148,335341.391554151,4263047.114183396,-226.1793190777778
149,335341.4077,4263047.033335939,-223.93749076276282
150,335341.4241330379,4263046.952667848,-221.6956624477478
151,335341.4404,4263046.872727938,-219.45383413273277
152,335341.45671076543,4263046.792156938,-217.21200581771774
153,335341.4731,4263046.71092576,-214.9701775027027
154,335341.4893,4263046.631,-212.72834918768774
155,335341.5059,4263046.550888152,-210.4865208726727
156,335341.522,4263046.47010664,-208.2446925576577
157,335341.538561004,4263046.389155984,-206.00286424264266
158,335341.55454666686,4263046.308613333,-203.7610359276277
159,335341.5710851145,4263046.228429771,-201.51920761261266
160,335341.5874,4263046.147914089,-199.27737929759763
161,335341.603664297,4263046.067342812,-197.0355509825826
162,335341.6201,4263045.986584143,-194.79372266756758
163,335341.6362412407,4263045.905917519,-192.5518943525526
164,335341.65278070077,4263045.825077197,-190.31006603753758
165,335341.66883617756,4263045.745319112,-188.06823772252255
166,335341.6853044566,4263045.664488859,-185.82640940750753
167,335341.7017,4263045.583570366,-183.58458109249256
168,335341.71803785115,4263045.503048595,-181.34275277747753
169,335341.7340775194,4263045.423289922,-179.1009244624625
170,335341.75063404505,4263045.34246382,-176.85909614744747
171,335341.7669247649,4263045.262,-174.61726783243245
172,335341.7832,4263045.181018397,-172.37543951741748
173,335341.7993,4263045.101130992,-170.13361120240245
174,335341.8159,4263045.020369455,-167.89178288738742
175,335341.83231216774,4263044.939751329,-165.6499545723724
176,335341.850877539,4263044.864444922,-163.40812625735737
177,335341.87958365865,4263044.808632682,-161.1662979423424
178,335341.90772374684,4263044.752952507,-158.92446962732737
179,335341.9365,4263044.6977651315,-156.68264131231234
180,335341.96478559054,4263044.642072047,-154.44081299729731
181,335341.9935710688,4263044.587,-152.19898468228234
182,335342.0218736099,4263044.53125278,-149.95715636726732
183,335342.05036076554,4263044.475878469,-147.7153280522523
184,335342.0788135005,4263044.420572999,-145.47349973723726
185,335342.1074,4263044.365,-143.23167142222223
186,335342.135782713,4263044.309834573,-140.98984310720726
187,335342.16412148875,4263044.253976123,-138.74801479219224
188,335342.19284250203,4263044.199,-136.5061864771772
189,335342.2210785878,4263044.143242824,-134.26435816216218
190,335342.24981144676,4263044.087754213,-132.0225298471472
191,335342.2783,4263044.032,-129.78070153213218
192,335342.3066733831,4263043.976853234,-127.53887321711716
193,335342.33509082434,4263043.921545878,-125.29704490210213
194,335342.3638430098,4263043.865913981,-123.0552165870871
195,335342.39206089603,4263043.811000001,-120.81338827207213
196,335342.4207187582,4263043.755181242,-118.5715599570571
197,335342.4488828476,4263043.699634305,-116.32973164204208
198,335342.47759300144,4263043.64445222,-114.08790332702705
199,335342.50597988773,4263043.58880028,-111.84607501201208
200,335342.53446872195,4263043.533462556,-109.60424669699705
201,335342.56307795667,4263043.4778440865,-107.36241838198202
202,335342.585,4263043.438999999,-105.120590066967
203,335342.5957,4263043.428,-102.87876175195197
204,335342.606756163,4263043.416999999,-100.636933436937
205,335342.6177,4263043.406,-98.39510512192197
206,335342.6284867323,4263043.394826535,-96.15327680690694
207,335342.63930893096,4263043.383,-93.91144849189192
208,335342.6504,4263043.3719999995,-91.66962017687695
209,335342.6611,4263043.3610000005,-89.42779186186192
210,335342.67231077637,4263043.35,-87.18596354684689
211,335342.6831,4263043.338,-84.94413523183186
212,335342.6938,4263043.327,-82.70230691681684
213,335342.7051,4263043.316000001,-80.46047860180187
214,335342.7158,4263043.304769771,-78.21865028678684
215,335342.726641469,4263043.2930000005,-75.97682197177181
216,335342.7377397705,4263043.282,-73.73499365675679
217,335342.7485,4263043.271000001,-71.49316534174176
218,335342.7593,4263043.26,-69.25133702672679
219,335342.7702445635,4263043.248510873,-67.00950871171176
220,335342.7813,4263043.237,-64.76768039669673
221,335342.7920965926,4263043.226,-62.525852081681705
222,335342.8032,4263043.215,-60.284023766666735
223,335342.814,4263043.204,-58.04219545165171
224,335342.8247,4263043.192,-55.80036713663668
225,335342.8356999312,4263043.181,-53.55853882162165
226,335342.8467,4263043.17,-51.316710506606626
227,335342.8574,4263043.159,-49.074882191591655
228,335342.8657,4263043.1522706915,-46.83305387657663
229,335342.86129732797,4263043.174,-44.5912255615616
230,335342.8564,4263043.194706033,-42.34939724654657
231,335342.8521,4263043.215707939,-40.107568931531546
232,335342.8472,4263043.237,-37.86574061651652
233,335342.8428,4263043.258,-35.62391230150149
234,335342.8379,4263043.279,-33.38208398648658
235,335342.8335,4263043.300110665,-31.14025567147155
236,335342.82862354914,4263043.321,-28.898427356456523
237,335342.8242,4263043.342,-26.656599041441496
238,335342.81946934696,4263043.363661306,-24.414770726426468
239,335342.8149,4263043.38451224,-22.17294241141144
240,335342.810272351,4263043.405569123,-19.931114096396414
241,335342.8057,4263043.427,-17.689285781381386
242,335342.80126876937,4263043.448,-15.447457466366359
243,335342.7964,4263043.469,-13.205629151351445
244,335342.792,4263043.49,-10.963800836336418
245,335342.7871,4263043.511,-8.72197252132139
246,335342.7827,4263043.532,-6.480144206306363
247,335342.7778,4263043.553,-4.238315891291336
248,335342.7734,4263043.574,-1.9964875762763086
249,335342.7686,4263043.595,0.24534073873871876
250,335342.7642,4263043.616865528,2.487169053753746
251,335342.7593,4263043.637317048,4.728997368768773
252,335342.7549,4263043.658816658,6.970825683783687
253,335342.75029149075,4263043.68,9.212653998798714
254,335342.7456,4263043.701,11.454482313813742
255,335342.7412,4263043.722,13.696310628828769
256,335342.7363,4263043.743,15.938138943843796
257,335342.7319,4263043.7639999995,18.179967258858824
258,335342.7271,4263043.785,20.42179557387385
259,335342.7227,4263043.806521168,22.66362388888888
260,335342.7178,4263043.827368753,24.905452203903906
261,335342.7134,4263043.848930156,27.14728051891882
262,335342.7085,4263043.87,29.389108833933847
263,335342.7041,4263043.890922472,31.630937148948874
264,335342.6992,4263043.912,33.8727654639639
265,335342.6948,4263043.933,36.11459377897893
266,335342.7165387526,4263043.959,38.356422093993956
267,335342.7407439027,4263043.9860000005,40.59825040900898
268,335342.7651915711,4263044.012183142,42.84007872402401
269,335342.7891370449,4263044.039,45.08190703903904
270,335342.8264659396,4263044.067,47.32373535405395
271,335342.87425986875,4263044.097,49.56556366906898
272,335342.9223433789,4263044.12694338,51.807391984084006
273,335342.9703343324,4263044.156268665,54.049220299099034
274,335343.01952230063,4263044.186348201,56.29104861411406
275,335343.0739118229,4263044.2142118225,58.53287692912909
276,335343.1280431479,4263044.242,60.774705244144116
277,335343.18251911964,4263044.27,63.01653355915914
278,335343.2366073996,4263044.298,65.25836187417417
279,335343.2813,4263044.318,67.50019018918908
280,335343.3257237428,4263044.338,69.74201850420411
281,335343.3704831224,4263044.358,71.98384681921914
282,335343.41481814766,4263044.3780000005,74.22567513423417
283,335343.45518632815,4263044.387,76.4675034492492
284,335343.49365205556,4263044.391,78.70933176426422
285,335343.5315809862,4263044.395,80.95116007927925
286,335343.57026728685,4263044.398,83.19298839429428
287,335343.6108648274,4263044.396483526,85.4348167093093
288,335343.6566380457,4263044.381,87.67664502432422
289,335343.7022468583,4263044.365706284,89.91847333933924
290,335343.7480801066,4263044.35,92.16030165435427
291,335343.79386829725,4263044.335,94.4021299693693
292,335343.84784230875,4263044.309184065,96.64395828438433
293,335343.90273825335,4263044.282068607,98.88578659939935
294,335343.9575470098,4263044.256,101.12761491441438
295,335344.0126960652,4263044.228999999,103.36944322942941
296,335344.0726887171,4263044.206722344,105.61127154444443
297,335344.1350155458,4263044.1857605055,107.85309985945946
298,335344.197320936,4263044.164,110.09492817447438
299,335344.26011554967,4263044.143122967,112.3367564894894
300,335344.32418754854,4263044.1280000005,114.57858480450443
301,335344.3921802201,4263044.1219999995,116.82041311951946
302,335344.46018082125,4263044.117,119.06224143453449
303,335344.5283305077,4263044.1110000005,121.30406974954951
304,335344.5965015125,4263044.106000001,123.54589806456454
305,335344.6597817887,4263044.117090876,125.78772637957957
306,335344.72263388435,4263044.128955923,128.0295546945946
307,335344.7856,4263044.14,130.2713830096095
308,335344.8486664254,4263044.151000001,132.51321132462454
309,335344.9143846827,4263044.17,134.75503963963956
310,335344.98194989143,4263044.193049892,136.9968679546546
311,335345.0497561591,4263044.217,139.23869626966962
312,335345.11695756443,4263044.24,141.48052458468464
313,335345.1944010204,4263044.263050511,143.72235289969967
314,335345.29085021716,4263044.287,145.9641812147147
315,335345.3877873062,4263044.310834923,148.20600952972973
316,335345.4841864984,4263044.334,150.44783784474464
317,335345.58431401785,4263044.357,152.68966615975967
318,335345.71691486664,4263044.3719999995,154.9314944747747
319,335345.8490914361,4263044.387479805,157.17332278978972
320,335345.98161950544,4263044.403,159.41515110480475
321,335346.11377682455,4263044.4180000005,161.65697941981978
322,335346.2715500997,4263044.421,163.8988077348348
323,335346.436520948,4263044.42,166.14063604984983
324,335346.6018993931,4263044.419,168.38246436486486
325,335346.7667998444,4263044.419,170.62429267987977
326,335346.943238221,4263044.409558831,172.8661209948948
327,335347.1361538334,4263044.388748872,175.10794930990983
328,335347.32859340677,4263044.368,177.34977762492485
329,335347.5214444793,4263044.347,179.59160593993988
330,335347.71654286457,4263044.325171424,181.8334342549549
331,335347.9327427734,4263044.296,184.07526256996994
332,335348.1493345389,4263044.266617805,186.31709088498496
333,335348.3654712626,4263044.237556885,188.5589192
334,335348.5815926375,4263044.208000001,190.8007475150149
335,335348.8228855143,4263044.179,193.04257583002993
336,335349.06724676915,4263044.15,195.28440414504496
337,335349.3116561615,4263044.120216369,197.52623246006
338,335349.556035204,4263044.091033632,199.768060775075
339,335349.8156103489,4263044.064879602,202.00988909009004
340,335350.0866151809,4263044.039443041,204.25171740510507
341,335350.357493297,4263044.014524873,206.4935457201201
342,335350.6282023437,4263043.99,208.73537403513512
343,335350.9017867425,4263043.967,210.97720235015004
344,335351.18432096136,4263043.953,213.21903066516506
345,335351.46640210267,4263043.938999999,215.4608589801801
346,335351.7484422645,4263043.925,217.70268729519512
347,335352.0294721583,4263043.912,219.94451561021015
348,335352.3066552336,4263043.904,222.18634392522517
349,335352.5841507027,4263043.896000001,224.4281722402402
350,335352.8616470955,4263043.887,226.67000055525523
351,335353.1386936439,4263043.879,228.91182887027026
352,335353.41166476056,4263043.869,231.15365718528528
353,335353.6836986361,4263043.859237519,233.3954855003002
354,335353.9557425374,4263043.849060587,235.63731381531522
355,335354.2282020882,4263043.839881002,237.87914213033025
356,335354.49959772726,4263043.824,240.12097044534528
357,335354.77112651593,4263043.805,242.3627987603603
358,335355.04236757173,4263043.786,244.60462707537533
359,335355.3139180731,4263043.767,246.84645539039036
360,335355.5854360575,4263043.748,249.0882837054054
361,335355.85706741275,4263043.728999999,251.33011202042042
362,335356.1284647832,4263043.71,253.57194033543533
363,335356.3998843927,4263043.691000001,255.81376865045036
364,335356.67147615424,4263043.672,258.0555969654654
365,335356.9427695216,4263043.653,260.2974252804804
366,335357.22421861417,4263043.633,262.53925359549544
367,335357.50787622796,4263043.613,264.78108191051047
368,335357.79178208276,4263043.593490833,267.0229102255255
369,335358.0753224906,4263043.573282144,269.2647385405405
370,335358.3589247515,4263043.553074257,271.50656685555555
371,335358.6424439266,4263043.533866043,273.74839517057046
372,335358.9259699511,4263043.5139999995,275.9902234855855
373,335359.2095966006,4263043.494,278.2320518006005
374,335359.49161909486,4263043.485752984,280.47388011561554
375,335359.76830403344,4263043.516949836,282.71570843063057
376,335360.0453311976,4263043.5481455,284.9575367456456
377,335360.3226113566,4263043.5793070095,287.1993650606606
378,335360.5994360523,4263043.610548484,289.44119337567565
379,335360.8572339722,4263043.6659574285,291.6830216906907
380,335361.10558293643,4263043.733691675,293.9248500057056
381,335361.3539259007,4263043.800969126,296.1666783207206
382,335361.6023163875,4263043.868298494,298.40850663573565
383,335361.85070543905,4263043.936272109,300.6503349507507
384,335362.0989909439,4263044.004111698,302.8921632657657
385,335362.34721359063,4263044.071558072,305.13399158078073
386,335362.5957106155,4263044.138798084,307.37581989579576
387,335362.8438751475,4263044.206844367,309.6176482108108
388,335363.0922317339,4263044.273984485,311.8594765258258
389,335363.3405079241,4263044.3422621945,314.1013048408407
390,335363.5890876409,4263044.40984382,316.34313315585575
391,335363.83719372243,4263044.4774139095,318.5849614708708
392,335364.08551152877,4263044.545115381,320.8267897858858
393,335364.3338164478,4263044.612701217,323.06861810090084
394,335364.58232542017,4263044.68032542,325.31044641591586
395,335364.8305234133,4263044.747985817,327.5522747309309
396,335365.0787995768,4263044.815259103,329.7941030459459
397,335365.3271731447,4263044.883272804,332.03593136096094
398,335365.575316838,4263044.951253827,334.27775967597586
399,335365.8238480988,4263045.018465477,336.5195879909909
400,335366.0721205359,4263045.085775112,338.7614163060059
401,335366.3204536818,4263045.153843274,341.00324462102094
402,335366.5687256337,4263045.221,343.24507293603597
403,335366.8171430905,4263045.289218556,345.486901251051
404,335367.06543484115,4263045.35654145,347.728729566066
405,335367.31392601837,4263045.424808673,349.97055788108105
406,335367.5620651091,4263045.492006167,352.2123861960961
407,335367.8103846427,4263045.55970086,354.454214511111
408,335368.0587424139,4263045.627682376,356.696042826126
409,335368.307015034,4263045.69497501,358.93787114114104
410,335368.555235586,4263045.763007263,361.1796994561561
411,335368.80359189364,4263045.830556758,363.4215277711711
412,335369.05203261774,4263045.897826895,365.6633560861861
413,335369.3003447123,4263045.965555606,367.90518440120115
414,335369.5486704122,4263046.033396449,370.1470127162162
415,335369.79695381416,4263046.101,372.3888410312312
416,335370.0251869072,4263046.162945361,374.6306693462461
417,335370.21666765964,4263046.213969923,376.87249766126115
418,335370.40818470385,4263046.264993627,379.1143259762762
419,335370.59969350783,4263046.316000001,381.3561542912912
420,335370.790720712,4263046.367,383.59798260630623
421,335370.9822320214,4263046.417150918,385.83981092132126
422,335371.17375010904,4263046.469102297,388.0816392363363
423,335371.36524925486,4263046.520156929,390.3234675513513
424,335371.5564816695,4263046.571,392.56529586636634
425,335371.74792846205,4263046.621376574,394.80712418138137
426,335371.9393554621,4263046.672611045,397.0489524963963
427,335372.13092452165,4263046.723232846,399.2907808114113
428,335372.3220018317,4263046.774179957,401.53260912642634
429,335372.5135473278,4263046.825345469,403.77443744144136
430,335372.70495042304,4263046.876397183,406.0162657564564
431,335372.896491585,4263046.927338997,408.2580940714714
432,335373.0878279799,4263046.978366149,410.49992238648645
433,335373.27925251354,4263047.029226257,412.7417507015015
434,335373.4705918858,4263047.080416718,414.9835790165165
435,335373.66215266124,4263047.131443786,417.2254073315314
436,335373.85343507404,4263047.182470532,419.46723564654644
437,335374.04504002316,4263047.23385001,421.70906396156147
438,335374.23619791266,4263047.284522253,423.9508922765765
439,335374.4277170892,4263047.335549339,426.1927205915915
440,335374.61915154586,4263047.386426926,428.43454890660655
441,335374.8105951009,4263047.437260579,430.6763772216216
442,335375.00176891906,4263047.4886293,432.9182055366366
443,335375.19328831503,4263047.539656435,435.16003385165163
444,335375.38469157356,4263047.59,437.40186216666655
445,335375.57603533554,4263047.64155639,439.6436904816816
446,335375.7674357028,4263047.692470774,441.8855187966966
447,335375.95893068786,4263047.743694482,444.12734711171163
448,335376.15046541556,4263047.793787594,446.36917542672666
449,335376.3416094981,4263047.844761896,448.6110037417417
450,335376.53323972895,4263047.8958819825,450.8528320567567
451,335376.72449788556,4263047.947,453.09466037177174
452,335376.9160277726,4263047.997892675,455.33648868678677
453,335377.1075532228,4263048.048911083,457.5783170018017
454,335377.29863785213,4263048.1,459.8201453168167
455,335377.4900754651,4263048.150971697,462.06197363183173
456,335377.68159455206,4263048.201998762,464.30380194684676
457,335377.87310333835,4263048.253025835,466.5456302618618
458,335378.06422254676,4263048.304050579,468.7874585768768
459,335378.2134523966,4263048.353052396,471.02928689189184
460,335378.30645025516,4263048.398921187,473.27111520690687
461,335378.39908861957,4263048.445792413,475.5129435219219
462,335378.49203043315,4263048.491330434,477.7547718369369
463,335378.58499316033,4263048.53762215,479.99660015195195
464,335378.6777922112,4263048.583522216,482.238428466967
465,335378.7707173123,4263048.629717312,484.480256781982
466,335378.8634930921,4263048.676,486.72208509699703
467,335378.95651920245,4263048.722220633,488.96391341201183
468,335379.04934057896,4263048.76802029,491.20574172702686
469,335379.1421405689,4263048.814021352,493.4475700420419
470,335379.23523907905,4263048.86091954,495.6893983570569
471,335379.3278651002,4263048.9065302005,497.93122667207194
472,335379.4208402279,4263048.952720114,500.17305498708697
473,335379.5135603042,4263048.999,502.414883302102
474,335379.60662530013,4263049.045446643,504.656711617117
475,335379.69954048237,4263049.091420242,506.89853993213205
476,335379.79226422874,4263049.137318429,509.1403682471471
477,335379.8850986779,4263049.183597355,511.3821965621621
478,335379.97820343846,4263049.229203438,513.6240248771771
479,335380.0708346126,4263049.276017306,515.8658531921922
480,335380.16393271566,4263049.322,518.1076815072072
481,335380.2564543478,4263049.367818077,520.3495098222222
482,335380.349532887,4263049.414716443,522.5913381372372
483,335380.44244334416,4263049.460617337,524.8331664522523
484,335380.5354334407,4263049.506583602,527.0749947672673
485,335380.6282343443,4263049.552417172,529.3168230822821
486,335380.7209904277,4263049.598316171,531.5586513972971
487,335380.8137062784,4263049.645108568,533.8004797123122
488,335380.9069150092,4263049.691000001,536.0423080273272
489,335380.9995324536,4263049.737016226,538.2841363423422
490,335381.0925698137,4263049.783,540.5259646573572
491,335381.1852179628,4263049.829686625,542.7677929723723
492,335381.2782586171,4263049.875715062,545.0096212873873
493,335381.3711956849,4263049.921547842,547.2514496024023
494,335381.4638763677,4263049.967513878,549.4932779174173
495,335381.5568585705,4263050.01417238,551.7351062324324
496,335381.6496836472,4263050.060313459,553.9769345474474
497,335381.6919,4263050.102,556.2187628624624
498,335381.6938,4263050.140047958,558.4605911774775
499,335381.6953,4263050.178884584,560.7024194924925
500,335381.6973,4263050.2177616535,562.9442478075075
501,335381.6992,4263050.255619402,565.1860761225225
502,335381.7007,4263050.294,567.4279044375376
503,335381.7026,4263050.332534965,569.6697327525524
504,335381.7046,4263050.371192703,571.9115610675674
505,335381.7061,4263050.409050161,574.1533893825824
506,335381.708,4263050.447906399,576.3952176975974
507,335381.71,4263050.4860000005,578.6370460126125
508,335381.7114,4263050.5246216105,580.8788743276275
509,335381.7134,4263050.563,583.1207026426425
510,335381.71496831963,4263050.601336639,585.3625309576576
511,335381.7168,4263050.64,587.6043592726726
512,335381.7188,4263050.678,589.8461875876876
513,335381.7202,4263050.716906162,592.0880159027026
514,335381.7222,4263050.754764838,594.3298442177177
515,335381.7241,4263050.7930000005,596.5716725327327
516,335381.7256,4263050.8319999995,598.8135008477477
517,335381.7275,4263050.870338037,601.0553291627627
518,335381.7295,4263050.908991532,603.2971574777778
519,335381.731,4263050.947051031,605.5389857927928
520,335381.7329,4263050.985909583,607.7808141078078
521,335381.7349,4263051.024,610.0226424228229
522,335381.7363,4263051.062624803,612.2644707378377
523,335381.7383,4263051.101,614.5062990528527
524,335381.7397729214,4263051.139145843,616.7481273678677
525,335381.7417,4263051.177196129,618.9899556828827
526,335381.7437,4263051.216054462,621.2317839978978
527,335381.7451,4263051.254,623.4736123129128
528,335381.7471,4263051.292769901,625.7154406279278
529,335381.749,4263051.331626245,627.9572689429428
530,335381.7505,4263051.369118769,630.1990972579579
531,335381.7524,4263051.408,632.4409255729729
532,335381.7544,4263051.446198095,634.6827538879879
533,335381.7559,4263051.485056531,636.924582203003
534,335381.7578,4263051.522915,639.166410518018
535,335381.7596851127,4263051.561770226,641.408238833033
536,335381.7612,4263051.6,643.650067148048
537,335381.7632,4263051.638082207,645.8918954630631
538,335381.7647704954,4263051.677,648.1337237780781
539,335381.7666,4263051.7151993215,650.3755520930931
540,335381.7666,4263051.734,652.6173804081079
541,335381.7646,4263051.731093795,654.859208723123
542,335381.7623758085,4263051.728999999,657.101037038138
543,335381.7603,4263051.726,659.342865353153
544,335381.7583,4263051.723999999,661.584693668168
545,335381.7563,4263051.721,663.826521983183
546,335381.7544,4263051.718,666.0683502981981
547,335381.75239415525,4263051.716,668.3101786132131
548,335381.75,4263051.713,670.5520069282281
549,335381.748,4263051.71,672.7938352432432
550,335381.7461,4263051.708000001,675.0356635582582
551,335381.7441,4263051.705,677.2774918732732
552,335381.7422,4263051.702,679.5193201882882
553,335381.7397,4263051.699,681.7611485033033
554,335381.7378,4263051.697,684.0029768183183
555,335381.7358,4263051.694,686.2448051333333
556,335381.7339,4263051.692,688.4866334483484
557,335381.7319,4263051.688999999,690.7284617633634
558,335381.7296306749,4263051.686000001,692.9702900783782
559,335381.7275,4263051.683999999,695.2121183933932
560,335381.7256,4263051.681,697.4539467084082
561,335381.7236,4263051.678,699.6957750234233
562,335381.7217,4263051.676,701.9376033384383
563,335381.7197,4263051.673,704.1794316534533
564,335381.7173,4263051.67,706.4212599684683
565,335381.7153,4263051.667370368,708.6630882834834
566,335381.7134,4263051.665,710.9049165984984
567,335381.7114,4263051.662,713.1467449135134
568,335381.7095,4263051.66,715.3885732285285
569,335381.707128057,4263051.657,717.6304015435435
570,335381.7051,4263051.654,719.8722298585585
571,335381.7031,4263051.652,722.1140581735735
572,335381.7012,4263051.649,724.3558864885886
573,335381.6992,4263051.646000001,726.5977148036036
574,335381.69729934365,4263051.643999999,728.8395431186186
575,335381.6948,4263051.641,731.0813714336336
576,335381.6929,4263051.638,733.3231997486484
577,335381.6909,4263051.636,735.5650280636635
578,335381.689,4263051.633,737.8068563786785
579,335381.687,4263051.63,740.0486846936935
580,335381.6914554126,4263051.617889174,742.2905130087086
581,335381.70698161173,4263051.589,744.5323413237236
582,335381.7227,4263051.5595732,746.7741696387386
583,335381.73813523236,4263051.530329536,749.0159979537536
584,335381.7534,4263051.501475275,751.2578262687687
585,335381.7689380772,4263051.472,753.4996545837837
586,335381.7843894562,4263051.443,755.7414828987987
587,335381.7998424216,4263051.413915156,757.9833112138137
588,335381.815387409,4263051.385,760.2251395288288
589,335381.8311,4263051.355855998,762.4669678438438
590,335381.8465220761,4263051.3263558475,764.7087961588588
591,335381.8618,4263051.297,766.9506244738739
592,335381.87714041374,4263051.268648965,769.1924527888889
593,335381.89276210195,4263051.239,771.4342811039039
594,335381.9082295344,4263051.209940931,773.6761094189189
595,335381.9237534605,4263051.181,775.9179377339337
596,335381.93949030223,4263051.152,778.1597660489488
597,335381.9547154216,4263051.1227691565,780.4015943639638
598,335381.9702,4263051.093527094,782.6434226789788
599,335381.9858,4263051.064674051,784.8852509939938
600,335382.0011260179,4263051.035,787.1270793090089
601,335382.01661744737,4263051.006,789.3689076240239
602,335382.0321389316,4263050.977122136,791.6107359390389
603,335382.0477798483,4263050.948,793.852564254054
604,335382.0632967772,4263050.9184064455,796.094392569069
605,335382.0786,4263050.889552329,798.336220884084
606,335382.0942,4263050.860734927,800.578049199099
607,335382.10951327946,4263050.83177344,802.8198775141141
608,335382.12500304874,4263050.802,805.0617058291291
609,335382.1406,4263050.773,807.3035341441441
610,335382.15623030724,4263050.744,809.5453624591592
611,335382.17168434965,4263050.715,811.7871907741742
612,335382.187,4263050.685626885,814.0290190891892
613,335382.2026,4263050.656724586,816.270847404204
614,335382.21789039654,4263050.627,818.512675719219
615,335382.2334,4263050.598042533,820.7545040342341
616,335382.24890605675,4263050.569187887,822.9963323492491
617,335382.2645221881,4263050.54019453,825.2381606642641
618,335382.28004429664,4263050.511,827.4799889792791
619,335382.2954,4263050.481604824,829.7218172942942
620,335382.311,4263050.452750465,831.9636456093092
621,335382.32627040375,4263050.423859192,834.2054739243242
622,335382.34177838813,4263050.395,836.4473022393393
623,335382.3473112358,4263050.368222471,838.6891305543543
624,335382.3219452215,4263050.352290443,840.9309588693693
625,335382.29664208705,4263050.336,843.1727871843843
626,335382.27081581677,4263050.32,845.4146154993994
627,335382.2454990125,4263050.304,847.6564438144144
628,335382.2201356199,4263050.288,849.8982721294294
629,335382.1948369475,4263050.272,852.1401004444444
630,335382.16953290056,4263050.256,854.3819287594595
631,335382.1438683729,4263050.24,856.6237570744743
632,335382.11845685943,4263050.223999999,858.8655853894893
633,335382.0931307662,4263050.208000001,861.1074137045043
634,335382.0677725702,4263050.191745141,863.3492420195194
635,335382.04247175576,4263050.175943512,865.5910703345344
636,335382.0166632844,4263050.159126569,867.8328986495494
637,335381.9913552907,4263050.143310581,870.0747269645644
638,335381.9659742807,4263050.127,872.3165552795795
639,335381.9406719434,4263050.1110000005,874.5583835945945
640,335381.91525748384,4263050.095,876.8002119096095
641,335381.88956164086,4263050.079,879.0420402246245
642,335381.8642902262,4263050.063,881.2838685396396
643,335381.8389659235,4263050.047,883.5256968546546
644,335381.81367829995,4263050.031,885.7675251696696
645,335381.7882981723,4263050.015,888.0093534846847
646,335381.76288007095,4263049.999,890.2511817996997
647,335381.7371600744,4263049.982720149,892.4930101147147
648,335381.71188065474,4263049.966961309,894.7348384297297
649,335381.68650689424,4263049.950013788,896.9766667447448
650,335381.66118018184,4263049.934160363,899.2184950597596
651,335381.6357,4263049.9180000005,901.4603233747746
652,335381.6104869803,4263049.902217451,903.7021516897896
653,335381.5848011171,4263049.886,905.9439800048046
654,335381.559475132,4263049.87,908.1858083198197
655,335381.5342,4263049.853999999,910.4276366348347
656,335381.5088222749,4263049.838,912.6694649498497
657,335381.4830909293,4263049.822,914.9112932648648
658,335381.458,4263049.806,917.1531215798798
659,335381.4323424552,4263049.79,919.3949498948948
660,335381.4070160306,4263049.773632062,921.6367782099098
661,335381.3813380374,4263049.758,923.8786065249249
662,335381.35619932064,4263049.741498302,926.1204348399399
663,335381.3306364353,4263049.72507287,928.3622631549549
664,335381.3052,4263049.709,930.60409146997
665,335381.2800594564,4263049.693,932.845919784985
666,335381.25465722574,4263049.677,935.0877481
667,335381.2289517696,4263049.661,937.329576415015
668,335381.20350433205,4263049.645,939.5714047300298
669,335381.1782,4263049.629,941.8132330450449
670,335381.1528,4263049.613,944.0550613600599
671,335381.12752454757,4263049.597,946.2968896750749
672,335381.1021,4263049.581,948.5387179900899
673,335381.0765867442,4263049.564773489,950.780546305105
674,335381.0382826584,4263049.528682658,953.02237462012
675,335380.99940932915,4263049.492818658,955.264202935135
676,335380.96079120226,4263049.456,957.50603125015
677,335380.92199543864,4263049.42,959.7478595651651
678,335380.8830331553,4263049.383233155,961.9896878801801
679,335380.8444814487,4263049.347,964.2315161951951
680,335380.80570881994,4263049.31050882,966.4733445102102
681,335380.7667462209,4263049.274646221,968.7151728252252
682,335380.72828448465,4263049.237784484,970.9570011402402
683,335380.6895,4263049.201644572,973.1988294552552
684,335380.65046015126,4263049.165060151,975.4406577702703
685,335380.61195325875,4263049.129,977.6824860852853
686,335380.5731468764,4263049.092867191,979.9243144003001
687,335380.5343055045,4263049.056,982.1661427153151
688,335380.4955826632,4263049.02,984.4079710303301
689,335380.45665082935,4263048.983301659,986.6497993453452
690,335380.418,4263048.947,988.8916276603602
691,335380.3794,4263048.911,991.1334559753752
692,335380.34049577237,4263048.874195772,993.3752842903903
693,335380.3018095807,4263048.838,995.6171126054053
694,335380.26301836135,4263048.801636723,997.8589409204203
695,335380.2240889551,4263048.765,1000.1007692354353
696,335380.1855,4263048.728999999,1002.3425975504504
697,335380.14678093855,4263048.692,1004.5844258654654
698,335380.10788343655,4263048.656,1006.8262541804804
699,335380.06897394103,4263048.62,1009.0680824954954
700,335380.0303845178,4263048.583000001,1011.3099108105105
701,335379.99148746853,4263048.547,1013.5517391255255
702,335379.95285768126,4263048.510515362,1015.7935674405405
703,335379.914303458,4263048.473999999,1018.0353957555556
704,335379.8755,4263048.438,1020.2772240705706
705,335379.83636593836,4263048.401931876,1022.5190523855854
706,335379.79795628367,4263048.365,1024.7608807006004
707,335379.75893062324,4263048.329,1027.0027090156154
708,335379.7200652427,4263048.291999999,1029.2445373306305
709,335379.7031,4263048.24356167,1031.4863656456455
710,335379.6987,4263048.187,1033.7281939606605
711,335379.6943,4263048.13,1035.9700222756755
712,335379.6899,4263048.073,1038.2118505906906
713,335379.686,4263048.017,1040.4536789057056
714,335379.6816,4263047.96,1042.6955072207206
715,335379.6772,4263047.903,1044.9373355357357
716,335379.6731396134,4263047.846599033,1047.1791638507507
717,335379.6689,4263047.789443737,1049.4209921657657
718,335379.6646,4263047.733,1051.6628204807807
719,335379.6602,4263047.67684821,1053.9046487957958
720,335379.6563,4263047.62,1056.1464771108108
721,335379.6519,4263047.563,1058.3883054258258
722,335379.6475,4263047.506,1060.6301337408408
723,335379.6431,4263047.449580371,1062.8719620558556
724,335379.6392,4263047.392903749,1065.1137903708707
725,335379.6348,4263047.336138466,1067.3556186858857
726,335379.6304,4263047.279831606,1069.5974470009007
727,335379.626,4263047.222925239,1071.8392753159158
728,335379.6221,4263047.166193947,1074.0811036309308
729,335379.6177,4263047.109008012,1076.3229319459458
730,335379.6133,4263047.052592458,1078.5647602609608
731,335379.60912917997,4263046.99645836,1080.8065885759759
732,335379.605,4263046.939077318,1083.048416890991
733,335379.6006,4263046.882886337,1085.290245206006
734,335379.5962,4263046.825867116,1087.532073521021
735,335379.5923,4263046.769106288,1089.773901836036
736,335379.5879,4263046.712124392,1092.015730151051
737,335379.5835,4263046.656,1094.257558466066
738,335379.5791,4263046.599475202,1096.499386781081
739,335379.5752,4263046.542023318,1098.741215096096
740,335379.5708,4263046.4859340945,1100.983043411111
741,335379.5664,4263046.429,1103.224871726126
742,335379.562,4263046.372004412,1105.466700041141
743,335379.5581,4263046.315221391,1107.708528356156
744,335379.5537,4263046.259,1109.950356671171
745,335379.5493,4263046.202497414,1112.192184986186
746,335379.5449,4263046.145950147,1114.434013301201
747,335379.541,4263046.089,1116.675841616216
748,335379.5366,4263046.031786799,1118.917669931231
749,335379.5322,4263045.9759037895,1121.1594982462461
750,335379.5278533902,4263045.919106781,1123.4013265612612
751,335379.5239,4263045.862,1125.6431548762762
752,335379.5195,4263045.805497404,1127.8849831912912
753,335379.5151,4263045.749,1130.1268115063062
754,335379.5112,4263045.692,1132.3686398213213
755,335379.5068,4263045.634765901,1134.6104681363363
756,335379.5068398282,4263045.581920343,1136.8522964513513
757,335379.5225,4263045.540068536,1139.0941247663663
758,335379.5381,4263045.498,1141.3359530813814
759,335379.5537,4263045.456,1143.5777813963962
760,335379.5693,4263045.414,1145.8196097114112
761,335379.58487758326,4263045.372244833,1148.0614380264262
762,335379.6001724961,4263045.33,1150.3032663414413
763,335379.6157700346,4263045.288,1152.5450946564563
764,335379.6313,4263045.246079605,1154.7869229714713
765,335379.647,4263045.204169626,1157.0287512864863
766,335379.6626,4263045.162616877,1159.2705796015014
767,335379.6782,4263045.120991472,1161.5124079165164
768,335379.6936218379,4263045.079,1163.7542362315314
769,335379.7090238033,4263045.036952393,1165.9960645465464
770,335379.7246600927,4263044.994879815,1168.2378928615615
771,335379.7402,4263044.953,1170.4797211765765
772,335379.7558275481,4263044.911144904,1172.7215494915915
773,335379.7715,4263044.869,1174.9633778066066
774,335379.787072022,4263044.827,1177.2052061216216
775,335379.80247438466,4263044.785451231,1179.4470344366366
776,335379.8179,4263044.743,1181.6888627516516
777,335379.83355256484,4263044.701,1183.9306910666667
778,335379.8491,4263044.6591102965,1186.1725193816815
779,335379.8646114794,4263044.617221301,1188.4143476966965
780,335379.8804,4263044.575930697,1190.6561760117115
781,335379.8955,4263044.534,1192.8980043267266
782,335379.91134054994,4263044.4915189,1195.1398326417416
783,335379.9268,4263044.45,1197.3816609567566
784,335379.9424,4263044.40785808,1199.6234892717716
785,335379.958,4263044.366,1201.8653175867867
786,335379.97347650834,4263044.324246983,1204.1071459018017
787,335379.9892525199,4263044.28209496,1206.3489742168167
788,335380.0044,4263044.24,1208.5908025318317
789,335380.0202145633,4263044.198,1210.8326308468468
790,335380.0356,4263044.156,1213.0744591618618
791,335380.0513053257,4263044.114989349,1215.3162874768768
792,335380.0669,4263044.073,1217.5581157918919
793,335380.0823603057,4263044.030279389,1219.7999441069069
794,335380.0980204742,4263043.989,1222.041772421922
795,335380.1133,4263043.947,1224.283600736937
796,335380.1289,4263043.905,1226.5254290519517
797,335380.1445,4263043.863,1228.7672573669668
798,335380.1602,4263043.821,1231.0090856819818
799,335380.1758,4263043.779,1233.2509139969968
800,335380.1851,4263043.741,1235.4927423120118
801,335380.1943,4263043.703,1237.7345706270269
802,335380.20358975895,4263043.665,1239.976398942042
803,335380.2125371061,4263043.626725788,1242.218227257057
804,335380.2217,4263043.588668758,1244.460055572072
805,335380.231,4263043.551,1246.701883887087
806,335380.2399262587,4263043.512,1248.943712202102
807,335380.249,4263043.4744103765,1251.185540517117
808,335380.2583,4263043.436138563,1253.427368832132
809,335380.26750373974,4263043.39819252,1255.669197147147
810,335380.2764840367,4263043.36,1257.9110254621621
811,335380.2856,4263043.3221598035,1260.1528537771771
812,335380.2949,4263043.284,1262.3946820921922
813,335380.3037,4263043.246051723,1264.6365104072072
814,335380.313,4263043.208000001,1266.878338722222
815,335380.3223,4263043.17,1269.120167037237
816,335380.3313792399,4263043.132,1271.361995352252
817,335380.3403168278,4263043.094,1273.603823667267
818,335380.3496,4263043.055778031,1275.845651982282
819,335380.3589,4263043.018,1278.0874802972971
820,335380.3677,4263042.98,1280.3293086123122
821,335380.377,4263042.942,1282.5711369273272
822,335380.3862,4263042.903533737,1284.8129652423422
823,335380.3951972078,4263042.865605584,1287.0547935573572
824,335380.4043,4263042.828,1289.2966218723723
825,335380.4136,4263042.789821558,1291.5384501873873
826,335380.4229,4263042.751,1293.7802785024023
827,335380.4316,4263042.713152338,1296.0221068174174
828,335380.4409,4263042.676,1298.2639351324324
829,335380.4502,4263042.63763556,1300.5057634474474
830,335380.4593037842,4263042.599392431,1302.7475917624624
831,335380.4683,4263042.561391382,1304.9894200774775
832,335380.4775,4263042.522936802,1307.2312483924923
833,335380.4868,4263042.485,1309.4730767075073
834,335380.4956,4263042.447196115,1311.7149050225223
835,335380.5049,4263042.409,1313.9567333375373
836,335380.5142,4263042.371,1316.1985616525524
837,335380.5231676026,4263042.333000001,1318.4403899675674
838,335380.53194211284,4263042.296,1320.6822182825824
839,335380.5366,4263042.27,1322.9240465975975
840,335380.541,4263042.243,1325.1658749126125
841,335380.5459,4263042.216,1327.4077032276275
842,335380.5503,4263042.188999999,1329.6495315426425
843,335380.5552,4263042.162,1331.8913598576576
844,335380.5596,4263042.135,1334.1331881726726
845,335380.564,4263042.108639807,1336.3750164876876
846,335380.5688,4263042.0819999995,1338.6168448027026
847,335380.5732,4263042.055,1340.8586731177177
848,335380.5781,4263042.028,1343.1005014327327
849,335380.5825,4263042.001386539,1345.3423297477477
850,335380.5869,4263041.975,1347.5841580627628
851,335380.5918,4263041.948,1349.8259863777776
852,335380.5962,4263041.921,1352.0678146927926
853,335380.6011,4263041.893999999,1354.3096430078076
854,335380.6055,4263041.86704714,1356.5514713228226
855,335380.61011091067,4263041.840578179,1358.7932996378377
856,335380.6147,4263041.813481055,1361.0351279528527
857,335380.6191,4263041.787,1363.2769562678677
858,335380.624,4263041.76,1365.5187845828827
859,335380.6284,4263041.733,1367.7606128978978
860,335380.6333,4263041.70695759,1370.0024412129128
861,335380.6377,4263041.68,1372.2442695279278
862,335380.6421,4263041.653,1374.4860978429429
863,335380.647,4263041.626,1376.7279261579579
864,335380.6514,4263041.598999999,1378.969754472973
865,335380.6563,4263041.572347172,1381.211582787988
866,335380.6606,4263041.545752423,1383.453411103003
867,335380.665,4263041.518999999,1385.695239418018
868,335380.6699,4263041.492,1387.937067733033
869,335380.6743,4263041.465115462,1390.1788960480478
870,335380.6792,4263041.438,1392.4207243630628
871,335380.6836,4263041.4116870845,1394.6625526780779
872,335380.6882557972,4263041.385,1396.904380993093
873,335380.6929,4263041.358,1399.146209308108
874,335380.6973,4263041.331,1401.388037623123
875,335380.7021,4263041.304287314,1403.629865938138
876,335380.7065,4263041.27725518,1405.871694253153
877,335380.7114,4263041.250949661,1408.113522568168
878,335380.7158,4263041.223999999,1410.355350883183
879,335380.7203628372,4263041.197,1412.597179198198
880,335380.7251,4263041.17,1414.8390075132131
881,335380.7295,4263041.143999999,1417.0808358282281
882,335380.7319,4263041.142,1419.3226641432432
883,335380.7344,4263041.1389999995,1421.5644924582582
884,335380.7368,4263041.137,1423.8063207732732
885,335380.7393,4263041.134,1426.0481490882883
886,335380.7417,4263041.132,1428.2899774033033
887,335380.7441,4263041.129,1430.531805718318
888,335380.7466,4263041.126,1432.773634033333
889,335380.749,4263041.124,1435.0154623483481
890,335380.75148500496,4263041.121,1437.2572906633632
891,335380.75369437534,4263041.119,1439.4991189783782
892,335380.7559,4263041.116,1441.7409472933932
893,335380.75831320044,4263041.114,1443.9827756084082
894,335380.7607,4263041.1110000005,1446.2246039234233
895,335380.7632,4263041.109,1448.4664322384383
896,335380.7656,4263041.106000001,1450.7082605534533
897,335380.7681,4263041.103999999,1452.9500888684684
898,335380.7705,4263041.101,1455.1919171834834
899,335380.7729,4263041.098472367,1457.4337454984984
900,335380.7754,4263041.096,1459.6755738135134
901,335380.7778,4263041.094,1461.9174021285285
902,335380.7803,4263041.091,1464.1592304435435
903,335380.7827,4263041.088,1466.4010587585585
904,335380.7852,4263041.086,1468.6428870735735
905,335380.7876,4263041.083000001,1470.8847153885886
906,335380.79,4263041.081,1473.1265437036034
907,335380.7925,4263041.078,1475.3683720186184
908,335380.7949,4263041.076,1477.6102003336334
909,335380.7974,4263041.073,1479.8520286486485
910,335380.7998,4263041.071,1482.0938569636635
911,335380.8022,4263041.068,1484.3356852786785
912,335380.8047,4263041.065,1486.5775135936935
913,335380.8071,4263041.063,1488.8193419087086
914,335380.8096,4263041.06,1491.0611702237236
915,335380.812,4263041.058,1493.3029985387386
916,335380.8145,4263041.055,1495.5448268537536
917,335380.8169,4263041.053,1497.7866551687687
918,335380.8193,4263041.05,1500.0284834837837
919,335380.8218,4263041.048,1502.2703117987987
920,335380.8237,4263041.045,1504.5121401138138
921,335380.8242,4263041.045,1506.7539684288288
922,335380.8247,4263041.045,1508.9957967438438
923,335380.8252,4263041.045,1511.2376250588588
924,335380.8257,4263041.045,1513.4794533738739
925,335380.8262,4263041.044,1515.721281688889
926,335380.8267,4263041.044,1517.963110003904
927,335380.8271,4263041.044,1520.204938318919
928,335380.8276,4263041.044,1522.446766633934
929,335380.8281,4263041.0430000005,1524.688594948949
930,335380.8286,4263041.0430000005,1526.930423263964
931,335380.8291,4263041.0430000005,1529.172251578979
932,335380.8296,4263041.0430000005,1531.414079893994
933,335380.8301,4263041.0430000005,1533.6559082090087
934,335380.8306,4263041.041999999,1535.8977365240237
935,335380.8311,4263041.041999999,1538.1395648390387
936,335380.8315,4263041.041999999,1540.3813931540537
937,335380.832,4263041.041999999,1542.6232214690688
938,335380.8325,4263041.041999999,1544.8650497840838
939,335380.833,4263041.041999999,1547.1068780990988
940,335380.8335,4263041.041,1549.3487064141138
941,335380.834,4263041.041,1551.5905347291289
942,335380.8345,4263041.041,1553.832363044144
943,335380.835,4263041.041,1556.074191359159
944,335380.8354,4263041.04,1558.316019674174
945,335380.8359,4263041.04,1560.557847989189
946,335380.8364,4263041.04,1562.799676304204
947,335380.8369,4263041.04,1565.041504619219
948,335380.8374,4263041.04,1567.283332934234
949,335380.8383350012,4263041.039,1569.525161249249
950,335380.8389,4263041.039,1571.7669895642641
951,335380.8394,4263041.039,1574.0088178792791
952,335380.8398,4263041.039,1576.2506461942942
953,335380.8403,4263041.038,1578.4924745093092
954,335380.8408,4263041.038,1580.7343028243242
955,335380.8413,4263041.038,1582.9761311393393
956,335380.8418,4263041.038,1585.2179594543543
957,335380.8423,4263041.038,1587.4597877693693
958,335380.8428,4263041.037,1589.7016160843843
959,335380.8433,4263041.037,1591.9434443993994
960,335380.8438,4263041.037,1594.1852727144144
961,335380.8442,4263041.037,1596.4271010294294
962,335380.8423,4263041.032,1598.6689293444445
963,335380.8403,4263041.027,1600.9107576594595
964,335380.8384,4263041.021000001,1603.1525859744745
965,335380.8364,4263041.016,1605.3944142894895
966,335380.834,4263041.01,1607.6362426045046
967,335380.832,4263041.005,1609.8780709195196
968,335380.8301,4263041.0,1612.1198992345346
969,335380.8281,4263040.994,1614.3617275495496
970,335380.8262,4263040.988594942,1616.6035558645642
971,335380.8237,4263040.983,1618.8453841795792
972,335380.8218,4263040.978,1621.0872124945943
973,335380.8198,4263040.972,1623.3290408096093
974,335380.8179,4263040.967,1625.5708691246243
975,335380.8154883739,4263040.961,1627.8126974396394
976,335380.8135,4263040.956,1630.0545257546544
977,335380.8115,4263040.95,1632.2963540696694
978,335380.8096,4263040.944531776,1634.5381823846844
979,335380.8076,4263040.938999999,1636.7800106996995
980,335380.8052,4263040.933999999,1639.0218390147145
981,335380.8032,4263040.928,1641.2636673297295
982,335380.8013,4263040.92230661,1643.5054956447445
983,335380.7993,4263040.916999999,1645.7473239597596
984,335380.7969,4263040.911695114,1647.9891522747746
985,335380.7949,4263040.906,1650.2309805897896
986,335380.793,4263040.901000001,1652.4728089048047
987,335380.791,4263040.895,1654.7146372198197
988,335380.7889746824,4263040.889749364,1656.9564655348347
989,335380.7866,4263040.884,1659.1982938498497
990,335380.7847,4263040.8782006325,1661.4401221648648
991,335380.7827,4263040.873,1663.6819504798798
992,335380.7808,4263040.867925369,1665.9237787948948
993,335380.7783,4263040.862,1668.1656071099098
994,335380.7764,4263040.8562742835,1670.4074354249249
995,335380.7744,4263040.851,1672.64926373994
996,335380.7725,4263040.845129505,1674.891092054955
997,335380.77,4263040.84,1677.13292036997
998,335380.7681,4263040.834617664,1679.374748684985
999,335380.7661,4263040.829,1681.616577
