,X,Y,Z,Pressure
0,335735.8818377157,4263051.180984913,-389.8327860738739,400.0
1,335736.0220316851,4263051.158,-387.59095775885885,399.98733168508943
2,335736.1812115468,4263051.136,-385.3491294438439,399.99054295163006
3,335735.79026785365,4263051.115,-383.10730112882885,399.4434607303772
4,335735.41363203165,4263051.093,-380.8654728138139,398.91031434487724
5,335735.08216139,4263051.071008037,-378.62364449879885,398.42298148110115
6,335734.7999589153,4263051.053073161,-376.3818161837838,397.99153450285183
7,335734.5455171565,4263051.035302458,-374.1399878687688,397.5880455125613
8,335734.2844990954,4263051.018,-371.89815955375377,397.1777969036705
9,335734.0156577562,4263051.0,-369.65633123873874,396.76000074246684
10,335733.747353904,4263050.982,-367.4145029237237,396.3426529326729
11,335733.4687764433,4263050.961536036,-365.17267460870875,395.9395845511457
12,335733.1826434199,4263050.941000001,-362.9308462936937,395.5303232318764
13,335732.8943378926,4263050.921,-360.6890179786787,395.1191360544126
14,335732.5940758028,4263050.9,-358.4471896636637,394.6960502225813
15,335732.3067193909,4263050.879861587,-356.2053613486487,394.28588720022526
16,335732.02389689325,4263050.859,-353.96353303363367,393.8802164237436
17,335731.72978386836,4263050.839,-351.72170471861864,393.46326676013604
18,335731.4563592742,4263050.818109639,-349.4798764036036,393.0670772274402
19,335731.1457532162,4263050.798,-347.2380480885886,392.63352354646923
20,335730.8573677328,4263050.777654092,-344.9962197735736,392.22225641584487
21,335730.56484332104,4263050.757,-342.7543914585586,391.8070717762139
22,335730.26310791646,4263050.736632921,-340.51256314354356,391.3825104666949
23,335729.9826222707,4263050.716,-338.2707348285286,390.9792199920327
24,335729.68577304546,4263050.696,-336.02890651351356,390.5594759482222
25,335729.39495980303,4263050.675,-333.78707819849853,390.14599895387516
26,335729.09924485977,4263050.655,-331.5452498834835,389.72739075085804
27,335728.81945878814,4263050.634,-329.3034215684685,389.32446428033666
28,335728.4611129191,4263050.576,-327.06159325345345,388.8951440264346
29,335728.11441165855,4263050.517068979,-324.8197649384385,388.47884271965927
30,335727.76412403426,4263050.457180492,-322.57793662342345,388.0592947728792
31,335727.42950287944,4263050.397570438,-320.3361083084084,387.65538809843304
32,335727.07560462656,4263050.338242732,-318.09427999339346,387.232047358277
33,335726.7290800087,4263050.279034944,-315.85245167837843,386.81625621690694
34,335726.38524246315,4263050.219628985,-313.6106233633634,386.4031004332095
35,335726.02781965263,4263050.16,-311.3687950483484,385.97609003260425
36,335725.68375556683,4263050.100703841,-309.12696673333335,385.5629334475766
37,335725.324274014,4263050.040965861,-306.8851384183183,385.1338228049375
38,335724.9841566721,4263049.981423286,-304.6433101033033,384.7245683147234
39,335724.6414460185,4263049.922189454,-302.4014817882883,384.3126301980726
40,335724.29283615603,4263049.862602478,-300.1596534732733,383.89435789044114
41,335723.9406032922,4263049.803619447,-297.91782515825827,383.4729227398178
42,335723.58764432964,4263049.743865392,-295.6759968432433,383.05040972216375
43,335723.235122877,4263049.684638821,-293.43416852822827,382.6286172265871
44,335722.8738282818,4263049.624750677,-291.19234021321324,382.19815429666556
45,335722.5258416746,4263049.542825629,-288.9505118981982,381.8099544888845
46,335722.12283810537,4263049.452907146,-286.7086835831832,381.3777381053444
47,335721.73472017975,4263049.362134589,-284.4668552681682,380.9608874741681
48,335721.3398156862,4263049.271392535,-282.2250269531532,380.53681195340386
49,335720.9510348723,4263049.180528105,-279.98319863813816,380.1192989249489
50,335720.56018631835,4263049.08983981,-277.74137032312314,379.69955428024116
51,335720.17170089926,4263048.9994183,-275.49954200810816,379.2822682191861
52,335719.78127231204,4263048.90928176,-273.25771369309314,378.8626286641471
53,335719.3847474076,4263048.818160782,-271.0158853780781,378.43744740759075
54,335719.00541151577,4263048.728,-268.7740570630631,378.0291033908712
55,335718.6023773083,4263048.636954828,-266.53222874804806,377.59696601529424
56,335718.21293519996,4263048.546316249,-264.2904004330331,377.1788142623248
57,335717.82626915496,4263048.456084287,-262.04857211801806,376.7632902266127
58,335717.43476810044,4263048.365623176,-259.80674380300303,376.3426238944682
59,335717.03244950966,4263048.274844603,-257.564915487988,375.9115606602035
60,335716.6450449408,4263048.184642373,-255.32308717297303,375.4950555340738
61,335716.2689392745,4263048.093291657,-253.081258857958,375.09006218868836
62,335715.8735011826,4263048.00351292,-250.83943054294298,374.6658794125681
63,335715.481902801,4263047.919747686,-248.59760222792795,374.2538397224602
64,335715.0601015414,4263047.838972219,-246.35577391291292,373.8155015414049
65,335714.6825890924,4263047.75824072,-244.11394559789795,373.42188909242634
66,335714.26664352766,4263047.677387484,-241.87211728288293,372.9894985213808
67,335713.8624549885,4263047.59754773,-239.6302889678679,372.56895498848064
68,335713.45897197624,4263047.516965149,-237.38846065285287,372.14911326338245
69,335713.0666576778,4263047.43621153,-235.1466323378379,371.74045767782167
70,335712.6631153533,4263047.355668482,-232.90480402282287,371.32064959408405
71,335712.24494574266,4263047.275,-230.66297570780785,370.8860457426504
72,335711.8506152471,4263047.194937823,-228.42114739279282,370.4755997027791
73,335711.4482828846,4263047.114183396,-226.1793190777778,370.05672873356286
74,335711.04583507235,4263047.033335939,-223.93749076276282,369.6381350723717
75,335710.63357171294,4263046.952667848,-221.6956624477478,369.2094386750273
76,335710.2320334526,4263046.872727938,-219.45383413273277,368.79163345256495
77,335709.83601354517,4263046.792156938,-217.21200581771774,368.3793027797164
78,335709.42398537364,4263046.71092576,-214.9701775027027,367.9508853736511
79,335709.01495203027,4263046.631,-212.72834918768774,367.52565203024915
80,335708.61201240297,4263046.550888152,-210.4865208726727,367.1061124029615
81,335708.221460572,4263046.47010664,-208.2446925576577,366.6994605720058
82,335707.8082125379,4263046.389155984,-206.00286424264266,366.2696515339326
83,335707.40052354574,4263046.308613333,-203.7610359276277,365.8459768788607
84,335706.9959748352,4263046.228429771,-201.51920761261266,365.42488972071357
85,335706.60659281426,4263046.147914089,-199.27737929759763,365.0191928142243
86,335706.19974729215,4263046.067342812,-197.0355509825826,364.5960829951173
87,335705.7883683047,4263045.986584143,-194.79372266756758,364.16826830471837
88,335705.40111323167,4263045.905917519,-192.5518943525526,363.76487199093657
89,335704.9944995612,4263045.825077197,-190.31006603753758,363.34171886045124
90,335704.5883568865,4263045.745319112,-188.06823772252255,362.9195207089386
91,335704.1731110001,4263045.664488859,-185.82640940750753,362.4878065434969
92,335703.77426641615,4263045.583570366,-183.58458109249256,362.07256641616806
93,335703.36695267825,4263045.503048595,-181.34275277747753,361.648914827082
94,335702.9513821557,4263045.423289922,-179.1009244624625,361.21730463633105
95,335702.54648282204,4263045.34246382,-176.85909614744747,360.7958487770225
96,335702.1387431478,4263045.262,-174.61726783243245,360.3718183828839
97,335701.74503963726,4263045.181018397,-172.37543951741748,359.9618396372618
98,335701.33340232645,4263045.101130992,-170.13361120240245,359.5341023264476
99,335700.91394455975,4263045.020369455,-167.89178288738742,359.09804455976723
100,335700.52006224036,4263044.939751329,-165.6499545723724,358.6877500725994
101,335700.122331999,4263044.864444922,-163.40812625735737,358.2714544600013
102,335699.72329843964,4263044.808632682,-161.1662979423424,357.84371478096045
103,335699.32303733466,4263044.752952507,-158.92446962732737,357.415313587804
104,335698.9469142275,4263044.6977651315,-156.68264131231234,357.01041422750825
105,335698.5361147272,4263044.642072047,-154.44081299729731,356.57132913667846
106,335698.1395588761,4263044.587,-152.19898468228234,356.1459878073359
107,335697.7456279375,4263044.53125278,-149.95715636726732,355.72375432755723
108,335697.340893058,4263044.475878469,-147.7153280522523,355.29053229247415
109,335696.9591527255,4263044.420572999,-145.47349973723726,354.88033922502274
110,335696.57237111364,4263044.365,-143.23167142222223,354.46497111364965
111,335696.1675856082,4263044.309834573,-140.98984310720726,354.03180289521663
112,335695.76127256174,4263044.253976123,-138.74801479219224,353.597151072993
113,335695.3778520997,4263044.199,-136.5061864771772,353.18500959766067
114,335694.97931378655,4263044.143242824,-134.26435816216218,352.7582351987581
115,335694.5751634428,4263044.087754213,-132.0225298471472,352.3253519960707
116,335694.1892638177,4263044.032,-129.78070153213218,351.9109638176983
117,335693.7930228517,4263043.976853234,-127.53887321711716,351.4863494685913
118,335693.40526458144,4263043.921545878,-125.29704490210213,351.07017375707824
119,335692.99671854865,4263043.865913981,-123.0552165870871,350.63287553884805
120,335692.60245158867,4263043.811000001,-120.81338827207213,350.2103906926251
121,335692.20278909995,4263043.755181242,-118.5715599570571,349.78207034174
122,335691.8033979226,4263043.699634305,-116.32973164204208,349.35451507500994
123,335691.40953263355,4263043.64445222,-114.08790332702705,348.93193963213014
124,335691.0146074106,4263043.58880028,-111.84607501201208,348.50862752282694
125,335690.6059618664,4263043.533462556,-109.60424669699705,348.0714931444503
126,335690.21136156295,4263043.4778440865,-107.36241838198202,347.6482836062996
127,335689.8177650352,4263043.438999999,-105.120590066967,347.2327650351862
128,335689.3951675655,4263043.428,-102.87876175195197,346.7994675654769
129,335688.9780865001,4263043.416999999,-100.636933436937,346.3713303370594
130,335688.56838702987,4263043.406,-98.39510512192197,345.95068702986566
131,335688.1490161818,4263043.394826535,-96.15327680690694,345.52052944949037
132,335687.7471776257,4263043.383,-93.91144849189192,345.1078686947433
133,335687.3081142893,4263043.3719999995,-91.66962017687695,344.6577142893285
134,335686.91950533376,4263043.3610000005,-89.42779186186192,344.258405333755
135,335686.4848681168,4263043.35,-87.18596354684689,343.81255734042986
136,335686.0909308489,4263043.338,-84.94413523183186,343.40783084886743
137,335685.65413777804,4263043.327,-82.70230691681684,342.9603377780554
138,335685.2539843636,4263043.316000001,-80.46047860180187,342.5488843635361
139,335684.82903707004,4263043.304769771,-78.21865028678684,342.1132370700309
140,335684.41376718757,4263043.2930000005,-75.97682197177181,341.6871257185821
141,335684.0229161263,4263043.282,-73.73499365675679,341.28517635582483
142,335683.5887152888,4263043.271000001,-71.49316534174176,340.8402152887907
143,335683.1809722918,4263043.26,-69.25133702672679,340.42167229183565
144,335682.7754128977,4263043.248510873,-67.00950871171176,340.0051683341544
145,335682.3509108312,4263043.237,-64.76768039669673,339.5696108312078
146,335681.940250918,4263043.226,-62.525852081681705,339.14815432539393
147,335681.5212988274,4263043.215,-60.284023766666735,338.7180988273801
148,335681.1072641255,4263043.204,-58.04219545165171,338.2932641255009
149,335680.69950997696,4263043.192,-55.80036713663668,337.87480997694604
150,335680.27431670675,4263043.181,-53.55853882162165,337.4386167755326
151,335679.8644318619,4263043.17,-51.316710506606626,337.01773186193054
152,335679.44553920685,4263043.159,-49.074882191591655,336.5881392068806
153,335679.0283171007,4263043.1522706915,-46.83305387657663,336.1626171007022
154,335678.60458328546,4263043.174,-44.5912255615616,335.74328595747414
155,335678.17145720136,4263043.194706033,-42.34939724654657,335.3150572013609
156,335677.7348044929,4263043.215707939,-40.107568931531546,334.8827044929094
157,335677.310874684,4263043.237,-37.86574061651652,334.46367468397915
158,335676.8687301293,4263043.258,-35.62391230150149,334.02593012931476
159,335676.4533596857,4263043.279,-33.38208398648658,333.6154596857506
160,335676.014428665,4263043.300110665,-31.14025567147155,333.18092866495374
161,335675.5845591668,4263043.321,-28.898427356456523,332.755935617679
162,335675.1563633445,4263043.342,-26.656599041441496,332.3321633445164
163,335674.7248516524,4263043.363661306,-24.414770726426468,331.9053823054332
164,335674.28801994293,4263043.38451224,-22.17294241141144,331.4731199429495
165,335673.86216176796,4263043.405569123,-19.931114096396414,331.0518894169252
166,335673.42391401733,4263043.427,-17.689285781381386,330.6182140172871
167,335673.0033699444,4263043.448,-15.447457466366359,330.20210117503586
168,335672.56529332616,4263043.469,-13.205629151351445,329.7688933261655
169,335672.1346431711,4263043.49,-10.963800836336418,329.34264317106175
170,335671.7089239182,4263043.511,-8.72197252132139,328.92182391819256
171,335671.2784857945,4263043.532,-6.480144206306363,328.4957857945268
172,335670.8519841329,4263043.553,-4.238315891291336,328.0741841329354
173,335670.4214882125,4263043.574,-1.9964875762763086,327.6480882124849
174,335669.9962961527,4263043.595,0.24534073873871876,327.22769615270033
175,335669.55023334135,4263043.616865528,2.487169053753746,326.7860333413879
176,335669.12254028465,4263043.637317048,4.728997368768773,326.3632402846868
177,335668.68692278175,4263043.658816658,6.970825683783687,325.9320227817743
178,335668.2793455347,4263043.68,9.212653998798714,325.5290540439586
179,335667.8384284936,4263043.701,11.454482313813742,325.09282849353855
180,335667.39902435255,4263043.722,13.696310628828769,324.6578243525613
181,335666.97614236997,4263043.743,15.938138943843796,324.2398423699737
182,335666.53556189226,4263043.7639999995,18.179967258858824,323.80366189225555
183,335666.1017896708,4263043.785,20.42179557387385,323.3746896707857
184,335665.69078081066,4263043.806521168,22.66362388888888,322.96808081064967
185,335665.260372168,4263043.827368753,24.905452203903906,322.5425721680097
186,335664.8237519833,4263043.848930156,27.14728051891882,322.1103519832792
187,335664.38737413916,4263043.87,29.389108833933847,321.67887413915014
188,335663.9566524615,4263043.890922472,31.630937148948874,321.2525524615305
189,335663.512872048,4263043.912,33.8727654639639,320.8136720480678
190,335663.09729512804,4263043.933,36.11459377897893,320.40249512803126
191,335662.6956463663,4263043.959,38.356422093993956,319.97910761366103
192,335662.2918240755,4263043.9860000005,40.59825040900898,319.5510801728384
193,335661.89797051565,4263044.012183142,42.84007872402401,319.13277894458093
194,335661.492163879,4263044.039,45.08190703903904,318.70302683406834
195,335661.10165194725,4263044.067,47.32373535405395,318.27518600769594
196,335660.7131273103,4263044.097,49.56556366906898,317.83886744150254
197,335660.33143930085,4263044.12694338,51.807391984084006,317.40909592196704
198,335659.9530641159,4263044.156268665,54.049220299099034,316.98272978349024
199,335659.582213519,4263044.186348201,56.29104861411406,316.56269121839586
200,335659.2106348131,4263044.2142118225,58.53287692912909,316.1367229902182
201,335658.8331778081,4263044.242,60.774705244144116,315.70513466016996
202,335658.469607054,4263044.27,63.01653355915914,315.2870879343594
203,335658.08683643455,4263044.298,65.25836187417417,314.8502290349609
204,335657.7058535623,4263044.318,67.50019018918908,314.42455356232296
205,335657.3138774638,4263044.338,69.74201850420411,313.98815372105935
206,335656.9309830316,4263044.358,71.98384681921914,313.56049990913436
207,335656.5508945735,4263044.3780000005,74.22567513423417,313.13607642584486
208,335656.1607803116,4263044.387,76.4675034492492,312.70559398347194
209,335655.78162597155,4263044.391,78.70933176426422,312.28797391598584
210,335655.3818346522,4263044.395,80.95116007927925,311.85025366597534
211,335654.9987063997,4263044.398,83.19298839429428,311.4284391128715
212,335654.60942822526,4263044.396483526,85.4348167093093,310.99856339782446
213,335654.22341556224,4263044.381,87.67664502432422,310.5667775165523
214,335653.8437421084,4263044.365706284,89.91847333933924,310.14149525008435
215,335653.4574627244,4263044.35,92.16030165435427,309.7093826177849
216,335653.0871080542,4263044.335,94.4021299693693,309.2932397569769
217,335652.7005291613,4263044.309184065,96.64395828438433,308.8526868525454
218,335652.33422257885,4263044.282068607,98.88578659939935,308.431484325514
219,335651.9617546111,4263044.256,101.12761491441438,308.00420760129674
220,335651.5733710668,4263044.228999999,103.36944322942941,307.56067500166864
221,335651.22114330245,4263044.206722344,105.61127154444443,307.14845458532903
222,335650.8523565792,4263044.1857605055,107.85309985945946,306.7173410334143
223,335650.49901512667,4263044.164,110.09492817447438,306.30169419066806
224,335650.12035330076,4263044.143122967,112.3367564894894,305.8602377511127
225,335649.754515,4263044.1280000005,114.57858480450443,305.4303274514283
226,335649.38067164755,4263044.1219999995,116.82041311951946,304.9884914274172
227,335649.02690716006,4263044.117,119.06224143453449,304.56672633880424
228,335648.66704543465,4263044.1110000005,121.30406974954951,304.1387149269639
229,335648.30854806356,4263044.106000001,123.54589806456454,303.71204655102486
230,335647.9407495599,4263044.117090876,125.78772637957957,303.28096777117906
231,335647.55204435694,4263044.128955923,128.0295546945946,302.8294104725846
232,335647.2104586538,4263044.14,130.2713830096095,302.4248586538042
233,335646.82690272183,4263044.151000001,132.51321132462454,301.97823629644114
234,335646.4619818789,4263044.17,134.75503963963956,301.54759719618414
235,335646.1076068179,4263044.193049892,136.9968679546546,301.12565692648764
236,335645.753534541,4263044.217,139.23869626966962,300.7037783819534
237,335645.3954513176,4263044.24,141.48052458468464,300.27849375314355
238,335645.018222351,4263044.263050511,143.72235289969967,299.82382133058184
239,335644.68776937545,4263044.287,145.9641812147147,299.39691915828365
240,335644.3628143788,4263044.310834923,148.20600952972973,298.97502707260804
241,335644.0339884369,4263044.334,150.44783784474464,298.5498019385213
242,335643.6930362305,4263044.357,152.68966615975967,298.10872221264566
243,335643.3897012675,4263044.3719999995,154.9314944747747,297.6727864008192
244,335643.0922002581,4263044.387479805,157.17332278978972,297.2431088220273
245,335642.78699050425,4263044.403,159.41515110480475,296.8053709988085
246,335642.5070427525,4263044.4180000005,161.65697941981978,296.393265927976
247,335642.2336194357,4263044.421,163.8988077348348,295.962069335966
248,335641.9559811246,4263044.42,166.14063604984983,295.51946017656786
249,335641.68449652364,4263044.419,168.38246436486486,295.0825971305709
250,335641.4346473956,4263044.419,170.62429267987977,294.6678475512365
251,335641.16604852834,4263044.409558831,172.8661209948948,294.2228103073334
252,335640.9409470126,4263044.388748872,175.10794930990983,293.8047931791937
253,335640.6955925749,4263044.368,177.34977762492485,293.36699916814274
254,335640.4598532119,4263044.347,179.59160593993988,292.9384087325836
255,335640.2124095223,4263044.325171424,181.8334342549549,292.4958666577795
256,335640.0079089996,4263044.296,184.07526256996994,292.0751662262466
257,335639.80762090173,4263044.266617805,186.31709088498496,291.65828636281736
258,335639.5801528723,4263044.237556885,188.5589192,291.21468160969124
259,335639.3614962366,4263044.208000001,190.8007475150149,290.77990359907517
260,335639.1637600933,4263044.179,193.04257583002993,290.34087457898914
261,335638.9724650577,4263044.15,195.28440414504496,289.9052182885157
262,335638.79029620264,4263044.120216369,197.52623246006,289.4786400411456
263,335638.6174324032,4263044.091033632,199.768060775075,289.0613971992281
264,335638.4517525158,4263044.064879602,202.00988909009004,288.6361421669322
265,335638.2867474146,4263044.039443041,204.25171740510507,288.2001322337582
266,335638.1180706348,4263044.014524873,206.4935457201201,287.7605773377698
267,335637.9610485295,4263043.99,208.73537403513512,287.33284618579427
268,335637.8083102791,4263043.967,210.97720235015004,286.9065235365813
269,335637.659297148,4263043.953,213.21903066516506,286.4749761866472
270,335637.4925567072,4263043.938999999,215.4608589801801,286.02615460453495
271,335637.38027921045,4263043.925,217.70268729519512,285.63183694592306
272,335637.22101693257,4263043.912,219.94451561021015,285.19154477429
273,335637.0737120172,4263043.904,222.18634392522517,284.76705678362737
274,335636.90682150854,4263043.896000001,224.4281722402402,284.32267080582983
275,335636.75726055994,4263043.887,226.67000055525523,283.8956134644671
276,335636.6009957319,4263043.879,228.91182887027026,283.46230208798124
277,335636.4407100147,4263043.869,231.15365718528528,283.02904525416966
278,335636.2818178492,4263043.859237519,233.3954855003002,282.5981192131452
279,335636.1241027097,4263043.849060587,235.63731381531522,282.16836017232515
280,335635.97108878917,4263043.839881002,237.87914213033025,281.742886700961
281,335635.8145549297,4263043.824,240.12097044534528,281.3149572024157
282,335635.67021393933,4263043.805,242.3627987603603,280.899087423386
283,335635.5007519075,4263043.786,244.60462707537533,280.45838433571276
284,335635.35641109175,4263043.767,246.84645539039036,280.04249301866764
285,335635.1778728585,4263043.748,249.0882837054054,279.59243680101497
286,335635.0232892144,4263043.728999999,251.33011202042042,279.16622180164285
287,335634.86518762604,4263043.71,253.57194033543533,278.7367228428583
288,335634.7194007503,4263043.691000001,255.81376865045036,278.31951635759606
289,335634.5611800935,4263043.672,258.0555969654654,277.8897039392641
290,335634.3994849789,4263043.653,260.2974252804804,277.45671545728186
291,335634.25894621597,4263043.633,262.53925359549544,277.03472760182666
292,335634.102828433,4263043.613,264.78108191051047,276.59495220500577
293,335633.97790633293,4263043.593490833,267.0229102255255,276.18612425019
294,335633.81432902464,4263043.573282144,269.2647385405405,275.73900653406116
295,335633.6732439051,4263043.553074257,271.50656685555555,275.3143191535985
296,335633.5206148642,4263043.533866043,273.74839517057046,274.87817093760606
297,335633.3783178638,4263043.5139999995,275.9902234855855,274.45234791268336
298,335633.2492821621,4263043.494,278.2320518006005,274.03968556151483
299,335633.09950348886,4263043.485752984,280.47388011561554,273.6078843940045
300,335632.93869941984,4263043.516949836,282.71570843063057,273.17039538642234
301,335632.78373659047,4263043.5481455,284.9575367456456,272.73840539283214
302,335632.6453532594,4263043.5793070095,287.1993650606606,272.3227419027644
303,335632.47397672496,4263043.610548484,289.44119337567565,271.8745406726383
304,335632.3181083884,4263043.6659574285,291.6830216906907,271.46087441620347
305,335632.1375311063,4263043.733691675,293.9248500057056,271.0319481698601
306,335631.94942134747,4263043.800969126,296.1666783207206,270.59549544673314
307,335631.76575276844,4263043.868298494,298.40850663573565,270.1634363809266
308,335631.5917498283,4263043.936272109,300.6503349507507,269.7410443892481
309,335631.41322648193,4263044.004111698,302.8921632657657,269.3142355380393
310,335631.2262688887,4263044.071558072,305.13399158078073,268.87905529805346
311,335631.05192103446,4263044.138798084,307.37581989579576,268.45621041894225
312,335630.8671567156,4263044.206844367,309.6176482108108,268.0232815680609
313,335630.6750157225,4263044.273984485,311.8594765258258,267.5827839886331
314,335630.49617419485,4263044.3422621945,314.1013048408407,267.15566627078226
315,335630.33249610435,4263044.40984382,316.34313315585575,266.74340846343097
316,335630.1378335551,4263044.4774139095,318.5849614708708,266.30063983265444
317,335629.9609389807,4263044.545115381,320.8267897858858,265.8754274519143
318,335629.7714400457,4263044.612701217,323.06861810090084,265.43762359784785
319,335629.5874445469,4263044.68032542,325.31044641591586,265.00511912675114
320,335629.41032654233,4263044.747985817,327.5522747309309,264.57980312901805
321,335629.24644125206,4263044.815259103,329.7941030459459,264.1676416752882
322,335629.04534392676,4263044.883272804,332.03593136096094,263.7181707821067
323,335628.8624281324,4263044.951253827,334.27775967597586,263.2871112944009
324,335628.68249953625,4263045.018465477,336.5195879909909,262.8586514374704
325,335628.5074688495,4263045.085775112,338.7614163060059,262.4353483136198
326,335628.3149809258,4263045.153843274,341.00324462102094,261.99452724402283
327,335628.1497243138,4263045.221,343.24507293603597,261.5809986800617
328,335627.9480654895,4263045.289218556,345.486901251051,261.13092239901
329,335627.77259720187,4263045.35654145,347.728729566066,260.7071623607136
330,335627.5931748865,4263045.424808673,349.97055788108105,260.27924886812303
331,335627.40268746275,4263045.492006167,352.2123861960961,259.84062235365604
332,335627.2494511738,4263045.55970086,354.454214511111,259.4390665311144
333,335627.05228879635,4263045.627682376,356.696042826126,258.99354638247695
334,335626.87237918575,4263045.69497501,358.93787114114104,258.5653641517174
335,335626.6868550899,4263045.763007263,361.1796994561561,258.1316195039159
336,335626.503430456,4263045.830556758,363.4215277711711,257.69983856237246
337,335626.3068600821,4263045.897826895,365.6633560861861,257.25482746434034
338,335626.15046883957,4263045.965555606,367.90518440120115,256.85012412726434
339,335625.963447455,4263046.033396449,370.1470127162162,256.4147770428036
340,335625.7749408553,4263046.101,372.3888410312312,255.97798704109186
341,335625.56274570123,4263046.162945361,374.6306693462461,255.5375587940162
342,335625.3369204627,4263046.213969923,376.87249766126115,255.12025280310078
343,335625.09175140975,4263046.264993627,379.1143259762762,254.68356670590683
344,335624.8542244601,4263046.316000001,381.3561542912912,254.2545309522293
345,335624.60671506595,4263046.367,383.59798260630623,253.81599435394415
346,335624.3876162052,4263046.417150918,385.83981092132126,253.40538418381834
347,335624.1400910795,4263046.469102297,388.0816392363363,252.96634097049235
348,335623.91072603216,4263046.520156929,390.3234675513513,252.54547677728252
349,335623.64785243705,4263046.571,392.56529586636634,252.09137076755104
350,335623.42133831425,4263046.621376574,394.80712418138137,251.6734098521757
351,335623.188159569,4263046.672611045,397.0489524963963,251.2488041069293
352,335622.9599972314,4263046.723232846,399.2907808114113,250.82907270970378
353,335622.70663455245,4263046.774179957,401.53260912642634,250.38463272073548
354,335622.45443597756,4263046.825345469,403.77443744144136,249.94088864976285
355,335622.22431216785,4263046.876397183,406.0162657564564,249.5193617447951
356,335622.0022477117,4263046.927338997,408.2580940714714,249.1057561266982
357,335621.75491866993,4263046.978366149,410.49992238648645,248.6670906900416
358,335621.51345240074,4263047.029226257,412.7417507015015,248.23419988718376
359,335621.25615646306,4263047.080416718,414.9835790165165,247.78556457729118
360,335621.02382997854,4263047.131443786,417.2254073315314,247.36167731731592
361,335620.79446429823,4263047.182470532,419.46723564654644,246.94102922416988
362,335620.5489831025,4263047.23385001,421.70906396156147,246.50394307932478
363,335620.310185539,4263047.284522253,423.9508922765765,246.07398762637618
364,335620.0535778902,4263047.335549339,426.1927205915915,245.62586080103506
365,335619.83278984914,4263047.386426926,428.43454890660655,245.21363830325203
366,335619.5960148568,4263047.437260579,430.6763772216216,244.78541975593316
367,335619.34109241876,4263047.4886293,432.9182055366366,244.33932349973406
368,335619.1087715228,4263047.539656435,435.16003385165163,243.91548320780493
369,335618.86190459755,4263047.59,437.40186216666655,243.47721302396778
370,335618.63680645014,4263047.64155639,439.6436904816816,243.0607711146137
371,335618.39223737456,4263047.692470774,441.8855187966966,242.62480167178188
372,335618.14974896924,4263047.743694482,444.12734711171163,242.19081828138033
373,335617.8955464459,4263047.793787594,446.36917542672666,241.74508103033884
374,335617.6525608718,4263047.844761896,448.6110037417417,241.3109513736981
375,335617.435059818,4263047.8958819825,450.8528320567567,240.90182008902653
376,335617.1752074076,4263047.947,453.09466037177174,240.45070952204304
377,335616.95028580824,4263047.997892675,455.33648868678677,240.03425803567504
378,335616.70076540846,4263048.048911083,457.5783170018017,239.59321218567715
379,335616.4595788081,4263048.1,459.8201453168167,239.16094095595014
380,335616.2126589266,4263048.150971697,462.06197363183173,238.72258346149832
381,335615.9892602106,4263048.201998762,464.30380194684676,238.30766565854168
382,335615.74441306054,4263048.253025835,466.5456302618618,237.87130972221314
383,335615.4993461571,4263048.304050579,468.7874585768768,237.43512361035602
384,335615.2079565663,4263048.353052396,471.02928689189184,236.9945041696881
385,335614.8796268461,4263048.398921187,473.27111520690687,236.57317659098433
386,335614.5319458651,4263048.445792413,475.5129435219219,236.13285724549922
387,335614.1955936625,4263048.491330434,477.7547718369369,235.70356322937397
388,335613.8650708585,4263048.53762215,479.99660015195195,235.2800776981892
389,335613.5256736554,4263048.583522216,482.238428466967,234.84788144422998
390,335613.1871300558,4263048.629717312,484.480256781982,234.41641274351258
391,335612.8353771487,4263048.676,486.72208509699703,233.97188405659844
392,335612.502503711,4263048.722220633,488.96391341201183,233.54598450854206
393,335612.1593043312,4263048.76802029,491.20574172702686,233.1099637521858
394,335611.8413475615,4263048.814021352,493.4475700420419,232.69920699261334
395,335611.483793859,4263048.86091954,495.6893983570569,232.248554779987
396,335611.1379664548,4263048.9065302005,497.93122667207194,231.8101013546278
397,335610.79828325624,4263048.952720114,500.17305498708697,231.37744302834415
398,335610.4691759683,4263048.999,502.414883302102,230.95561566411806
399,335610.1241052488,4263049.045446643,504.656711617117,230.5174799486287
400,335609.78683566337,4263049.091420242,506.89853993213205,230.08729518097834
401,335609.4449039584,4263049.137318429,509.1403682471471,229.652639729649
402,335609.10533408116,4263049.183597355,511.3821965621621,229.22023540329656
403,335608.7763094916,4263049.229203438,513.6240248771771,228.7981060531384
404,335608.4148948161,4263049.276017306,515.8658531921922,228.34406020350056
405,335608.0868108472,4263049.322,518.1076815072072,227.92287813154942
406,335607.739201942,4263049.367818077,520.3495098222222,227.4827475941668
407,335607.4224506013,4263049.414716443,522.5913381372372,227.07291771428575
408,335607.06759913126,4263049.460617337,524.8331664522523,226.625155787089
409,335606.74205108406,4263049.506583602,527.0749947672673,226.20661764337964
410,335606.38486338453,4263049.552417172,529.3168230822821,225.75662904022923
411,335606.0553602296,4263049.598316171,531.5586513972971,225.3343698019118
412,335605.72619066224,4263049.645108568,533.8004797123122,224.91248438387044
413,335605.3734007158,4263049.691000001,536.0423080273272,224.4664857066307
414,335605.0392739956,4263049.737016226,538.2841363423422,224.03974154201887
415,335604.6965524051,4263049.783,540.5259646573572,223.60398259136
416,335604.3600677655,4263049.829686625,542.7677929723723,223.1748498027638
417,335604.0228901286,4263049.875715062,545.0096212873873,222.74463151153617
418,335603.68638788606,4263049.921547842,547.2514496024023,222.31519220117386
419,335603.34127134504,4263049.967513878,549.4932779174173,221.87739497733548
420,335603.0053141805,4263050.01417238,551.7351062324324,221.44845561001
421,335602.6580752904,4263050.060313459,553.9769345474474,221.00839164317608
422,335602.2548338075,4263050.102,556.2187628624624,220.5629338075285
423,335601.85970198194,4263050.140047958,558.4605911774775,220.16590198196133
424,335601.42124686856,4263050.178884584,560.7024194924925,219.72594686851346
425,335600.9874478582,4263050.2177616535,562.9442478075075,219.2901478582022
426,335600.5579311466,4263050.255619402,565.1860761225225,218.85873114658216
427,335600.12163844664,4263050.294,567.4279044375376,218.42093844663935
428,335599.6805554854,4263050.332534965,569.6697327525524,217.97795548537457
429,335599.24858751975,4263050.371192703,571.9115610675674,217.54398751976095
430,335598.83106996847,4263050.409050161,574.1533893825824,217.12496996848128
431,335598.38551037724,4263050.447906399,576.3952176975974,216.67751037727464
432,335597.9626101916,4263050.4860000005,578.6370460126125,216.25261019158825
433,335597.51879524224,4263050.5246216105,580.8788743276275,215.8073952422682
434,335597.07874788035,4263050.563,583.1207026426425,215.3653478803605
435,335596.6430832259,4263050.601336639,585.3625309576576,214.92811490626264
436,335596.209463651,4263050.64,587.6043592726726,214.49266365103406
437,335595.7858710304,4263050.678,589.8461875876876,214.06707103044536
438,335595.3538187519,4263050.716906162,592.0880159027026,213.63361875190003
439,335594.931260276,4263050.754764838,594.3298442177177,213.20906027598795
440,335594.4964733933,4263050.7930000005,596.5716725327327,212.772373393286
441,335594.05425068404,4263050.8319999995,598.8135008477477,212.32865068405187
442,335593.6277825314,4263050.870338037,601.0553291627627,211.90028253139187
443,335593.1920929038,4263050.908991532,603.2971574777778,211.46259290373482
444,335592.76877976576,4263050.947051031,605.5389857927928,211.03777976572928
445,335592.3278097192,4263050.985909583,607.7808141078078,210.59490971921323
446,335591.90361044975,4263051.024,610.0226424228229,210.16871044975125
447,335591.46743596485,4263051.062624803,612.2644707378377,209.7311359648688
448,335591.04235874926,4263051.101,614.5062990528527,209.30405874924554
449,335590.6022662015,4263051.139145843,616.7481273678677,208.86249328007378
450,335590.16906639806,4263051.177196129,618.9899556828827,208.42736639806128
451,335589.7335376196,4263051.216054462,621.2317839978978,207.98983761960207
452,335589.2943704822,4263051.254,623.4736123129128,207.54927048221404
453,335588.8758808586,4263051.292769901,625.7154406279278,207.12878085866723
454,335588.43810944183,4263051.331626245,627.9572689429428,206.68910944179672
455,335588.0040753508,4263051.369118769,630.1990972579579,206.25357535082398
456,335587.5673506846,4263051.408,632.4409255729729,205.81495068463374
457,335587.13349724433,4263051.446198095,634.6827538879879,205.37909724434456
458,335586.70637621364,4263051.485056531,636.924582203003,204.95047621365902
459,335586.2667499262,4263051.522915,639.166410518018,204.50894992618953
460,335585.8368512215,4263051.561770226,641.408238833033,204.07716610883435
461,335585.38863303873,4263051.6,643.650067148048,203.6274330387253
462,335584.9632373698,4263051.638082207,645.8918954630631,203.20003736979143
463,335584.52706496435,4263051.677,648.1337237780781,202.76229446892157
464,335584.0935814958,4263051.7151993215,650.3755520930931,202.32698149582933
465,335583.6496833466,4263051.734,652.6173804081079,201.88308334667005
466,335583.2074061887,4263051.731093795,654.859208723123,201.44280618868655
467,335582.77239541395,4263051.728999999,657.101037038138,201.0100196054541
468,335582.3503974903,4263051.726,659.342865353153,200.5900974902675
469,335581.904411459,4263051.723999999,661.584693668168,200.1461114590182
470,335581.461735862,4263051.721,663.826521983183,199.70543586201995
471,335581.016513848,4263051.718,666.0683502981981,199.26211384797773
472,335580.5925900484,4263051.716,668.3101786132131,198.8401958931319
473,335580.141836108,4263051.713,670.5520069282281,198.39183610797454
474,335579.70923330035,4263051.71,672.7938352432432,197.96123330034914
475,335579.2709445619,4263051.708000001,675.0356635582582,197.52484456193233
476,335578.8259095531,4263051.705,677.2774918732732,197.08180955307176
477,335578.3773711812,4263051.702,679.5193201882882,196.63517118125586
478,335577.944009037,4263051.699,681.7611485033033,196.204309036994
479,335577.51452678634,4263051.697,684.0029768183183,195.77672678631575
480,335577.0697642293,4263051.694,686.2448051333333,195.33396422924417
481,335576.6437771262,4263051.692,688.4866334483484,194.90987712621035
482,335576.2084182699,4263051.688999999,690.7284617633634,194.47651826985256
483,335575.7495302465,4263051.686000001,692.9702900783782,194.0198995715955
484,335575.3292500393,4263051.683999999,695.2121183933932,193.6017500393408
485,335574.88500149973,4263051.681,697.4539467084082,193.15940149970018
486,335574.44113204826,4263051.678,699.6957750234233,192.71753204822664
487,335573.9876050866,4263051.676,701.9376033384383,192.26590508661218
488,335573.57434205187,4263051.673,704.1794316534533,191.85464205186125
489,335573.1228980302,4263051.67,706.4212599684683,191.40559803017157
490,335572.67826753634,4263051.667370368,708.6630882834834,190.962967536329
491,335572.24883252213,4263051.665,710.9049165984984,190.53543252212395
492,335571.81256043323,4263051.662,713.1467449135134,190.10116043325712
493,335571.36761103984,4263051.66,715.3885732285285,189.65811103985527
494,335570.9212119767,4263051.657,717.6304015435435,189.2140839196437
495,335570.4888460023,4263051.654,719.8722298585585,188.78374600231734
496,335570.0577688828,4263051.652,722.1140581735735,188.35466888278677
497,335569.6120031973,4263051.649,724.3558864885886,187.91080319729676
498,335569.17005061574,4263051.646000001,726.5977148036036,187.47085061578298
499,335568.7385214848,4263051.643999999,728.8395431186186,187.04122214109827
500,335568.30666203354,4263051.641,731.0813714336336,186.61186203357377
501,335567.84248599375,4263051.638,733.3231997486484,186.1495859937117
502,335567.41417453845,4263051.636,735.5650280636635,185.72327453846353
503,335566.96287602396,4263051.633,737.8068563786785,185.2738760239716
504,335566.54851589346,4263051.63,740.0486846936935,184.86151589350948
505,335566.0979418556,4263051.617889174,742.2905130087086,184.4064864430202
506,335565.6665150603,4263051.589,744.5323413237236,183.95953344854698
507,335565.25629624573,4263051.5595732,746.7741696387386,183.5335962457492
508,335564.8350492215,4263051.530329536,749.0159979537536,183.09691398914111
509,335564.4079602958,4263051.501475275,751.2578262687687,182.65456029581338
510,335563.98403981776,4263051.472,753.4996545837837,182.21510174057408
511,335563.56915857823,4263051.443,755.7414828987987,181.78476912203857
512,335563.1501100527,4263051.413915156,757.9833112138137,181.35026763111864
513,335562.724616965,4263051.385,760.2251395288288,180.90922955596952
514,335562.29966693843,4263051.355855998,762.4669678438438,180.468566938439
515,335561.88208344457,4263051.3263558475,764.7087961588588,180.03556136847865
516,335561.4718245356,4263051.297,766.9506244738739,179.61002453555443
517,335561.0387543286,4263051.268648965,769.1924527888889,179.16161391487327
518,335560.6084776421,4263051.239,771.4342811039039,178.71571554016467
519,335560.1970435829,4263051.209940931,773.6761094189189,178.28881404849017
520,335559.7610550352,4263051.181,775.9179377339337,177.83730157470094
521,335559.3693125669,4263051.152,778.1597660489488,177.42982226462502
522,335558.9327640449,4263051.1227691565,780.4015943639638,176.97804862331114
523,335558.51159118884,4263051.093527094,782.6434226789788,176.54139118883316
524,335558.09191650886,4263051.064674051,784.8852509939938,176.10611650884425
525,335557.6728715397,4263051.035,787.1270793090089,175.67174552181098
526,335557.23915968504,4263051.006,789.3689076240239,175.22254223766117
527,335556.80823847867,4263050.977122136,791.6107359390389,174.77609954707233
528,335556.4156937814,4263050.948,793.852564254054,174.36791393311972
529,335555.97550809925,4263050.9184064455,796.094392569069,173.9122113220762
530,335555.54759214324,4263050.889552329,798.336220884084,173.46899214324233
531,335555.1379781347,4263050.860734927,800.578049199099,173.04377813469458
532,335554.7108637504,4263050.83177344,802.8198775141141,172.6013504709494
533,335554.2874522333,4263050.802,805.0617058291291,172.1624491845956
534,335553.85334156465,4263050.773,807.3035341441441,171.71274156466922
535,335553.45181006263,4263050.744,809.5453624591592,171.29557975536528
536,335553.0180381477,4263050.715,811.7871907741742,170.8463537980328
537,335552.60817175556,4263050.685626885,814.0290190891892,170.42117175556103
538,335552.1797985022,4263050.656724586,816.270847404204,169.97719850216382
539,335551.7657351919,4263050.627,818.512675719219,169.54784479532873
540,335551.33962693374,4263050.598042533,820.7545040342341,169.1062269337059
541,335550.9059770087,4263050.569187887,822.9963323492491,168.65707095193738
542,335550.4950513497,4263050.54019453,825.2381606642641,168.2305291615972
543,335550.07544699655,4263050.511,827.4799889792791,167.79540269991128
544,335549.65062700433,4263050.481604824,829.7218172942942,167.35522700434484
545,335549.21628130414,4263050.452750465,831.9636456093092,166.90528130414458
546,335548.7910329921,4263050.423859192,834.2054739243242,166.46476258835366
547,335548.3625387688,4263050.395,836.4473022393393,166.02076038065704
548,335547.9332899223,4263050.368222471,838.6891305543543,165.5859786865126
549,335547.48370056745,4263050.352290443,840.9309588693693,165.16175534592824
550,335547.0093240435,4263050.336,843.1727871843843,164.71268195647738
551,335546.5436456902,4263050.32,845.4146154993994,164.2728298734419
552,335546.0785798712,4263050.304,847.6564438144144,163.83308085869828
553,335545.48203931766,4263050.288,849.8982721294294,163.2619036977252
554,335545.0608609104,4263050.272,852.1401004444444,162.86602396288936
555,335544.6843719818,4263050.256,854.3819287594595,162.51483908124254
556,335544.1542475577,4263050.24,856.6237570744743,162.01037918480992
557,335543.72014153865,4263050.223999999,858.8655853894893,161.60168467923398
558,335543.3029291541,4263050.208000001,861.1074137045043,161.20979838788725
559,335542.8328033141,4263050.191745141,863.3492420195194,160.7650307439192
560,335542.3792979692,4263050.175943512,865.5910703345344,160.33682621346284
561,335541.90744753793,4263050.159126569,867.8328986495494,159.8907842535521
562,335541.43478211196,4263050.143310581,870.0747269645644,159.4434268212759
563,335540.98674309644,4263050.127,872.3165552795795,159.02076881572032
564,335540.5202700174,4263050.1110000005,874.5583835945945,158.57959807396267
565,335540.06620324805,4263050.095,876.8002119096095,158.1509457642192
566,335539.5914804111,4263050.079,879.0420402246245,157.7019187702958
567,335539.13324333134,4263050.063,881.2838685396396,157.268953105152
568,335538.6678858343,4263050.047,883.5256968546546,156.82891991076872
569,335538.17986865947,4263050.031,885.7675251696696,156.3661903595403
570,335537.7427630437,4263050.015,888.0093534846847,155.95446487140683
571,335537.25944112684,4263049.999,890.2511817996997,155.49656105588366
572,335536.7975288985,4263049.982720149,892.4930101147147,155.06036882411274
573,335536.3344424519,4263049.966961309,894.7348384297297,154.62256179713017
574,335535.88410596637,4263049.950013788,896.9766667447448,154.1975990721486
575,335535.4071211139,4263049.934160363,899.2184950597596,153.74594093210106
576,335534.94374175265,4263049.9180000005,901.4603233747746,153.30804175268636
577,335534.4727014103,4263049.902217451,903.7021516897896,152.86221443000093
578,335534.0046948695,4263049.886,905.9439800048046,152.4198937524281
579,335533.5446505945,4263049.87,908.1858083198197,151.98517546247766
580,335533.0905445967,4263049.853999999,910.4276366348347,151.55634459671847
581,335532.62398564554,4263049.838,912.6694649498497,151.11516337060843
582,335532.1579202646,4263049.822,914.9112932648648,150.67482933530917
583,335531.6989922979,4263049.806,917.1531215798798,150.24099229794095
584,335531.23452063295,4263049.79,919.3949498948948,149.80217817773234
585,335530.7659591585,4263049.773632062,921.6367782099098,149.35894312793258
586,335530.3055885335,4263049.758,923.8786065249249,148.924250496152
587,335529.8303005815,4263049.741498302,926.1204348399399,148.47410126087928
588,335529.3659176883,4263049.72507287,928.3622631549549,148.03528125299695
589,335528.90345021343,4263049.709,930.60409146997,147.5982502134103
590,335528.3940896625,4263049.693,932.845919784985,147.11403020611033
591,335527.97576395114,4263049.677,935.0877481,146.7211067253824
592,335527.49918302573,4263049.661,937.329576415015,146.27023125616182
593,335527.05786616245,4263049.645,939.5714047300298,145.85436183037035
594,335526.5775319887,4263049.629,941.8132330450449,145.39933198867266
595,335526.1180256737,4263049.613,944.0550613600599,144.96522567375843
596,335525.65838901594,4263049.597,946.2968896750749,144.53086446839416
597,335525.1929121781,4263049.581,948.5387179900899,144.09081217810268
598,335524.71729366813,4263049.564773489,950.780546305105,143.640706923904
599,335524.23213520856,4263049.528682658,953.02237462012,143.1938525501495
600,335523.7452648872,4263049.492818658,955.264202935135,142.74585555809577
601,335523.2236537477,4263049.456,957.50603125015,142.2628625454347
602,335522.6977281887,4263049.42,959.7478595651651,141.77573275009019
603,335522.33136260556,4263049.383233155,961.9896878801801,141.44832945027403
604,335521.832267462,4263049.347,964.2315161951951,140.9877860132758
605,335521.37076060363,4263049.31050882,966.4733445102102,140.56505178368624
606,335520.9001434599,4263049.274646221,968.7151728252252,140.13339723900165
607,335520.40849931794,4263049.237784484,970.9570011402402,139.68021483326604
608,335519.92900152697,4263049.201644572,973.1988294552552,139.2395015270073
609,335519.4586043954,4263049.165060151,975.4406577702703,138.8081442441115
610,335518.9700271436,4263049.129,977.6824860852853,138.35807388483232
611,335518.50581101666,4263049.092867191,979.9243144003001,137.93266414026746
612,335518.0304178717,4263049.056,982.1661427153151,137.49611236721796
613,335517.5412592207,4263049.02,984.4079710303301,137.04567655743978
614,335517.0597750827,4263048.983301659,986.6497993453452,136.6031242533235
615,335516.5934166904,4263048.947,988.8916276603602,136.1754166903945
616,335516.10780763323,4263048.911,991.1334559753752,135.72840763325263
617,335515.6209065919,4263048.874195772,993.3752842903903,135.28041081949888
618,335515.1591007239,4263048.838,995.6171126054053,134.85729114319608
619,335514.67233463324,4263048.801636723,997.8589409204203,134.40931627187265
620,335514.1969946899,4263048.765,1000.1007692354353,133.97290573481405
621,335513.71211476094,4263048.728999999,1002.3425975504504,133.5266147609222
622,335513.2389133808,4263048.692,1004.5844258654654,133.0921324421961
623,335512.7494455905,4263048.656,1006.8262541804804,132.6415621539614
624,335512.269260872,4263048.62,1009.0680824954954,132.2002869309613
625,335511.80680769874,4263048.583000001,1011.3099108105105,131.77642318092586
626,335511.3265365911,4263048.547,1013.5517391255255,131.33504912257646
627,335510.840555897,4263048.510515362,1015.7935674405405,130.88769821569625
628,335510.3602507312,4263048.473999999,1018.0353957555556,130.44594727316823
629,335509.8751924431,4263048.438,1020.2772240705706,129.99969244307823
630,335509.4001544056,4263048.401931876,1022.5190523855854,129.56378846726523
631,335508.9138364411,4263048.365,1024.7608807006004,129.11588015745104
632,335508.44613813673,4263048.329,1027.0027090156154,128.6872075134704
633,335507.9714603862,4263048.291999999,1029.2445373306305,128.25139514347245
634,335507.50812815427,4263048.24356167,1031.4863656456455,127.80502815428096
635,335507.059427424,4263048.187,1033.7281939606605,127.36072742399453
636,335506.61859529634,4263048.13,1035.9700222756755,126.92429529638748
637,335506.03062564804,4263048.073,1038.2118505906906,126.34072564807053
638,335505.5007889156,4263048.017,1040.4536789057056,125.81478891564306
639,335505.227671356,4263047.96,1042.6955072207206,125.54607135598563
640,335504.67640082684,4263047.903,1044.9373355357357,124.99920082683231
641,335504.3479248097,4263047.846599033,1047.1791638507507,124.6747851963172
642,335503.9599374289,4263047.789443737,1049.4209921657657,124.2910374288788
643,335503.50386557623,4263047.733,1051.6628204807807,123.83926557619425
644,335503.0693095478,4263047.67684821,1053.9046487957958,123.40910954777453
645,335502.58877485036,4263047.62,1056.1464771108108,122.9324748503766
646,335501.93882017926,4263047.563,1058.3883054258258,122.28692017926797
647,335501.6423312807,4263047.506,1060.6301337408408,121.99483128064938
648,335501.28639216354,4263047.449580371,1062.8719620558556,121.64329216354095
649,335500.85063417145,4263047.392903749,1065.1137903708707,121.21143417150097
650,335500.3590391557,4263047.336138466,1067.3556186858857,120.72423915569355
651,335499.54102994566,4263047.279831606,1069.5974470009007,119.91062994563262
652,335499.1462013488,4263047.222925239,1071.8392753159158,119.52020134883941
653,335498.8469486045,4263047.166193947,1074.0811036309308,119.22484860453275
654,335498.3274605541,4263047.109008012,1076.3229319459458,118.70976055407576
655,335498.0535716532,4263047.052592458,1078.5647602609608,118.44027165317368
656,335497.6802140769,4263046.99645836,1080.8065885759759,118.07108489690532
657,335497.27415766445,4263046.939077318,1083.048416890991,117.66915766444998
658,335496.84705954295,4263046.882886337,1085.290245206006,117.24645954294155
659,335496.3976917896,4263046.825867116,1087.532073521021,116.801491789578
660,335495.7497112465,4263046.769106288,1089.773901836036,116.15741124652637
661,335495.2838753477,4263046.712124392,1092.015730151051,115.695975347697
662,335494.99593931343,4263046.656,1094.257558466066,115.41243931343854
663,335494.18434502743,4263046.599475202,1096.499386781081,114.6052450274612
664,335493.8970022803,4263046.542023318,1098.741215096096,114.32180228028943
665,335493.24153145764,4263046.4859340945,1100.983043411111,113.6707314576203
666,335492.8192708297,4263046.429,1103.224871726126,113.25287082969294
667,335492.47970296274,4263046.372004412,1105.466700041141,112.91770296277863
668,335492.176856622,4263046.315221391,1107.708528356156,112.61875662198749
669,335491.9004878489,4263046.259,1109.950356671171,112.34678784891163
670,335491.5152795182,4263046.202497414,1112.192184986186,111.9659795181851
671,335491.07997488114,4263046.145950147,1114.434013301201,111.53507488118528
672,335490.6304560738,4263046.089,1116.675841616216,111.08945607378169
673,335490.17037585523,4263046.031786799,1118.917669931231,110.63377585526352
674,335489.744788807,4263045.9759037895,1121.1594982462461,110.21258880698852
675,335489.2844387124,4263045.919106781,1123.4013265612612,109.75658532217764
676,335488.86227417307,4263045.862,1125.6431548762762,109.33837417308754
677,335488.40526915615,4263045.805497404,1127.8849831912912,108.88576915616966
678,335487.9613794092,4263045.749,1130.1268115063062,108.44627940916271
679,335487.51387215545,4263045.692,1132.3686398213213,108.00267215544264
680,335487.0798538126,4263045.634765901,1134.6104681363363,107.573053812629
681,335486.6361968436,4263045.581920343,1136.8522964513513,107.12935701537805
682,335486.1806969069,4263045.540068536,1139.0941247663663,106.65819690686567
683,335485.7684378228,4263045.498,1141.3359530813814,106.23033782283858
684,335485.3280628827,4263045.456,1143.5777813963962,105.77436288268795
685,335484.8923184583,4263045.414,1145.8196097114112,105.32301845833763
686,335484.49041663494,4263045.372244833,1148.0614380264262,104.90553905170896
687,335483.9868930794,4263045.33,1150.3032663414413,104.38672058331959
688,335483.6324687514,4263045.288,1152.5450946564563,104.01669871679917
689,335483.2287645932,4263045.246079605,1154.7869229714713,103.59746459320343
690,335482.80291039456,4263045.204169626,1157.0287512864863,103.15591039458047
691,335482.2376168067,4263045.162616877,1159.2705796015014,102.57501680671737
692,335481.8080971868,4263045.120991472,1161.5124079165164,102.1298971867599
693,335481.531713406,4263045.079,1163.7542362315314,101.83809156808637
694,335481.0966642739,4263045.036952393,1165.9960645465464,101.38764047057937
695,335480.64848135767,4263044.994879815,1168.2378928615615,100.92382126501964
696,335480.23460425076,4263044.953,1170.4797211765765,100.49440425075832
697,335479.68520979036,4263044.911144904,1172.7215494915915,99.92938224223525
698,335479.40190149477,4263044.869,1174.9633778066066,99.63040149480389
699,335478.9717489964,4263044.827,1177.2052061216216,99.18467697443441
700,335478.5598067776,4263044.785451231,1179.4470344366366,98.75733239290648
701,335477.83572796616,4263044.743,1181.6888627516516,98.01782796612292
702,335477.1615682417,4263044.701,1183.9306910666667,97.32801567690247
703,335476.795547145,4263044.6591102965,1186.1725193816815,96.94644714502687
704,335476.3942006696,4263044.617221301,1188.4143476966965,96.52958919017728
705,335476.01222256024,4263044.575930697,1190.6561760117115,96.13182256021581
706,335475.82607641787,4263044.534,1192.8980043267266,95.9305764178633
707,335475.2881041965,4263044.4915189,1195.1398326417416,95.37676364653895
708,335475.0386976222,4263044.45,1197.3816609567566,95.11189762218403
709,335474.6838074157,4263044.40785808,1199.6234892717716,94.74140741570345
710,335474.2976533464,4263044.366,1201.8653175867867,94.33965334640455
711,335473.8427414321,4263044.324246983,1204.1071459018017,93.86926492373594
712,335473.4428143544,4263044.28209496,1206.3489742168167,93.4535618344773
713,335473.02393080323,4263044.24,1208.5908025318317,93.01953080323435
714,335472.5968072998,4263044.198,1210.8326308468468,92.57659273651664
715,335472.1727575057,4263044.156,1213.0744591618618,92.13715750565434
716,335471.7517829063,4263044.114989349,1215.3162874768768,91.70047758057875
717,335471.3142552424,4263044.073,1217.5581157918919,91.24735524244514
718,335470.9003822037,4263044.030279389,1219.7999441069069,90.81802189797824
719,335470.4341637252,4263043.989,1222.041772421922,90.33614325100847
720,335470.0508395527,4263043.947,1224.283600736937,89.93753955266585
721,335469.55843313545,4263043.905,1226.5254290519517,89.42953313544074
722,335469.1829547185,4263043.863,1228.7672573669668,89.03845471848928
723,335468.75044822064,4263043.821,1231.0090856819818,88.59024822063446
724,335468.3354609669,4263043.779,1233.2509139969968,88.15966096686331
725,335467.9095909557,4263043.741,1235.4927423120118,87.72449095569377
726,335467.4837819056,4263043.703,1237.7345706270269,87.289481905663
727,335467.04504477215,4263043.665,1239.976398942042,86.84145501321284
728,335466.6091699216,4263043.626725788,1242.218227257057,86.39663281547077
729,335466.16803795885,4263043.588668758,1244.460055572072,85.946337958849
730,335465.74826005596,4263043.551,1246.701883887087,85.51726005591284
731,335465.321659106,4263043.512,1248.943712202102,85.0817328473366
732,335464.87818220956,4263043.4744103765,1251.185540517117,84.62918220952271
733,335464.45533617685,4263043.436138563,1253.427368832132,84.19703617686561
734,335464.02038147487,4263043.39819252,1255.669197147147,83.75287773511957
735,335463.5935175996,4263043.36,1257.9110254621621,83.31703356290424
736,335463.11285487894,4263043.3221598035,1260.1528537771771,82.82725487893315
737,335462.7019802299,4263043.284,1262.3946820921922,82.40708022990178
738,335462.29974299,4263043.246051723,1264.6365104072072,81.99604299003188
739,335461.8631405225,4263043.208000001,1266.878338722222,81.55014052249679
740,335461.40063199424,4263043.17,1269.120167037237,81.07833199422441
741,335460.9938614716,4263043.132,1271.361995352252,80.66248223165515
742,335460.57415624236,4263043.094,1273.603823667267,80.23383941454344
743,335460.1266543118,4263043.055778031,1275.845651982282,79.77705431174444
744,335459.4898233621,4263043.018,1278.0874802972971,79.13092336212245
745,335459.1647209043,4263042.98,1280.3293086123122,78.7970209043016
746,335458.83866443473,4263042.942,1282.5711369273272,78.46166443474488
747,335458.3997506032,4263042.903533737,1284.8129652423422,78.01355060315642
748,335457.61752984463,4263042.865605584,1287.0547935573572,77.22233263682263
749,335457.368607951,4263042.828,1289.2966218723723,76.96430795100598
750,335456.61619029345,4263042.789821558,1291.5384501873873,76.20259029340224
751,335456.24955973437,4263042.751,1293.7802785024023,75.82665973436043
752,335455.9881202429,4263042.713152338,1296.0221068174174,75.55652024285676
753,335455.27793805883,4263042.676,1298.2639351324324,74.83703805882817
754,335454.8338628022,4263042.63763556,1300.5057634474474,74.38366280217178
755,335454.63279346225,4263042.599392431,1302.7475917624624,74.17348967808758
756,335454.08992327354,4263042.561391382,1304.9894200774775,73.62162327352294
757,335453.7365670949,4263042.522936802,1307.2312483924923,73.25906709495382
758,335453.270404162,4263042.485,1309.4730767075073,72.78360416199922
759,335452.72661008313,4263042.447196115,1311.7149050225223,72.23101008309321
760,335452.47809879435,4263042.409,1313.9567333375373,71.97319879436314
761,335452.1619851138,4263042.371,1316.1985616525524,71.64778511382094
762,335451.42076224874,4263042.333000001,1318.4403899675674,70.8975946461215
763,335451.2443235334,4263042.296,1320.6822182825824,70.71238142052555
764,335450.8723060218,4263042.27,1322.9240465975975,70.33570602180671
765,335450.55758266133,4263042.243,1325.1658749126125,70.01658266129095
766,335450.165923347,4263042.216,1327.4077032276275,69.62002334695036
767,335449.43758477736,4263042.188999999,1329.6495315426425,68.88728477734267
768,335449.2076012798,4263042.162,1331.8913598576576,68.65240127977448
769,335448.8734899458,4263042.135,1334.1331881726726,68.31388994580179
770,335448.42633579223,4263042.108639807,1336.3750164876876,67.86233579220516
771,335447.84525876096,4263042.0819999995,1338.6168448027026,67.27645876094348
772,335447.48930248467,4263042.055,1340.8586731177177,66.91610248470279
773,335446.93275552994,4263042.028,1343.1005014327327,66.35465552997395
774,335446.6458394886,4263042.001386539,1345.3423297477477,66.06333948857072
775,335446.23349567864,4263041.975,1347.5841580627628,65.64659567866575
776,335445.74891557475,4263041.948,1349.8259863777776,65.15711557473051
777,335445.3755437193,4263041.921,1352.0678146927926,64.77934371924198
778,335444.9145320572,4263041.893999999,1354.3096430078076,64.31343205715811
779,335444.5109811624,4263041.86704714,1356.5514713228226,63.905481162433006
780,335443.615595267,4263041.840578179,1358.7932996378377,63.00548435631978
781,335443.4295773744,4263041.813481055,1361.0351279528527,62.81487737445782
782,335443.1742499166,4263041.787,1363.2769562678677,62.55514991660442
783,335442.758280991,4263041.76,1365.5187845828827,62.13428099101132
784,335442.3030641552,4263041.733,1367.7606128978978,61.6746641552042
785,335441.81472274056,4263041.70695759,1370.0024412129128,61.18142274054629
786,335441.2267061716,4263041.68,1372.2442695279278,60.5890061715632
787,335440.65356303856,4263041.653,1374.4860978429429,60.011463038543326
788,335440.26394955436,4263041.626,1376.7279261579579,59.61694955437948
789,335439.5375975424,4263041.598999999,1378.969754472973,58.8861975424285
790,335439.45539811766,4263041.572347172,1381.211582787988,58.79909811769709
791,335439.24474024784,4263041.545752423,1383.453411103003,58.58414024781402
792,335438.8130636538,4263041.518999999,1385.695239418018,58.148063653852255
793,335437.76627550775,4263041.492,1387.937067733033,57.09637550775313
794,335437.44630809553,4263041.465115462,1390.1788960480478,56.77200809549249
795,335437.07586364483,4263041.438,1392.4207243630628,56.39666364484538
796,335436.43765724683,4263041.4116870845,1394.6625526780779,55.75405724683349
797,335436.0946160069,4263041.385,1396.904380993093,55.40636020970208
798,335435.5710589244,4263041.358,1399.146209308108,54.87815892440593
799,335435.06858352484,4263041.331,1401.388037623123,54.3712835248636
800,335434.775468934,4263041.304287314,1403.629865938138,54.073368933975864
801,335434.64780204813,4263041.27725518,1405.871694253153,53.941302048151684
802,335434.0505124597,4263041.250949661,1408.113522568168,53.33911245974857
803,335433.84295049356,4263041.223999999,1410.355350883183,53.12715049353135
804,335433.51309793023,4263041.197,1412.597179198198,52.79273509301448
805,335433.1486654565,4263041.17,1414.8390075132131,52.423565456549284
806,335432.6161241987,4263041.143999999,1417.0808358282281,51.88662419867786
807,335432.1655670817,4263041.142,1419.3226641432432,51.4336670816979
808,335431.6553841919,4263041.1389999995,1421.5644924582582,50.920984191900345
809,335431.38442492235,4263041.137,1423.8063207732732,50.64762492231224
810,335430.9300155892,4263041.134,1426.0481490882883,50.19071558921559
811,335430.49823682493,4263041.132,1428.2899774033033,49.75653682494674
812,335429.8742587728,4263041.129,1430.531805718318,49.13015877283689
813,335429.1090886888,4263041.126,1432.773634033333,48.36248868879624
814,335428.87143647944,4263041.124,1435.0154623483481,48.122436479442
815,335428.71559618413,4263041.121,1437.2572906633632,47.964111179197566
816,335428.2936641762,4263041.119,1439.4991189783782,47.53996980084628
817,335427.7688209105,4263041.116,1441.7409472933932,47.012920910515845
818,335427.2473791978,4263041.114,1443.9827756084082,46.48906599738169
819,335426.75275668857,4263041.1110000005,1446.2246039234233,45.992056688563835
820,335426.4046841213,4263041.109,1448.4664322384383,45.64148412130035
821,335426.0869398202,4263041.106000001,1450.7082605534533,45.32133982019832
822,335425.63772264624,4263041.103999999,1452.9500888684684,44.86962264624983
823,335425.2120868703,4263041.101,1455.1919171834834,44.44158687030522
824,335424.7666909165,4263041.098472367,1457.4337454984984,43.993790916533555
825,335424.01208330976,4263041.096,1459.6755738135134,43.23668330975335
826,335423.8758967761,4263041.094,1461.9174021285285,43.098096776086514
827,335423.4448015193,4263041.091,1464.1592304435435,42.66450151931031
828,335423.0036776658,4263041.088,1466.4010587585585,42.220977665823646
829,335422.5640432909,4263041.086,1468.6428870735735,41.778843290940856
830,335422.1327786939,4263041.083000001,1470.8847153885886,41.34517869394857
831,335421.6861103838,4263041.081,1473.1265437036034,40.896110383815135
832,335421.26208671794,4263041.078,1475.3683720186184,40.46958671793196
833,335420.8069745616,4263041.076,1477.6102003336334,40.01207456162387
834,335420.3639058367,4263041.073,1479.8520286486485,39.56650583670726
835,335419.89498900017,4263041.071,1482.0938569636635,39.09518900020326
836,335418.82567378547,4263041.068,1484.3356852786785,38.023473785502595
837,335418.2143161668,4263041.065,1486.5775135936935,37.40961616681384
838,335418.1322979615,4263041.063,1488.8193419087086,37.32519796154943
839,335418.0847765266,4263041.06,1491.0611702237236,37.275176526620534
840,335416.71781102987,4263041.058,1493.3029985387386,35.90581102988645
841,335416.61064606404,4263041.055,1495.5448268537536,35.796146064088184
842,335416.547780219,4263041.053,1497.7866551687687,35.730880219003396
843,335416.0406237827,4263041.05,1500.0284834837837,35.221323782775464
844,335415.8500534016,4263041.048,1502.2703117987987,35.02825340163479
845,335414.5886669802,4263041.045,1504.5121401138138,33.76496698022138
846,335414.24123883236,4263041.045,1506.7539684288288,33.41703883235601
847,335414.0877797141,4263041.045,1508.9957967438438,33.26307971409156
848,335413.74488108914,4263041.045,1511.2376250588588,32.919681089111066
849,335413.601620914,4263041.045,1513.4794533738739,32.77592091399845
850,335413.2618954032,4263041.044,1515.721281688889,32.43569540319092
851,335412.81536367594,4263041.044,1517.963110003904,31.988663675947215
852,335412.36732799135,4263041.044,1520.204938318919,31.540227991349223
853,335411.9266725054,4263041.044,1522.446766633934,31.099072505355984
854,335411.46407752816,4263041.0430000005,1524.688594948949,30.635977528173097
855,335411.0284422174,4263041.0430000005,1526.930423263964,30.199842217386486
856,335410.5789498378,4263041.0430000005,1529.172251578979,29.74984983783045
857,335409.62508431094,4263041.0430000005,1531.414079893994,28.795484310941653
858,335409.58179816406,4263041.0430000005,1533.6559082090087,28.751698164054773
859,335409.2382296564,4263041.041999999,1535.8977365240237,28.407629656423687
860,335408.78422007436,4263041.041999999,1538.1395648390387,27.953120074359866
861,335408.34954108647,4263041.041999999,1540.3813931540537,27.518041086482203
862,335407.9005487377,4263041.041999999,1542.6232214690688,27.068548737740656
863,335407.4585041409,4263041.041999999,1544.8650497840838,26.6260041408755
864,335406.0505939329,4263041.041999999,1547.1068780990988,25.21759393295364
865,335405.6137255654,4263041.041,1549.3487064141138,24.780225565387028
866,335405.5671806282,4263041.041,1551.5905347291289,24.733180628229416
867,335405.4326503576,4263041.041,1553.832363044144,24.598150357583087
868,335404.5242008668,4263041.041,1556.074191359159,23.689200866794806
869,335404.23838347115,4263041.04,1558.316019674174,23.402983471187138
870,335404.14471244125,4263041.04,1560.557847989189,23.308812441222546
871,335403.5089371502,4263041.04,1562.799676304204,22.672537150186123
872,335403.3816703584,4263041.04,1565.041504619219,22.54477035842487
873,335402.9754983122,4263041.04,1567.283332934234,22.138098312202512
874,335402.5352743324,4263041.039,1569.525161249249,21.69693933120017
875,335401.84608250414,4263041.039,1571.7669895642641,21.00718250414941
876,335400.8477986341,4263041.039,1574.0088178792791,20.00839863407795
877,335400.70235719683,4263041.039,1576.2506461942942,19.862557196825257
878,335400.48821895855,4263041.038,1578.4924745093092,19.647918958567487
879,335400.34162045154,4263041.038,1580.7343028243242,19.500820451514038
880,335399.8463691244,4263041.038,1582.9761311393393,19.005069124432737
881,335399.46853422024,4263041.038,1585.2179594543543,18.626734220272443
882,335399.0198519897,4263041.038,1587.4597877693693,18.17755198966303
883,335398.57372017665,4263041.037,1589.7016160843843,17.730920176647675
884,335398.1139035154,4263041.037,1591.9434443993994,17.270603515391095
885,335396.2263246811,4263041.037,1594.1852727144144,15.382524681120351
886,335396.12177575723,4263041.037,1596.4271010294294,15.277575757212517
887,335395.75507543184,4263041.032,1598.6689293444445,14.912775431819508
888,335395.182779948,4263041.027,1600.9107576594595,14.342479948033967
889,335395.13068699534,4263041.021000001,1603.1525859744745,14.292286995323462
890,335395.1074246402,4263041.016,1605.3944142894895,14.271024640250078
891,335393.393884374,4263041.01,1607.6362426045046,12.559884374015384
892,335393.2288074442,4263041.005,1609.8780709195196,12.396807444244438
893,335392.6808658892,4263041.0,1612.1198992345346,11.850765889137062
894,335392.29792095674,4263040.994,1614.3617275495496,11.469820956729059
895,335392.25471909967,4263040.988594942,1616.6035558645642,11.428519099658523
896,335391.7871144067,4263040.983,1618.8453841795792,10.963414406687892
897,335391.3653750248,4263040.978,1621.0872124945943,10.543575024786035
898,335390.35162663105,4263040.972,1623.3290408096093,9.531826631038324
899,335389.3472960238,4263040.967,1625.5708691246243,8.529396023752172
900,335389.2361954072,4263040.961,1627.8126974396394,8.420707033305195
901,335388.9350631605,4263040.956,1630.0545257546544,8.121563160527215
902,335388.77936748293,4263040.95,1632.2963540696694,7.967867482900129
903,335388.4373968491,4263040.944531776,1634.5381823846844,7.62779684912243
904,335387.99363706616,4263040.938999999,1636.7800106996995,7.186037066161986
905,335387.01792523195,4263040.933999999,1639.0218390147145,6.2127252319313575
906,335386.2308304189,4263040.928,1641.2636673297295,5.4276304188732265
907,335386.1031472383,4263040.92230661,1643.5054956447445,5.301847238304205
908,335385.66760078224,4263040.916999999,1645.7473239597596,4.8683007822045115
909,335385.23820818006,4263040.911695114,1647.9891522747746,4.44130818005402
910,335385.1131317763,4263040.906,1650.2309805897896,4.31823177630873
911,335385.0568314566,4263040.901000001,1652.4728089048047,4.263831456625344
912,335384.62100658676,4263040.895,1654.7146372198197,3.8300065867397737
913,335384.38734408026,4263040.889749364,1656.9564655348347,3.598369397889565
914,335384.31787191913,4263040.884,1659.1982938498497,3.5312719191295368
915,335384.15695902664,4263040.8782006325,1661.4401221648648,3.372259026641316
916,335383.8606383355,4263040.873,1663.6819504798798,3.0779383355641574
917,335383.44916779135,4263040.867925369,1665.9237787948948,2.6683677913150214
918,335383.00623465603,4263040.862,1668.1656071099098,2.227934656026383
919,335382.57701736887,4263040.8562742835,1670.4074354249249,1.8006173689146958
920,335382.1238682759,4263040.851,1672.64926373994,1.3494682759328465
921,335381.6882272057,4263040.845129505,1674.891092054955,0.9157272056635009
922,335381.2327169069,4263040.84,1677.13292036997,0.46271690684368383
923,335380.7681,4263040.834617664,1679.374748684985,0.0
