,X,Y,Z,Temperature
0,335735.8818377157,4263051.180984913,-389.8327860738739,400.0
1,335735.76453333994,4263051.158,-387.59095775885885,399.72983333993665
2,335734.67347351374,4263051.136,-385.3491294438439,398.48280491857406
3,335733.7655834722,4263051.115,-383.10730112882885,397.4187763489055
4,335734.0925556575,4263051.093,-380.8654728138139,397.5892379707309
5,335734.4567499264,4263051.071008037,-378.62364449879885,397.79757001751716
6,335734.3530477794,4263051.053073161,-376.3818161837838,397.5446233669571
7,335733.4192574995,4263051.035302458,-374.1399878687688,396.46178585560097
8,335732.5002856773,4263051.018,-371.89815955375377,395.39358348556317
9,335731.19002995855,4263051.0,-369.65633123873874,393.93437294478827
10,335729.9595882733,4263050.982,-367.4145029237237,392.55488730198647
11,335728.5996281763,4263050.961536036,-365.17267460870875,391.0704362841868
12,335727.4214063154,4263050.941000001,-362.9308462936937,389.7690861274022
13,335725.40164855943,4263050.921,-360.6890179786787,387.6264467212867
14,335723.784010469,4263050.9,-358.4471896636637,385.88598488876676
15,335722.13176289573,4263050.879861587,-356.2053613486487,384.11093070501477
16,335720.44771303,4263050.859,-353.96353303363367,382.30403256048595
17,335718.64510209725,4263050.839,-351.72170471861864,380.3785849890156
18,335717.70351824176,4263050.818109639,-349.4798764036036,379.31423619500083
19,335716.0830767118,4263050.798,-347.2380480885886,377.5708470420813
20,335714.6807932208,4263050.777654092,-344.9962197735736,376.04568190390887
21,335712.5765502063,4263050.757,-342.7543914585586,373.8187786614552
22,335711.55530243315,4263050.736632921,-340.51256314354356,372.6747049833401
23,335710.4976668882,4263050.716,-338.2707348285286,371.494264609487
24,335708.9121129924,4263050.696,-336.02890651351356,369.7858158951136
25,335707.3393664729,4263050.675,-333.78707819849853,368.0904056237514
26,335704.7039552339,4263050.655,-331.5452498834835,365.33210112495357
27,335703.8519018528,4263050.634,-329.3034215684685,364.35690734497837
28,335701.9666543005,4263050.576,-327.06159325345345,362.4006854078673
29,335700.527891757,4263050.517068979,-324.8197649384385,360.89232281809495
30,335698.8267216254,4263050.457180492,-322.57793662342345,359.1218923640179
31,335697.9165029813,4263050.397570438,-320.3361083084084,358.1423882002487
32,335695.5829862528,4263050.338242732,-318.09427999339346,355.73942898453583
33,335695.3333551303,4263050.279034944,-315.85245167837843,355.4205313384823
34,335690.5604994185,4263050.219628985,-313.6106233633634,350.57835738862445
35,335691.6862652673,4263050.16,-311.3687950483484,351.6345356473163
36,335690.73978029867,4263050.100703841,-309.12696673333335,350.618958179405
37,335690.7623850875,4263050.040965861,-306.8851384183183,350.57193387845916
38,335689.5980456731,4263049.981423286,-304.6433101033033,349.3384573157319
39,335686.4913355071,4263049.922189454,-302.4014817882883,346.1625196866972
40,335686.0985020675,4263049.862602478,-300.1596534732733,345.70002380187805
41,335686.4642926831,4263049.803619447,-297.91782515825827,345.99661213069635
42,335685.09139681596,4263049.743865392,-295.6759968432433,344.55416220847667
43,335683.87550347677,4263049.684638821,-293.43416852822827,343.2689978263817
44,335682.7716956046,4263049.624750677,-291.19234021321324,342.09602161943076
45,335681.5506404884,4263049.542825629,-288.9505118981982,340.8347533027104
46,335681.3195398053,4263049.452907146,-286.7086835831832,340.5744398053125
47,335678.9081161178,4263049.362134589,-284.4668552681682,338.13428341224096
48,335678.05277946143,4263049.271392535,-282.2250269531532,337.2497757285963
49,335677.6158250847,4263049.180528105,-279.98319863813816,336.78408913725775
50,335677.41833057534,4263049.08983981,-277.74137032312314,336.55769853726486
51,335675.88258772995,4263048.9994183,-275.49954200810816,334.9931550498341
52,335673.7011995675,4263048.90928176,-273.25771369309314,332.78255591959123
53,335671.292193914,4263048.818160782,-271.0158853780781,330.344893913982
54,335669.73376092926,4263048.728,-268.7740570630631,328.75745280435075
55,335668.7659376677,4263048.636954828,-266.53222874804806,327.7605263747096
56,335666.32055129204,4263048.546316249,-264.2904004330331,325.2864303544235
57,335664.5808468887,4263048.456084287,-262.04857211801806,323.5178679603889
58,335663.41846626304,4263048.365623176,-259.80674380300303,322.3263220570404
59,335662.6047872116,4263048.274844603,-257.564915487988,321.4838983621692
60,335662.2399142342,4263048.184642373,-255.32308717297303,321.0899248274425
61,335661.6938471196,4263048.093291657,-253.081258857958,320.51497003375584
62,335661.9557452987,4263048.00351292,-250.83943054294298,320.7481235286535
63,335661.41071856645,4263047.919747686,-248.59760222792795,320.18265548791067
64,335661.1664620256,4263047.838972219,-246.35577391291292,319.92186202562306
65,335661.10505627404,4263047.75824072,-244.11394559789795,319.8443562740648
66,335661.54311152524,4263047.677387484,-241.87211728288293,320.2659665189362
67,335661.1875559641,4263047.59754773,-239.6302889678679,319.89405596405214
68,335660.7392902653,4263047.516965149,-237.38846065285287,319.42943155248156
69,335658.29201695067,4263047.43621153,-235.1466323378379,316.9658169506828
70,335658.2791345225,4263047.355668482,-232.90480402282287,316.9366687632173
71,335658.9454286159,4263047.275,-230.66297570780785,317.5865286158865
72,335658.0118613057,4263047.194937823,-228.42114739279282,316.63684576136603
73,335657.1183758372,4263047.114183396,-226.1793190777778,315.72682168619167
74,335656.15229573403,4263047.033335939,-223.93749076276282,314.7445957340808
75,335655.4000715851,4263046.952667848,-221.6956624477478,313.9759385471476
76,335654.85831907304,4263046.872727938,-219.45383413273277,313.4179190730256
77,335651.7768880129,4263046.792156938,-217.21200581771774,310.32017724744725
78,335651.5255757383,4263046.71092576,-214.9701775027027,310.05247573830343
79,335650.2424929741,4263046.631,-212.72834918768774,308.7531929741016
80,335648.5696234852,4263046.550888152,-210.4865208726727,307.06372348523007
81,335647.6976371667,4263046.47010664,-208.2446925576577,306.1756371667252
82,335647.2580334782,4263046.389155984,-206.00286424264266,305.71947247425913
83,335646.67111738794,4263046.308613333,-203.7610359276277,305.11657072106277
84,335646.1480334339,4263046.228429771,-201.51920761261266,304.5769483193734
85,335645.49934036075,4263046.147914089,-199.27737929759763,303.91194036073983
86,335644.99847580964,4263046.067342812,-197.0355509825826,303.39481151260463
87,335645.11433163704,4263045.986584143,-194.79372266756758,303.49423163701704
88,335645.3671479504,4263045.905917519,-192.5518943525526,303.7309067096904
89,335644.81642930757,4263045.825077197,-190.31006603753758,303.16364860682216
90,335644.4834363617,4263045.745319112,-188.06823772252255,302.8146001841539
91,335643.48977784003,4263045.664488859,-185.82640940750753,301.80447338339985
92,335642.34042351274,4263045.583570366,-183.58458109249256,300.63872351275757
93,335642.02945199347,4263045.503048595,-181.34275277747753,300.31141414230376
94,335641.61338208144,4263045.423289922,-179.1009244624625,299.8793045620346
95,335641.0650443656,4263045.34246382,-176.85909614744747,299.31441032051873
96,335640.6619776808,4263045.262,-174.61726783243245,298.89505291587574
97,335640.022218423,4263045.181018397,-172.37543951741748,298.2390184230004
98,335639.3206356357,4263045.101130992,-170.13361120240245,297.52133563568435
99,335639.0099679183,4263045.020369455,-167.89178288738742,297.1940679182713
100,335638.95885954174,4263044.939751329,-165.6499545723724,297.1265473740319
101,335638.58424904174,4263044.864444922,-163.40812625735737,296.7333715027285
102,335637.9193935722,4263044.808632682,-161.1662979423424,296.0398099135571
103,335637.3373320756,4263044.752952507,-158.92446962732737,295.4296083287214
104,335636.8529072095,4263044.6977651315,-156.68264131231234,294.91640720946833
105,335636.33100053505,4263044.642072047,-154.44081299729731,294.3662149445155
106,335635.817020686,4263044.587,-152.19898468228234,293.8234496171803
107,335635.4163391806,4263044.53125278,-149.95715636726732,293.39446557071255
108,335635.03383290354,4263044.475878469,-147.7153280522523,292.98347213798814
109,335634.8285009323,4263044.420572999,-145.47349973723726,292.74968743177675
110,335634.507837443,4263044.365,-143.23167142222223,292.4004374429745
111,335634.52573426627,4263044.309834573,-140.98984310720726,292.38995155326194
112,335634.4485778805,4263044.253976123,-138.74801479219224,292.28445639175317
113,335634.32106863434,4263044.199,-136.5061864771772,292.12822613232197
114,335633.6555326693,4263044.143242824,-134.26435816216218,291.43445408145294
115,335632.93415665184,4263044.087754213,-132.0225298471472,290.6843452050564
116,335632.3675671196,4263044.032,-129.78070153213218,290.08926711961453
117,335632.0147254131,4263043.976853234,-127.53887321711716,289.7080520299839
118,335631.97464309254,4263043.921545878,-125.29704490210213,289.63955226818416
119,335631.9003545664,4263043.865913981,-123.0552165870871,289.5365115566229
120,335631.657042087,4263043.811000001,-120.81338827207213,289.264981190938
121,335631.3760825076,4263043.755181242,-118.5715599570571,288.95536374941446
122,335630.42528196657,4263043.699634305,-116.32973164204208,287.9763991189604
123,335629.89393418125,4263043.64445222,-114.08790332702705,287.4163411798299
124,335629.5569384429,4263043.58880028,-111.84607501201208,287.0509585552019
125,335629.58049797,4263043.533462556,-109.60424669699705,287.04602924806784
126,335629.5106537033,4263043.4778440865,-107.36241838198202,286.94757574660963
127,335628.5608723837,4263043.438999999,-105.120590066967,285.97587238367987
128,335627.8841943288,4263043.428,-102.87876175195197,285.2884943288053
129,335627.2877528832,4263043.416999999,-100.636933436937,284.6809967202227
130,335626.5154263403,4263043.406,-98.39510512192197,283.8977263402971
131,335626.0838459825,4263043.394826535,-96.15327680690694,283.4553592502093
132,335625.709994965,4263043.383,-93.91144849189192,283.07068603402985
133,335625.60716115753,4263043.3719999995,-91.66962017687695,282.9567611575349
134,335625.4433858951,4263043.3610000005,-89.42779186186192,282.7822858951077
135,335624.7972444915,4263043.35,-87.18596354684689,282.1249337151696
136,335624.64070263004,4263043.338,-84.94413523183186,281.95760263002063
137,335624.4105590701,4263043.327,-82.70230691681684,281.7167590700991
138,335624.12174361607,4263043.316000001,-80.46047860180187,281.41664361601863
139,335623.68896774,4263043.304769771,-78.21865028678684,280.9731677399584
140,335622.7679078653,4263043.2930000005,-75.97682197177181,280.04126639630203
141,335622.0585900038,4263043.282,-73.73499365675679,279.32085023334275
142,335620.87906542665,4263043.271000001,-71.49316534174176,278.13056542668954
143,335619.9404981586,4263043.26,-69.25133702672679,277.1811981586348
144,335619.504177255,4263043.248510873,-67.00950871171176,276.73393269146703
145,335619.252150036,4263043.237,-64.76768039669673,276.4708500360428
146,335618.8628152691,4263043.226,-62.525852081681705,276.07071867649677
147,335618.3811961632,4263043.215,-60.284023766666735,275.5779961631465
148,335617.2583800146,4263043.204,-58.04219545165171,274.44438001461
149,335617.05119667563,4263043.192,-55.80036713663668,274.22649667564457
150,335616.6961589563,4263043.181,-53.55853882162165,273.8604590251631
151,335616.45441788255,4263043.17,-51.316710506606626,273.60771788252947
152,335615.7415658501,4263043.159,-49.074882191591655,272.88416585009054
153,335614.3353351716,4263043.1522706915,-46.83305387657663,271.4696351715724
154,335613.5987658088,4263043.174,-44.5912255615616,270.7374684808384
155,335613.1652463467,4263043.194706033,-42.34939724654657,270.30884634667933
156,335612.79343863635,4263043.215707939,-40.107568931531546,269.9413386363173
157,335612.3924632109,4263043.237,-37.86574061651652,269.54526321090543
158,335612.168727813,4263043.258,-35.62391230150149,269.32592781299115
159,335611.8690778243,4263043.279,-33.38208398648658,269.0311778242871
160,335611.5625719496,4263043.300110665,-31.14025567147155,268.7290719495993
161,335611.4767734502,4263043.321,-28.898427356456523,268.6481499010934
162,335611.61026073963,4263043.342,-26.656599041441496,268.78606073965113
163,335611.4367364746,4263043.363661306,-24.414770726426468,268.6172671276787
164,335610.88405421225,4263043.38451224,-22.17294241141144,268.06915421225546
165,335610.1505111421,4263043.405569123,-19.931114096396414,267.34023879109805
166,335609.58324922656,4263043.427,-17.689285781381386,266.7775492265618
167,335609.35028398293,4263043.448,-15.447457466366359,266.54901521355055
168,335609.15491213027,4263043.469,-13.205629151351445,266.3585121302921
169,335608.8116789864,4263043.49,-10.963800836336418,266.0196789863733
170,335608.4944090371,4263043.511,-8.72197252132139,265.7073090370937
171,335608.3028962625,4263043.532,-6.480144206306363,265.52019626253565
172,335607.71503275103,4263043.553,-4.238315891291336,264.9372327510653
173,335607.1660261093,4263043.574,-1.9964875762763086,264.3926261093242
174,335606.66963504883,4263043.595,0.24534073873871876,263.90103504885025
175,335605.6946483686,4263043.616865528,2.487169053753746,262.9304483685891
176,335605.16106586036,4263043.637317048,4.728997368768773,262.4017658603627
177,335604.7219645531,4263043.658816658,6.970825683783687,261.96706455313796
178,335604.0716508639,4263043.68,9.212653998798714,261.32135937316303
179,335604.05044606456,4263043.701,11.454482313813742,261.3048460645179
180,335604.0622262734,4263043.722,13.696310628828769,261.3210262734233
181,335603.97926693497,4263043.743,15.938138943843796,261.2429669349858
182,335603.81665824243,4263043.7639999995,18.179967258858824,261.0847582424271
183,335603.8466628835,4263043.785,20.42179557387385,261.1195628834497
184,335602.85160077095,4263043.806521168,22.66362388888888,260.1289007709926
185,335601.22443568066,4263043.827368753,24.905452203903906,258.5066356807015
186,335600.5103150007,4263043.848930156,27.14728051891882,257.7969150006989
187,335600.1246611531,4263043.87,29.389108833933847,257.41616115313474
188,335599.90065977717,4263043.890922472,31.630937148948874,257.1965597771859
189,335599.83338167774,4263043.912,33.8727654639639,257.134181677766
190,335599.6662249833,4263043.933,36.11459377897893,256.9714249832835
191,335599.7002868987,4263043.959,38.356422093993956,256.98374814611236
192,335599.51723821316,4263043.9860000005,40.59825040900898,256.77649431048235
193,335599.2582014771,4263044.012183142,42.84007872402401,256.4930099060427
194,335598.96206083917,4263044.039,45.08190703903904,256.17292379425567
195,335598.54256174125,4263044.067,47.32373535405395,255.71609580164724
196,335597.8998223668,4263044.097,49.56556366906898,255.02556249802595
197,335596.982002004,4263044.12694338,51.807391984084006,254.059658625084
198,335596.49049252976,4263044.156268665,54.049220299099034,253.52015819739137
199,335596.2791681959,4263044.186348201,56.29104861411406,253.25964589525168
200,335596.1647064812,4263044.2142118225,58.53287692912909,253.09079465826903
201,335596.0399700193,4263044.242,60.774705244144116,252.91192687140023
202,335596.16161746753,4263044.27,63.01653355915914,252.9790983478836
203,335596.26264736033,4263044.298,65.25836187417417,253.02603996076428
204,335596.27297706035,4263044.318,67.50019018918908,252.99167706038114
205,335595.86907385086,4263044.338,69.74201850420411,252.54335010807384
206,335595.39224593487,4263044.358,71.98384681921914,252.02176281248035
207,335594.9543541752,4263044.3780000005,74.22567513423417,251.53953602750394
208,335594.0211557003,4263044.387,76.4675034492492,250.5659693721965
209,335593.33520619705,4263044.391,78.70933176426422,249.84155414147517
210,335592.4371446235,4263044.395,80.95116007927925,248.9055636372672
211,335592.1856485715,4263044.398,83.19298839429428,248.61538128470343
212,335592.09692565666,4263044.396483526,85.4348167093093,248.4860608292275
213,335591.97771462944,4263044.381,87.67664502432422,248.3210765837728
214,335591.7735546688,4263044.365706284,89.91847333933924,248.0713078105638
215,335591.4623839507,4263044.35,92.16030165435427,247.71430384409118
216,335591.4099048688,4263044.335,94.4021299693693,247.61603657158324
217,335591.2853579912,4263044.309184065,96.64395828438433,247.43751568240634
218,335591.1101813151,4263044.282068607,98.88578659939935,247.2074430617558
219,335590.4093256759,4263044.256,101.12761491441438,246.45177866614395
220,335589.55529907293,4263044.228999999,103.36944322942941,245.5426030077377
221,335589.8820656944,4263044.206722344,105.61127154444443,245.80937697727325
222,335590.28387888375,4263044.1857605055,107.85309985945946,246.14886333794072
223,335590.13209536695,4263044.164,110.09492817447438,245.9347744309268
224,335589.59362563957,4263044.143122967,112.3367564894894,245.33351008987205
225,335589.0422866009,4263044.1280000005,114.57858480450443,244.71809905238953
226,335587.99181805283,4263044.1219999995,116.82041311951946,243.5996378327455
227,335587.27234478004,4263044.117,119.06224143453449,242.8121639587776
228,335586.5388852726,4263044.1110000005,121.30406974954951,242.01055476487716
229,335585.7602980724,4263044.106000001,123.54589806456454,241.1637965599294
230,335585.31128502963,4263044.117090876,125.78772637957957,240.6515032409191
231,335584.861319298,4263044.128955923,128.0295546945946,240.13868541362308
232,335584.4346424171,4263044.14,130.2713830096095,239.64904241710298
233,335584.16965242836,4263044.151000001,132.51321132462454,239.32098600299642
234,335584.4247671477,4263044.17,134.75503963963956,239.51038246497518
235,335583.7684678573,4263044.193049892,136.9968679546546,238.78651796592726
236,335582.9921876137,4263044.217,139.23869626966962,237.94243145458728
237,335582.49264776055,4263044.24,141.48052458468464,237.37569019612934
238,335582.41539149306,4263044.263050511,143.72235289969967,237.220990472671
239,335582.32841431454,4263044.287,145.9641812147147,237.03756409735576
240,335581.9163153286,4263044.310834923,148.20600952972973,236.52852802241551
241,335579.3802363149,4263044.334,150.44783784474464,233.89604981652545
242,335579.1122075698,4263044.357,152.68966615975967,233.52789355195122
243,335578.8581173567,4263044.3719999995,154.9314944747747,233.1412024900529
244,335578.6264619042,4263044.387479805,157.17332278978972,232.77737046813093
245,335578.50815878785,4263044.403,159.41515110480475,232.52653928239496
246,335578.39812639164,4263044.4180000005,161.65697941981978,232.28434956707696
247,335578.48900287657,4263044.421,163.8988077348348,232.21745277683775
248,335578.6108121901,4263044.42,166.14063604984983,232.174291242065
249,335578.46627886995,4263044.419,168.38246436486486,231.86437947687878
250,335578.2076738987,4263044.419,170.62429267987977,231.4408740543255
251,335578.12880575954,4263044.409558831,172.8661209948948,231.18556753856058
252,335577.87131060363,4263044.388748872,175.10794930990983,230.7351567701972
253,335577.58959141053,4263044.368,177.34977762492485,230.2609980037585
254,335577.31030123815,4263044.347,179.59160593993988,229.78885675887756
255,335577.1708162795,4263044.325171424,181.8334342549549,229.45427341490773
256,335577.1861210022,4263044.296,184.07526256996994,229.25337822881284
257,335577.1093257161,4263044.266617805,186.31709088498496,228.95999117717702
258,335577.17060650775,4263044.237556885,188.5589192,228.80513524516468
259,335577.1891475818,4263044.208000001,190.8007475150149,228.6075549442627
260,335577.24657589407,4263044.179,193.04257583002993,228.42369037975905
261,335577.3285832496,4263044.15,195.28440414504496,228.2613364804558
262,335577.3013630873,4263044.120216369,197.52623246006,227.98970692578973
263,335577.2138277645,4263044.091033632,199.768060775075,227.65779256054287
264,335577.1983593339,4263044.064879602,202.00988909009004,227.38274898501052
265,335577.2867475886,4263044.039443041,204.25171740510507,227.20013240770402
266,335577.3012660952,4263044.014524873,206.4935457201201,226.94377279815558
267,335577.11109529214,4263043.99,208.73537403513512,226.48289294846168
268,335577.1829909489,4263043.967,210.97720235015004,226.2812042063818
269,335577.3169911705,4263043.953,213.21903066516506,226.13267020917783
270,335577.39429044095,4263043.938999999,215.4608589801801,225.92788833825085
271,335576.9366795202,4263043.925,217.70268729519512,225.18823725564405
272,335576.77642611926,4263043.912,219.94451561021015,224.7469539609693
273,335576.63052412187,4263043.904,222.18634392522517,224.3238688882642
274,335576.42844661395,4263043.896000001,224.4281722402402,223.8442959112396
275,335576.40451773384,4263043.887,226.67000055525523,223.54287063837194
276,335576.3988890881,4263043.879,228.91182887027026,223.26019544416081
277,335576.4614615567,4263043.869,231.15365718528528,223.04979679616844
278,335576.5913075021,4263043.859237519,233.3954855003002,222.90760886604915
279,335576.84210064844,4263043.849060587,235.63731381531522,222.88635811104155
280,335577.07880757144,4263043.839881002,237.87914213033025,222.85060548324122
281,335577.30123402475,4263043.824,240.12097044534528,222.80163629746187
282,335577.28367338236,4263043.805,242.3627987603603,222.51254686644714
283,335576.73876984115,4263043.786,244.60462707537533,221.69640226942113
284,335575.8917330495,4263043.767,246.84645539039036,220.57781497640372
285,335575.7394211925,4263043.748,249.0882837054054,220.1539851350077
286,335575.63313834096,4263043.728999999,251.33011202042042,219.77607092821563
287,335575.7796111809,4263043.71,253.57194033543533,219.6511463977143
288,335576.2078998411,4263043.691000001,255.81376865045036,219.8080154483709
289,335576.23398276366,4263043.672,258.0555969654654,219.56250660943118
290,335576.46673474874,4263043.653,260.2974252804804,219.52396522713374
291,335576.8560089434,4263043.633,262.53925359549544,219.63179032926243
292,335577.240651202,4263043.613,264.78108191051047,219.73277497404058
293,335576.78136495384,4263043.593490833,267.0229102255255,218.9895828710698
294,335576.0882670549,4263043.573282144,269.2647385405405,218.01294456425464
295,335576.2090947091,4263043.553074257,271.50656685555555,217.8501699575547
296,335575.3348140901,4263043.533866043,273.74839517057046,216.69237016350397
297,335574.83844171796,4263043.5139999995,275.9902234855855,215.9124717668659
298,335574.6787118639,4263043.494,278.2320518006005,215.46911526325138
299,335574.7303621917,4263043.485752984,280.47388011561554,215.23874309683038
300,335574.5733893309,4263043.516949836,282.71570843063057,214.8050852974528
301,335574.70433348854,4263043.5481455,284.9575367456456,214.65900229092932
302,335574.9211857747,4263043.5793070095,287.1993650606606,214.5985744181088
303,335575.1058471406,4263043.610548484,289.44119337567565,214.50641108825778
304,335575.2697934619,4263043.6659574285,291.6830216906907,214.4125594897194
305,335575.51397408464,4263043.733691675,293.9248500057056,214.4083911481866
306,335575.6608862251,4263043.800969126,296.1666783207206,214.3069603244189
307,335575.7828497467,4263043.868298494,298.40850663573565,214.18053335916673
308,335575.7399118107,4263043.936272109,300.6503349507507,213.88920637169838
309,335575.17949397676,4263044.004111698,302.8921632657657,213.08050303281837
310,335574.7772370901,4263044.071558072,305.13399158078073,212.43002349949012
311,335574.6196580427,4263044.138798084,307.37581989579576,212.02394742717945
312,335574.7417461134,4263044.206844367,309.6176482108108,211.89787096585871
313,335574.77624088305,4263044.273984485,311.8594765258258,211.6840091491403
314,335574.50417203346,4263044.3422621945,314.1013048408407,211.16366410937596
315,335574.1258332101,4263044.40984382,316.34313315585575,210.53674556920532
316,335574.26504914387,4263044.4774139095,318.5849614708708,210.4278554214212
317,335574.3413766188,4263044.545115381,320.8267897858858,210.25586508999052
318,335574.43294028926,4263044.612701217,323.06861810090084,210.09912384144064
319,335574.29925527854,4263044.68032542,325.31044641591586,209.71692985837853
320,335574.0039784817,4263044.747985817,327.5522747309309,209.17345506838942
321,335573.75482902036,4263044.815259103,329.7941030459459,208.6760294435416
322,335573.722498824,4263044.883272804,332.03593136096094,208.39532567930425
323,335573.8574732326,4263044.951253827,334.27775967597586,208.28215639459486
324,335573.7140675442,4263045.018465477,336.5195879909909,207.89021944537467
325,335573.5943987689,4263045.085775112,338.7614163060059,207.522278233045
326,335573.46571811195,4263045.153843274,341.00324462102094,207.14526443012184
327,335573.2550618264,4263045.221,343.24507293603597,206.6863361926665
328,335572.9270476848,4263045.289218556,345.486901251051,206.10990459432205
329,335572.99319885805,4263045.35654145,347.728729566066,205.92776401688678
330,335573.16680084716,4263045.424808673,349.97055788108105,205.85287482877496
331,335573.1670714689,4263045.492006167,352.2123861960961,205.605006359816
332,335573.33032225224,4263045.55970086,354.454214511111,205.51993760955008
333,335573.5471015689,4263045.627682376,356.696042826126,205.48835915504097
334,335573.6535158023,4263045.69497501,358.93787114114104,205.346500768287
335,335573.5575353815,4263045.763007263,361.1796994561561,205.00229979553777
336,335573.58347835834,4263045.830556758,363.4215277711711,204.77988646469908
337,335573.6580547756,4263045.897826895,365.6633560861861,204.6060221578662
338,335573.85172894486,4263045.965555606,367.90518440120115,204.55138423256653
339,335573.10315573076,4263046.033396449,370.1470127162162,203.55448531854012
340,335572.6828290089,4263046.101,372.3888410312312,202.8858751947417
341,335572.347344645,4263046.162945361,374.6306693462461,202.32215773780862
342,335571.8482126362,4263046.213969923,376.87249766126115,201.6315449765384
343,335571.61049534346,4263046.264993627,379.1143259762762,201.2023106395872
344,335571.46541739575,4263046.316000001,381.3561542912912,200.86572388794016
345,335571.266156745,4263046.367,383.59798260630623,200.47543603303103
346,335571.09142308205,4263046.417150918,385.83981092132126,200.10919106065072
347,335570.83472470735,4263046.469102297,388.0816392363363,199.66097459831184
348,335570.57727803354,4263046.520156929,390.3234675513513,199.21202877869493
349,335570.269428607,4263046.571,392.56529586636634,198.71294693751798
350,335570.1747979621,4263046.621376574,394.80712418138137,198.4268695000824
351,335570.2384081845,4263046.672611045,397.0489524963963,198.2990527223926
352,335570.44565262896,4263046.723232846,399.2907808114113,198.314728107303
353,335570.21110014117,4263046.774179957,401.53260912642634,197.8890983094468
354,335570.12056582735,4263046.825345469,403.77443744144136,197.60701849955845
355,335569.55912603595,4263046.876397183,406.0162657564564,196.8541756128873
356,335569.2855100679,4263046.927338997,408.2580940714714,196.38901848289527
357,335569.0552027037,4263046.978366149,410.49992238648645,195.9673747237834
358,335568.77848568023,4263047.029226257,412.7417507015015,195.49923316669086
359,335568.4386168856,4263047.080416718,414.9835790165165,194.96802499981277
360,335568.1253249225,4263047.131443786,417.2254073315314,194.4631722612639
361,335567.79871617653,4263047.182470532,419.46723564654644,193.9452811025171
362,335567.65834607463,4263047.23385001,421.70906396156147,193.61330605144352
363,335567.5301816792,4263047.284522253,423.9508922765765,193.293983766531
364,335567.490329186,4263047.335549339,426.1927205915915,193.06261209681398
365,335567.4299904614,4263047.386426926,428.43454890660655,192.8108389155122
366,335567.3671660691,4263047.437260579,430.6763772216216,192.55657096817262
367,335567.4120217848,4263047.4886293,432.9182055366366,192.41025286577988
368,335567.50020757614,4263047.539656435,435.16003385165163,192.30691926112326
369,335567.56276067067,4263047.59,437.40186216666655,192.1780690971202
370,335567.28745402605,4263047.64155639,439.6436904816816,191.71141869050473
371,335566.78472273273,4263047.692470774,441.8855187966966,191.01728702991682
372,335566.45396012714,4263047.743694482,444.12734711171163,190.4950294392713
373,335566.4532184214,4263047.793787594,446.36917542672666,190.30275300579277
374,335566.41968670517,4263047.844761896,448.6110037417417,190.0780772071099
375,335566.3994625074,4263047.8958819825,450.8528320567567,189.86622277845063
376,335566.376971484,4263047.947,453.09466037177174,189.65247359842465
377,335566.3304163567,4263047.997892675,455.33648868678677,189.41438858409322
378,335566.4111215126,4263048.048911083,457.5783170018017,189.30356828980027
379,335566.5264538343,4263048.1,459.8201453168167,189.22781598221377
380,335566.641118319,4263048.150971697,462.06197363183173,189.15104285390356
381,335566.61034731095,4263048.201998762,464.30380194684676,188.92875275887477
382,335566.61918738985,4263048.253025835,466.5456302618618,188.74608405149064
383,335566.6100321106,4263048.304050579,468.7874585768768,188.54580956381133
384,335566.5349365269,4263048.353052396,471.02928689189184,188.32148413026667
385,335566.1805082337,4263048.398921187,473.27111520690687,187.874057978546
386,335566.0255649166,4263048.445792413,475.5129435219219,187.62647629703358
387,335566.04388526443,4263048.491330434,477.7547718369369,187.55185483127454
388,335566.0598940107,4263048.53762215,479.99660015195195,187.4749008503752
389,335565.8477016846,4263048.583522216,482.238428466967,187.16990947338678
390,335565.5597496938,4263048.629717312,484.480256781982,186.7890323815125
391,335565.38197699987,4263048.676,486.72208509699703,186.518483907717
392,335564.96412086784,4263048.722220633,488.96391341201183,186.00760166539501
393,335564.63836171,4263048.76802029,491.20574172702686,185.58902113102351
394,335564.620207792,4263048.814021352,493.4475700420419,185.4780672230837
395,335564.1729035031,4263048.86091954,495.6893983570569,184.93766442406707
396,335564.06550864846,4263048.9065302005,497.93122667207194,184.73764354829157
397,335563.9820157166,4263048.952720114,500.17305498708697,184.56117548866624
398,335563.9076861834,4263048.999,502.414883302102,184.39412587922112
399,335563.46641855536,4263049.045446643,504.656711617117,183.8597932552483
400,335563.1277743266,4263049.091420242,506.89853993213205,183.42823384425532
401,335562.9108638226,4263049.137318429,509.1403682471471,183.1185995938966
402,335562.7242108787,4263049.183597355,511.3821965621621,182.83911220080853
403,335562.4165955499,4263049.229203438,513.6240248771771,182.43839211146164
404,335562.20830881246,4263049.276017306,515.8658531921922,182.1374741998868
405,335562.0405087271,4263049.322,518.1076815072072,181.87657601140546
406,335561.80059715523,4263049.367818077,520.3495098222222,181.54414280740914
407,335561.4524577223,4263049.414716443,522.5913381372372,181.1029248352644
408,335561.0157026708,4263049.460617337,524.8331664522523,180.5732593266393
409,335560.393942476,4263049.506583602,527.0749947672673,179.85850903532048
410,335559.9650121966,4263049.552417172,529.3168230822821,179.33677785235147
411,335559.60804815457,4263049.598316171,531.5586513972971,178.88705772687706
412,335559.38619969337,4263049.645108568,533.8004797123122,178.57249341495194
413,335559.30122755887,4263049.691000001,536.0423080273272,178.39431254968886
414,335559.17268442764,4263049.737016226,538.2841363423422,178.17315197402007
415,335559.08961652085,4263049.783,540.5259646573572,177.997046707125
416,335559.0469743759,4263049.829686625,542.7677929723723,177.8617564131416
417,335558.89357203234,4263049.875715062,545.0096212873873,177.61531341523389
418,335558.754783896,4263049.921547842,547.2514496024023,177.38358821110296
419,335558.54452565993,4263049.967513878,549.4932779174173,177.080649292223
420,335558.2243857634,4263050.01417238,551.7351062324324,176.66752719292555
421,335557.9059094915,4263050.060313459,553.9769345474474,176.2562258443416
422,335557.3085650779,4263050.102,556.2187628624624,175.61666507791722
423,335556.99583488144,4263050.140047958,558.4605911774775,175.30203488144284
424,335556.60847078427,4263050.178884584,560.7024194924925,174.91317078424754
425,335556.25609647826,4263050.2177616535,562.9442478075075,174.55879647827436
426,335555.95655414247,4263050.255619402,565.1860761225225,174.2573541425168
427,335555.62016273534,4263050.294,567.4279044375376,173.91946273536175
428,335555.17630538804,4263050.332534965,569.6697327525524,173.47370538800456
429,335554.7995332603,4263050.371192703,571.9115610675674,173.0949332602754
430,335554.4484005312,4263050.409050161,574.1533893825824,172.74230053116878
431,335554.1655142734,4263050.447906399,576.3952176975974,172.45751427340835
432,335553.9686448943,4263050.4860000005,578.6370460126125,172.25864489427863
433,335553.731060859,4263050.5246216105,580.8788743276275,172.0196608590263
434,335553.5315100792,4263050.563,583.1207026426425,171.81811007920825
435,335553.4631116751,4263050.601336639,585.3625309576576,171.74814335548834
436,335553.4027702184,4263050.64,587.6043592726726,171.6859702183707
437,335553.28383037605,4263050.678,589.8461875876876,171.56503037610346
438,335552.9497433271,4263050.716906162,592.0880159027026,171.22954332714406
439,335552.5489019998,4263050.754764838,594.3298442177177,170.82670199976948
440,335551.9850360184,4263050.7930000005,596.5716725327327,170.2609360184127
441,335551.32886778977,4263050.8319999995,598.8135008477477,169.6032677897781
442,335550.674074627,4263050.870338037,601.0553291627627,168.94657462701673
443,335550.35176085046,4263050.908991532,603.2971574777778,168.62226085044608
444,335549.95614601334,4263050.947051031,605.5389857927928,168.22514601329385
445,335549.6028876451,4263050.985909583,607.7808141078078,167.86998764507032
446,335549.2720661187,4263051.024,610.0226424228229,167.53716611872505
447,335548.9230331461,4263051.062624803,612.2644707378377,167.18673314607338
448,335548.59936984995,4263051.101,614.5062990528527,166.86106984990744
449,335548.32167914073,4263051.139145843,616.7481273678677,166.58190621929802
450,335548.06265634514,4263051.177196129,618.9899556828827,166.3209563451236
451,335547.80537639564,4263051.216054462,621.2317839978978,166.06167639565945
452,335547.5759867746,4263051.254,623.4736123129128,165.83088677456013
453,335547.40218173875,4263051.292769901,625.7154406279278,165.65508173878086
454,335547.2210042492,4263051.331626245,627.9572689429428,165.47200424915385
455,335547.03503665235,4263051.369118769,630.1990972579579,165.2845366523258
456,335546.8291614195,4263051.408,632.4409255729729,165.0767614194534
457,335546.6101352084,4263051.446198095,634.6827538879879,164.8557352084279
458,335546.27891769476,4263051.485056531,636.924582203003,164.52301769475795
459,335545.9222162755,4263051.522915,639.166410518018,164.16441627546013
460,335545.6465308922,4263051.561770226,641.408238833033,163.88684577948416
461,335545.3362258279,4263051.6,643.650067148048,163.57502582791145
462,335545.1554306099,4263051.638082207,645.8918954630631,163.3922306099067
463,335544.8124223992,4263051.677,648.1337237780781,163.04765190375323
464,335544.5978891373,4263051.7151993215,650.3755520930931,162.8312891372782
465,335544.3709274431,4263051.734,652.6173804081079,162.60432744309378
466,335544.1271459428,4263051.731093795,654.859208723123,162.36254594285612
467,335543.83630694717,4263051.728999999,657.101037038138,162.07393113867516
468,335543.5202468104,4263051.726,659.342865353153,161.75994681036013
469,335543.2568666488,4263051.723999999,661.584693668168,161.49856664879087
470,335543.0991544083,4263051.721,663.826521983183,161.3428544083238
471,335542.92371837486,4263051.718,666.0683502981981,161.16931837486834
472,335542.74915077526,4263051.716,668.3101786132131,160.99675662002932
473,335542.5648531303,4263051.713,670.5520069282281,160.8148531302937
474,335542.4277500693,4263051.71,672.7938352432432,160.67975006929
475,335542.297480772,4263051.708000001,675.0356635582582,160.55138077200473
476,335542.12951968075,4263051.705,677.2774918732732,160.38541968072832
477,335541.9276252018,4263051.702,679.5193201882882,160.1854252018332
478,335541.7289049277,4263051.699,681.7611485033033,159.98920492769253
479,335541.60375466617,4263051.697,684.0029768183183,159.86595466615714
480,335541.4839257025,4263051.694,686.2448051333333,159.74812570247192
481,335541.45395765174,4263051.692,688.4866334483484,159.7200576517571
482,335541.14882719767,4263051.688999999,690.7284617633634,159.41692719766286
483,335541.0360016192,4263051.686000001,692.9702900783782,159.30637094433234
484,335540.89046072046,4263051.683999999,695.2121183933932,159.16296072049033
485,335540.79507725954,4263051.681,697.4539467084082,159.06947725951946
486,335540.729774206,4263051.678,699.6957750234233,159.00617420597044
487,335540.6520182932,4263051.676,701.9376033384383,158.9303182932322
488,335540.5566387195,4263051.673,704.1794316534533,158.83693871948822
489,335540.4681514984,4263051.67,706.4212599684683,158.75085149842033
490,335540.37680361554,4263051.667370368,708.6630882834834,158.6615036155732
491,335540.34009191947,4263051.665,710.9049165984984,158.6266919194505
492,335540.0849780097,4263051.662,713.1467449135134,158.37357800970733
493,335539.9017507005,4263051.66,715.3885732285285,158.19225070046792
494,335539.7672529097,4263051.657,717.6304015435435,158.06012485271128
495,335539.7714104571,4263051.654,719.8722298585585,158.0663104570632
496,335539.71460125037,4263051.652,722.1140581735735,158.01150125037594
497,335539.5969427395,4263051.649,724.3558864885886,157.89574273951533
498,335539.49596374243,4263051.646000001,726.5977148036036,157.79676374244474
499,335539.4362316871,4263051.643999999,728.8395431186186,157.738932343423
500,335539.29388132435,4263051.641,731.0813714336336,157.59908132434796
501,335539.1271943704,4263051.638,733.3231997486484,157.4342943703267
502,335538.8999661887,4263051.636,735.5650280636635,157.2090661887451
503,335538.7056582069,4263051.633,737.8068563786785,157.01665820690465
504,335538.5518823202,4263051.63,740.0486846936935,156.86488232019525
505,335538.4088863479,4263051.617889174,742.2905130087086,156.71743093527394
506,335538.0771692267,4263051.589,744.5323413237236,156.37018761496353
507,335537.3421418692,4263051.5595732,746.7741696387386,155.6194418691873
508,335536.5200697351,4263051.530329536,749.0159979537536,154.78193450274068
509,335535.9046233385,4263051.501475275,751.2578262687687,154.1512233385137
510,335535.6452813549,4263051.472,753.4996545837837,153.87634327767177
511,335535.45342254767,4263051.443,755.7414828987987,153.66903309143302
512,335535.383455903,4263051.413915156,757.9833112138137,153.58361348137768
513,335535.5003727661,4263051.385,760.2251395288288,153.68498535710154
514,335535.6544329833,4263051.355855998,762.4669678438438,153.82333298328794
515,335535.788523449,4263051.3263558475,764.7087961588588,153.94200137287265
516,335535.8855972419,4263051.297,766.9506244738739,154.0237972419355
517,335535.9827122996,4263051.268648965,769.1924527888889,154.10557188587524
518,335536.02500228107,4263051.239,771.4342811039039,154.13224017910622
519,335536.1030469681,4263051.209940931,773.6761094189189,154.1948174337094
520,335536.13216010807,4263051.181,775.9179377339337,154.20840664752467
521,335536.0248100716,4263051.152,778.1597660489488,154.08531976941478
522,335535.7737854399,4263051.1227691565,780.4015943639638,153.81907001828347
523,335534.9859628852,4263051.093527094,782.6434226789788,153.01576288521906
524,335534.7390020321,4263051.064674051,784.8852509939938,152.753202032084
525,335534.2858922903,4263051.035,787.1270793090089,152.2847662724142
526,335533.5223905078,4263051.006,789.3689076240239,151.50577306044315
527,335532.93870193925,4263050.977122136,791.6107359390389,150.90656300763877
528,335532.0136305893,4263050.948,793.852564254054,149.96585074099994
529,335530.76569153304,4263050.9184064455,796.094392569069,148.70239475582224
530,335530.2765076434,4263050.889552329,798.336220884084,148.19790764340686
531,335529.64121107676,4263050.860734927,800.578049199099,147.5470110767851
532,335529.1914303508,4263050.83177344,802.8198775141141,147.08191707136712
533,335528.7552413779,4263050.802,805.0617058291291,146.63023832916295
534,335528.4722535481,4263050.773,807.3035341441441,146.33165354809904
535,335528.34062228055,4263050.744,809.5453624591592,146.1843919733318
536,335528.2485054707,4263050.715,811.7871907741742,146.07682112105365
537,335528.1754108457,4263050.685626885,814.0290190891892,145.98841084573706
538,335528.11008682963,4263050.656724586,816.270847404204,145.90748682959045
539,335528.0936657347,4263050.627,818.512675719219,145.87577533813274
540,335528.0402252197,4263050.598042533,820.7545040342341,145.80682521968177
541,335527.9400771119,4263050.569187887,822.9963323492491,145.69117105514488
542,335527.8219579474,4263050.54019453,825.2381606642641,145.557435759305
543,335527.627507628,4263050.511,827.4799889792791,145.3474633313337
544,335527.5518077428,4263050.481604824,829.7218172942942,145.25640774278548
545,335527.5230599091,4263050.452750465,831.9636456093092,145.212059909107
546,335527.4633122832,4263050.423859192,834.2054739243242,145.13704187945936
547,335526.9468028721,4263050.395,836.4473022393393,144.60502448401058
548,335526.5701526511,4263050.368222471,838.6891305543543,144.222841415294
549,335526.38904282835,4263050.352290443,840.9309588693693,144.06709760685368
550,335526.2436579434,4263050.336,843.1727871843843,143.94701585634482
551,335525.81155533146,4263050.32,845.4146154993994,143.54073951468857
552,335525.6260290289,4263050.304,847.6564438144144,143.38053001637107
553,335525.0612529578,4263050.288,849.8982721294294,142.8411173378757
554,335524.71755589405,4263050.272,852.1401004444444,142.52271894655163
555,335524.06196089875,4263050.256,854.3819287594595,141.89242799819675
556,335523.40903516783,4263050.24,856.6237570744743,141.26516679495097
557,335522.82072883385,4263050.223999999,858.8655853894893,140.70227197442006
558,335522.0517389382,4263050.208000001,861.1074137045043,139.9586081720396
559,335521.1106032565,4263050.191745141,863.3492420195194,139.04283068630306
560,335520.69050876633,4263050.175943512,865.5910703345344,138.64803701059108
561,335520.35254152195,4263050.159126569,867.8328986495494,138.33587823754996
562,335520.02451968123,4263050.143310581,870.0747269645644,138.03316439056363
563,335519.7330002729,4263050.127,872.3165552795795,137.76702599215028
564,335519.5141084223,4263050.1110000005,874.5583835945945,137.5734364789345
565,335519.26308491686,4263050.095,876.8002119096095,137.3478274329989
566,335519.06740803836,4263050.079,879.0420402246245,137.17784639751983
567,335518.8124224708,4263050.063,881.2838685396396,136.94813224460628
568,335518.5236767134,4263050.047,883.5256968546546,136.6847107898951
569,335518.2983878725,4263050.031,885.7675251696696,136.4847095725528
570,335518.0461206866,4263050.015,888.0093534846847,136.25782251425733
571,335517.87628486776,4263049.999,890.2511817996997,136.1134047967822
572,335517.7096806123,4263049.982720149,892.4930101147147,135.97252053789833
573,335517.5934615316,4263049.966961309,894.7348384297297,135.8815808768591
574,335517.49777030485,4263049.950013788,896.9766667447448,135.8112634106105
575,335517.40543991193,4263049.934160363,899.2184950597596,135.74425973012652
576,335517.3049348191,4263049.9180000005,901.4603233747746,135.6692348191447
577,335517.21205369744,4263049.902217451,903.7021516897896,135.60156671711684
578,335517.079732931,4263049.886,905.9439800048046,135.4949318138907
579,335516.92892423924,4263049.87,908.1858083198197,135.36944910725083
580,335516.72487107554,4263049.853999999,910.4276366348347,135.19067107556944
581,335516.56439284986,4263049.838,912.6694649498497,135.05557057491978
582,335516.4094899558,4263049.822,914.9112932648648,134.92639902651652
583,335516.2575399407,4263049.806,917.1531215798798,134.7995399406986
584,335516.11039311154,4263049.79,919.3949498948948,134.67805065635318
585,335515.89801299875,4263049.773632062,921.6367782099098,134.49099696816342
586,335515.9067804031,4263049.758,923.8786065249249,134.52544236573186
587,335515.9342934127,4263049.741498302,926.1204348399399,134.5780940920986
588,335515.8362047748,4263049.72507287,928.3622631549549,134.50556833950768
589,335515.645421512,4263049.709,930.60409146997,134.34022151204024
590,335515.4884538034,4263049.693,932.845919784985,134.2083943469688
591,335515.0964962596,4263049.677,935.0877481,133.841839033905
592,335514.89881393337,4263049.661,937.329576415015,133.6698621638033
593,335514.54299312254,4263049.645,939.5714047300298,133.33948879049223
594,335514.15732082113,4263049.629,941.8132330450449,132.9791208211252
595,335513.6522138764,4263049.613,944.0550613600599,132.49941387644103
596,335512.3680276035,4263049.597,946.2968896750749,131.24050305589373
597,335511.8857956914,4263049.581,948.5387179900899,130.78369569137072
598,335510.70579026843,4263049.564773489,950.780546305105,129.62920352420164
599,335509.52000764495,4263049.528682658,953.02237462012,128.4817249865689
600,335508.1526123809,4263049.492818658,955.264202935135,127.15320305174993
601,335507.1476346978,4263049.456,957.50603125015,126.1868434955341
602,335506.6312928445,4263049.42,959.7478595651651,125.70929740585888
603,335506.2829838123,4263049.383233155,961.9896878801801,125.39995065705082
604,335506.0126660506,4263049.347,964.2315161951951,125.16818460185604
605,335505.778344083,4263049.31050882,966.4733445102102,124.97263526304097
606,335505.57447946427,4263049.274646221,968.7151728252252,124.80773324339924
607,335505.3801680667,4263049.237784484,970.9570011402402,124.65188358203756
608,335505.19595410174,4263049.201644572,973.1988294552552,124.50645410178996
609,335504.97531126044,4263049.165060151,975.4406577702703,124.32485110920817
610,335504.78801465384,4263049.129,977.6824860852853,124.17606139507413
611,335504.5434131449,4263049.092867191,979.9243144003001,123.97026626844456
612,335504.353768943,4263049.056,982.1661427153151,123.81946343845289
613,335504.23533434194,4263049.02,984.4079710303301,123.73975167869638
614,335504.0452461672,4263048.983301659,986.6497993453452,123.58859533787614
615,335503.8016552971,4263048.947,988.8916276603602,123.38365529712827
616,335503.5535219615,4263048.911,991.1334559753752,123.17412196154652
617,335503.4755206555,4263048.874195772,993.3752842903903,123.13502488315689
618,335503.32701161416,4263048.838,995.6171126054053,123.02520203343042
619,335503.23874227965,4263048.801636723,997.8589409204203,122.9757239182777
620,335503.1238631546,4263048.765,1000.1007692354353,122.8997741995042
621,335502.9877355165,4263048.728999999,1002.3425975504504,122.80223551649692
622,335502.97505403653,4263048.692,1004.5844258654654,122.82827309797739
623,335502.9900379995,4263048.656,1006.8262541804804,122.88215456298622
624,335502.9815840492,4263048.62,1009.0680824954954,122.91261010814469
625,335502.929005796,4263048.583000001,1011.3099108105105,122.89862127817747
626,335502.89626245893,4263048.547,1013.5517391255255,122.90477499039261
627,335502.6842419035,4263048.510515362,1015.7935674405405,122.73138422224021
628,335501.92820623034,4263048.473999999,1018.0353957555556,122.0139027723135
629,335500.8023724589,4263048.438,1020.2772240705706,120.92687245888602
630,335500.8649708377,4263048.401931876,1022.5190523855854,121.02860489934599
631,335500.79270192224,4263048.365,1024.7608807006004,120.99474563856994
632,335500.4882079472,4263048.329,1027.0027090156154,120.72927732395371
633,335499.86753880006,4263048.291999999,1029.2445373306305,120.14747355735112
634,335498.73261938454,4263048.24356167,1031.4863656456455,119.02951938457478
635,335497.5296576312,4263048.187,1033.7281939606605,117.83095763119739
636,335496.41780111496,4263048.13,1035.9700222756755,116.72350111499286
637,335495.48900927824,4263048.073,1038.2118505906906,115.79910927825132
638,335494.76373372367,4263048.017,1040.4536789057056,115.07773372369677
639,335494.3400242629,4263047.96,1042.6955072207206,114.65842426289699
640,335494.07016559027,4263047.903,1044.9373355357357,114.39296559028205
641,335493.84752898867,4263047.846599033,1047.1791638507507,114.17438937527213
642,335493.6564436846,4263047.789443737,1049.4209921657657,113.98754368459596
643,335493.5322342321,4263047.733,1051.6628204807807,113.86763423210657
644,335493.44975140755,4263047.67684821,1053.9046487957958,113.78955140756095
645,335493.398022052,4263047.62,1056.1464771108108,113.7417220520166
646,335493.362570046,4263047.563,1058.3883054258258,113.71067004601343
647,335493.2888443432,4263047.506,1060.6301337408408,113.64134434320272
648,335493.18771126325,4263047.449580371,1062.8719620558556,113.54461126324804
649,335492.9891419803,4263047.392903749,1065.1137903708707,113.34994198033756
650,335492.7250937749,4263047.336138466,1067.3556186858857,113.09029377487715
651,335492.4162393859,4263047.279831606,1069.5974470009007,112.78583938584872
652,335492.0814944865,4263047.222925239,1071.8392753159158,112.45549448648502
653,335491.7208320733,4263047.166193947,1074.0811036309308,112.09873207333058
654,335491.28109819844,4263047.109008012,1076.3229319459458,111.66339819845948
655,335490.754696538,4263047.052592458,1078.5647602609608,111.14139653792743
656,335490.1420583192,4263046.99645836,1080.8065885759759,110.53292913918537
657,335489.5175823642,4263046.939077318,1083.048416890991,109.91258236419725
658,335489.04362747585,4263046.882886337,1085.290245206006,109.44302747586983
659,335488.59328190633,4263046.825867116,1087.532073521021,108.9970819063292
660,335488.39293969277,4263046.769106288,1089.773901836036,108.80063969272362
661,335488.2523688302,4263046.712124392,1092.015730151051,108.66446883022482
662,335488.163026776,4263046.656,1094.257558466066,108.57952677597022
663,335488.12614363764,4263046.599475202,1096.499386781081,108.5470436376692
664,335488.11945027113,4263046.542023318,1098.741215096096,108.54425027113169
665,335488.11017463374,4263046.4859340945,1100.983043411111,108.53937463376234
666,335488.09589398623,4263046.429,1103.224871726126,108.52949398624322
667,335488.0476608139,4263046.372004412,1105.466700041141,108.48566081394908
668,335487.92189016944,4263046.315221391,1107.708528356156,108.3637901694396
669,335487.780307266,4263046.259,1109.950356671171,108.22660726601188
670,335487.61135852104,4263046.202497414,1112.192184986186,108.06205852100648
671,335487.3851810757,4263046.145950147,1114.434013301201,107.84028107571133
672,335487.18611462566,4263046.089,1116.675841616216,107.64511462564505
673,335486.92289668706,4263046.031786799,1118.917669931231,107.38629668708009
674,335486.59568789357,4263045.9759037895,1121.1594982462461,107.06348789356927
675,335486.2949620602,4263045.919106781,1123.4013265612612,106.76710866995029
676,335485.9846025012,4263045.862,1125.6431548762762,106.46070250121386
677,335485.745577898,4263045.805497404,1127.8849831912912,106.22607789798133
678,335485.51964054024,4263045.749,1130.1268115063062,106.00454054019177
679,335485.19750454905,4263045.692,1132.3686398213213,105.68630454905413
680,335484.8070384129,4263045.634765901,1134.6104681363363,105.3002384129248
681,335484.36725640733,4263045.581920343,1136.8522964513513,104.86041657914136
682,335484.035440093,4263045.540068536,1139.0941247663663,104.51294009302859
683,335483.6966524867,4263045.498,1141.3359530813814,104.15855248667314
684,335483.40589646855,4263045.456,1143.5777813963962,103.85219646855602
685,335483.17313648696,4263045.414,1145.8196097114112,103.60383648700164
686,335482.92078979424,4263045.372244833,1148.0614380264262,103.33591221097267
687,335482.6024622493,4263045.33,1150.3032663414413,103.00228975316503
688,335482.3178529662,4263045.288,1152.5450946564563,102.70208293160667
689,335481.9882421128,4263045.246079605,1154.7869229714713,102.35694211279139
690,335481.6439453783,4263045.204169626,1157.0287512864863,101.99694537831787
691,335481.2983502083,4263045.162616877,1159.2705796015014,101.635750208357
692,335480.9164296289,4263045.120991472,1161.5124079165164,101.23822962891111
693,335480.59390277864,4263045.079,1163.7542362315314,100.9002809407576
694,335480.27064475394,4263045.036952393,1165.9960645465464,100.56162095061497
695,335479.98874221125,4263044.994879815,1168.2378928615615,100.26408211857145
696,335479.7153630383,4263044.953,1170.4797211765765,99.97516303830042
697,335479.4892299104,4263044.911144904,1172.7215494915915,99.7334023623333
698,335479.2626186657,4263044.869,1174.9633778066066,99.49111866570999
699,335479.02854902874,4263044.827,1177.2052061216216,99.24147700673223
700,335478.81302411965,4263044.785451231,1179.4470344366366,99.01054973500287
701,335478.59834765934,4263044.743,1181.6888627516516,98.78044765934287
702,335478.3859733727,4263044.701,1183.9306910666667,98.55242080785082
703,335478.1435401743,4263044.6591102965,1186.1725193816815,98.29444017429341
704,335477.9155483791,4263044.617221301,1188.4143476966965,98.05093689971149
705,335477.6875571903,4263044.575930697,1190.6561760117115,97.80715719026246
706,335477.4521803496,4263044.534,1192.8980043267266,97.5566803496118
707,335477.20593399834,4263044.4915189,1195.1398326417416,97.29459344838804
708,335476.9871743295,4263044.45,1197.3816609567566,97.06037432949095
709,335476.75906501326,4263044.40785808,1199.6234892717716,96.81666501329101
710,335476.58598801674,4263044.366,1201.8653175867867,96.6279880167613
711,335476.41350025433,4263044.324246983,1204.1071459018017,96.44002374598575
712,335476.226885894,4263044.28209496,1206.3489742168167,96.23763337412315
713,335476.0364244144,4263044.24,1208.5908025318317,96.03202441440834
714,335475.8302555798,4263044.198,1210.8326308468468,95.8100410164909
715,335475.617175349,4263044.156,1213.0744591618618,95.58157534897167
716,335475.40311055613,4263044.114989349,1215.3162874768768,95.35180523042321
717,335475.2351577889,4263044.073,1217.5581157918919,95.16825778894787
718,335475.0580082563,4263044.030279389,1219.7999441069069,94.97564795061523
719,335474.89994113665,4263043.989,1222.041772421922,94.80192066244241
720,335474.7358746507,4263043.947,1224.283600736937,94.62257465065616
721,335474.5948828083,4263043.905,1226.5254290519517,94.46598280824877
722,335474.4579881451,4263043.863,1228.7672573669668,94.313488145099
723,335474.3040184618,4263043.821,1231.0090856819818,94.14381846179225
724,335474.1779374878,4263043.779,1233.2509139969968,94.00213748773557
725,335474.02864351077,4263043.741,1235.4927423120118,93.84354351077633
726,335473.90744161076,4263043.703,1237.7345706270269,93.71314161078666
727,335473.76776416344,4263043.665,1239.976398942042,93.56417440447302
728,335473.6592195779,4263043.626725788,1242.218227257057,93.4466824718032
729,335473.55049209256,4263043.588668758,1244.460055572072,93.32879209257166
730,335473.4513791869,4263043.551,1246.701883887087,93.22037918684431
731,335473.3555692607,4263043.512,1248.943712202102,93.11564300205943
732,335473.28515272244,4263043.4744103765,1251.185540517117,93.03615272244632
733,335473.19881333265,4263043.436138563,1253.427368832132,92.94051333266768
734,335473.1152840263,4263043.39819252,1255.669197147147,92.84778028655586
735,335473.04549451073,4263043.36,1257.9110254621621,92.76901047401253
736,335472.98394794896,4263043.3221598035,1260.1528537771771,92.69834794896119
737,335472.9407269161,4263043.284,1262.3946820921922,92.64582691611002
738,335472.8996787972,4263043.246051723,1264.6365104072072,92.59597879723455
739,335472.8634271522,4263043.208000001,1266.878338722222,92.5504271521711
740,335472.8243153156,4263043.17,1269.120167037237,92.5020153155509
741,335472.7735172449,4263043.132,1271.361995352252,92.44213800500117
742,335472.7303149825,4263043.094,1273.603823667267,92.38999815464737
743,335472.6777357944,4263043.055778031,1275.845651982282,92.32813579435285
744,335472.6398047415,4263043.018,1278.0874802972971,92.28090474151959
745,335472.5948203972,4263042.98,1280.3293086123122,92.22712039721708
746,335472.54119790596,4263042.942,1282.5711369273272,92.16419790599363
747,335472.46454160695,4263042.903533737,1284.8129652423422,92.07834160692289
748,335472.35447876627,4263042.865605584,1287.0547935573572,91.95928155844123
749,335472.2375156137,4263042.828,1289.2966218723723,91.83321561371814
750,335472.06246298976,4263042.789821558,1291.5384501873873,91.64886298971146
751,335471.7578952203,4263042.751,1293.7802785024023,91.3349952203271
752,335471.3912981751,4263042.713152338,1296.0221068174174,90.95969817507901
753,335470.83842493454,4263042.676,1298.2639351324324,90.39752493458083
754,335470.19752967934,4263042.63763556,1300.5057634474474,89.74732967932351
755,335469.7156861205,4263042.599392431,1302.7475917624624,89.25638233634423
756,335469.31758894137,4263042.561391382,1304.9894200774775,88.84928894135878
757,335468.97549968667,4263042.522936802,1307.2312483924923,88.49799968667712
758,335468.7871339872,4263042.485,1309.4730767075073,88.30033398715103
759,335468.677143666,4263042.447196115,1311.7149050225223,88.18154366599965
760,335468.611473121,4263042.409,1313.9567333375373,88.1065731210082
761,335468.5609506929,4263042.371,1316.1985616525524,88.04675069291565
762,335468.55895933294,4263042.333000001,1318.4403899675674,88.0357917303299
763,335468.547165479,4263042.296,1320.6822182825824,88.01522336617474
764,335468.5356292044,4263042.27,1322.9240465975975,87.99902920442494
765,335468.51939426886,4263042.243,1325.1658749126125,87.97839426880991
766,335468.46922058443,4263042.216,1327.4077032276275,87.9233205844199
767,335468.4225183681,4263042.188999999,1329.6495315426425,87.8722183680909
768,335468.3433820066,4263042.162,1331.8913598576576,87.78818200661298
769,335468.23770513246,4263042.135,1334.1331881726726,87.6781051324562
770,335468.0735767337,4263042.108639807,1336.3750164876876,87.50957673368325
771,335467.8485659628,4263042.0819999995,1338.6168448027026,87.27976596279251
772,335467.54655851325,4263042.055,1340.8586731177177,86.97335851326756
773,335467.1506619534,4263042.028,1343.1005014327327,86.57256195338753
774,335466.78634466854,4263042.001386539,1345.3423297477477,86.20384466854006
775,335466.4496121137,4263041.975,1347.5841580627628,85.862712113734
776,335466.20121434226,4263041.948,1349.8259863777776,85.60941434229395
777,335466.00647235505,4263041.921,1352.0678146927926,85.41027235499574
778,335465.90930921317,4263041.893999999,1354.3096430078076,85.30820921310904
779,335465.85923528066,4263041.86704714,1356.5514713228226,85.25373528063757
780,335465.82285933127,4263041.840578179,1358.7932996378377,85.21274842059475
781,335465.8098512182,4263041.813481055,1361.0351279528527,85.19515121822938
782,335465.79844778706,4263041.787,1363.2769562678677,85.17934778707988
783,335465.78022485937,4263041.76,1365.5187845828827,85.15622485933955
784,335465.7537137694,4263041.733,1367.7606128978978,85.12531376938418
785,335465.7106198015,4263041.70695759,1370.0024412129128,85.07731980150693
786,335465.6641831686,4263041.68,1372.2442695279278,85.02648316859887
787,335465.608514992,4263041.653,1374.4860978429429,84.966414991974
788,335465.5217487267,4263041.626,1376.7279261579579,84.87474872673647
789,335465.40395568224,4263041.598999999,1378.969754472973,84.75255568224452
790,335465.2499978539,4263041.572347172,1381.211582787988,84.59369785391735
791,335465.04155786353,4263041.545752423,1383.453411103003,84.3809578634985
792,335464.8819019362,4263041.518999999,1385.695239418018,84.21690193619314
793,335464.65809599124,4263041.492,1387.937067733033,83.98819599126924
794,335464.31404039374,4263041.465115462,1390.1788960480478,83.63974039370113
795,335463.9237411919,4263041.438,1392.4207243630628,83.24454119191309
796,335463.56848030636,4263041.4116870845,1394.6625526780779,82.88488030638193
797,335463.2227976398,4263041.385,1396.904380993093,82.53454184256353
798,335462.81265274173,4263041.358,1399.146209308108,82.11975274172511
799,335462.38137078204,4263041.331,1401.388037623123,81.68407078203445
800,335461.9069193541,4263041.304287314,1403.629865938138,81.20481935408608
801,335461.4832894745,4263041.27725518,1405.871694253153,80.77678947452279
802,335461.21344128996,4263041.250949661,1408.113522568168,80.50204129000645
803,335461.0063859614,4263041.223999999,1410.355350883183,80.29058596133983
804,335460.84371222573,4263041.197,1412.597179198198,80.12334938852473
805,335460.7047389545,4263041.17,1414.8390075132131,79.97963895449858
806,335460.5748071649,4263041.143999999,1417.0808358282281,79.8453071649058
807,335460.4461667542,4263041.142,1419.3226641432432,79.71426675417956
808,335460.33256613,4263041.1389999995,1421.5644924582582,79.59816612998686
809,335460.2184170817,4263041.137,1423.8063207732732,79.48161708166364
810,335460.11658762774,4263041.134,1426.0481490882883,79.37728762771249
811,335460.012900565,4263041.132,1428.2899774033033,79.27120056496348
812,335459.9321387679,4263041.129,1430.531805718318,79.18803876788174
813,335459.8709658326,4263041.126,1432.773634033333,79.12436583259904
814,335459.78183724056,4263041.124,1435.0154623483481,79.0328372405221
815,335459.6832770469,4263041.121,1437.2572906633632,78.93179204192768
816,335459.5875470111,4263041.119,1439.4991189783782,78.83385263577478
817,335459.4941292841,4263041.116,1441.7409472933932,78.73822928411404
818,335459.4017660674,4263041.114,1443.9827756084082,78.64345286698253
819,335459.30188152107,4263041.1110000005,1446.2246039234233,78.54118152106696
820,335459.1973665506,4263041.109,1448.4664322384383,78.43416655061026
821,335459.08230076166,4263041.106000001,1450.7082605534533,78.3167007616885
822,335458.9907223604,4263041.103999999,1452.9500888684684,78.22262236040048
823,335458.8846552618,4263041.101,1455.1919171834834,78.11415526182503
824,335458.7980682556,4263041.098472367,1457.4337454984984,78.02516825559984
825,335458.7353925121,4263041.096,1459.6755738135134,77.95999251212584
826,335458.6917247732,4263041.094,1461.9174021285285,77.9139247732135
827,335458.7065809493,4263041.091,1464.1592304435435,77.92628094931771
828,335458.71073223825,4263041.088,1466.4010587585585,77.92803223829662
829,335458.5262981449,4263041.086,1468.6428870735735,77.74109814490618
830,335458.1755073188,4263041.083000001,1470.8847153885886,77.38790731883631
831,335457.99753011717,4263041.081,1473.1265437036034,77.20753011716388
832,335457.69429962506,4263041.078,1475.3683720186184,76.90179962506238
833,335457.4013809891,4263041.076,1477.6102003336334,76.6064809891565
834,335457.2329566959,4263041.073,1479.8520286486485,76.43555669591113
835,335457.0091727831,4263041.071,1482.0938569636635,76.20937278315706
836,335456.58986645343,4263041.068,1484.3356852786785,75.78766645343589
837,335455.93683256087,4263041.065,1486.5775135936935,75.13213256090341
838,335455.02462494286,4263041.063,1488.8193419087086,74.21752494289503
839,335454.4099510631,4263041.06,1491.0611702237236,73.60035106310664
840,335453.9839681153,4263041.058,1493.3029985387386,73.17196811534718
841,335453.4738088731,4263041.055,1495.5448268537536,72.65930887313455
842,335453.2682688378,4263041.053,1497.7866551687687,72.45136883782126
843,335453.2032747396,4263041.05,1500.0284834837837,72.38397473963535
844,335452.998944251,4263041.048,1502.2703117987987,72.17714425102312
845,335451.7492396443,4263041.045,1504.5121401138138,70.92553964434188
846,335450.2111116788,4263041.045,1506.7539684288288,69.38691167884637
847,335448.55590876576,4263041.045,1508.9957967438438,67.73120876578555
848,335448.0289978112,4263041.045,1511.2376250588588,67.2037978111911
849,335447.0466811142,4263041.045,1513.4794533738739,66.22098111420925
850,335445.4627482534,4263041.044,1515.721281688889,64.63654825338811
851,335444.3937512008,4263041.044,1517.963110003904,63.56705120080842
852,335443.9497628444,4263041.044,1520.204938318919,63.122662844421605
853,335443.68766320666,4263041.044,1522.446766633934,62.860063206637406
854,335443.4698765579,4263041.0430000005,1524.688594948949,62.64177655791625
855,335443.3231648163,4263041.0430000005,1526.930423263964,62.49456481628849
856,335443.2206504777,4263041.0430000005,1529.172251578979,62.391550477697
857,335443.14602697064,4263041.0430000005,1531.414079893994,62.316426970634964
858,335443.0677686407,4263041.0430000005,1533.6559082090087,62.237668640666
859,335443.00270245434,4263041.041999999,1535.8977365240237,62.172102454338315
860,335442.9150011905,4263041.041999999,1538.1395648390387,62.0839011904728
861,335442.77429832116,4263041.041999999,1540.3813931540537,61.94279832117059
862,335442.563660472,4263041.041999999,1542.6232214690688,61.731660471969896
863,335442.19055005943,4263041.041999999,1544.8650497840838,61.358050059420854
864,335441.75306832884,4263041.041999999,1547.1068780990988,60.920068328858946
865,335441.43087845977,4263041.041,1549.3487064141138,60.59737845974013
866,335441.2214711708,4263041.041,1551.5905347291289,60.38747117082016
867,335440.6980125553,4263041.041,1553.832363044144,59.86351255532701
868,335439.39700873324,4263041.041,1556.074191359159,58.562008733202994
869,335437.3398738354,4263041.04,1558.316019674174,56.50447383540767
870,335435.59897999524,4263041.04,1560.557847989189,54.76307999522453
871,335433.84887543303,4263041.04,1562.799676304204,53.012475433063685
872,335432.4091834511,4263041.04,1565.041504619219,51.572283451100546
873,335431.05741236743,4263041.04,1567.283332934234,50.22001236740199
874,335430.0612921798,4263041.039,1569.525161249249,49.22295717857207
875,335429.2646445981,4263041.039,1571.7669895642641,48.42574459817406
876,335428.67388900474,4263041.039,1574.0088178792791,47.83448900477235
877,335428.23292844516,4263041.039,1576.2506461942942,47.39312844515051
878,335427.8528427577,4263041.038,1578.4924745093092,47.01254275773979
879,335427.51748904283,4263041.038,1580.7343028243242,46.67668904282851
880,335427.21446450904,4263041.038,1582.9761311393393,46.37316450907986
881,335426.91222871264,4263041.038,1585.2179594543543,46.07042871262547
882,335426.64807360794,4263041.038,1587.4597877693693,45.805773607935876
883,335426.3700921262,4263041.037,1589.7016160843843,45.52729212623252
884,335426.085983097,4263041.037,1591.9434443993994,45.2426830969884
885,335425.8240073677,4263041.037,1594.1852727144144,44.98020736775821
886,335425.5385854613,4263041.037,1596.4271010294294,44.69438546132255
887,335425.22405295714,4263041.032,1598.6689293444445,44.38175295712625
888,335424.8871152229,4263041.027,1600.9107576594595,44.04681522293189
889,335424.5916865146,4263041.021000001,1603.1525859744745,43.75328651462719
890,335424.21550907166,4263041.016,1605.3944142894895,43.37910907170005
891,335423.78809841454,4263041.01,1607.6362426045046,42.95409841456429
892,335423.3508863377,4263041.005,1609.8780709195196,42.518886337717746
893,335422.9558909126,4263041.0,1612.1198992345346,42.12579091258489
894,335422.515733483,4263040.994,1614.3617275495496,41.68763348305078
895,335422.1125258429,4263040.988594942,1616.6035558645642,41.28632584287128
896,335421.67644709983,4263040.983,1618.8453841795792,40.85274709983806
897,335420.8779666782,4263040.978,1621.0872124945943,40.05616667820636
898,335419.56310447346,4263040.972,1623.3290408096093,38.743304473470864
899,335417.92164045904,4263040.967,1625.5708691246243,37.103740458996256
900,335416.1994988947,4263040.961,1627.8126974396394,35.38401052075479
901,335414.93912673916,4263040.956,1630.0545257546544,34.12562673915477
902,335414.2543686493,4263040.95,1632.2963540696694,33.44286864923834
903,335413.7054589616,4263040.944531776,1634.5381823846844,32.89585896163606
904,335413.16620656615,4263040.938999999,1636.7800106996995,32.358606566130696
905,335412.5523941539,4263040.933999999,1639.0218390147145,31.747194153887513
906,335412.0219341342,4263040.928,1641.2636673297295,31.218734134152044
907,335411.5575226912,4263040.92230661,1643.5054956447445,30.756222691232978
908,335410.9739467739,4263040.916999999,1645.7473239597596,30.174646773918628
909,335410.46569838206,4263040.911695114,1647.9891522747746,29.66879838206331
910,335409.98785403004,4263040.906,1650.2309805897896,29.192954030072542
911,335409.5615208487,4263040.901000001,1652.4728089048047,28.76852084870404
912,335408.8570136264,4263040.895,1654.7146372198197,28.066013626352042
913,335407.155486009,4263040.889749364,1656.9564655348347,26.3665113266586
914,335405.85024896555,4263040.884,1659.1982938498497,25.06364896556453
915,335403.8443380121,4263040.8782006325,1661.4401221648648,23.059638012076128
916,335400.47830392217,4263040.873,1663.6819504798798,19.695603922194643
917,335396.1879825317,4263040.867925369,1665.9237787948948,15.407182531637286
918,335393.3011372559,4263040.862,1668.1656071099098,12.522837255893371
919,335389.89817176573,4263040.8562742835,1670.4074354249249,9.121771765779698
920,335386.06756954116,4263040.851,1672.64926373994,5.293169541172602
921,335382.13499435375,4263040.845129505,1674.891092054955,1.3624943537417515
922,335381.3460114037,4263040.84,1677.13292036997,0.5760114036801591
923,335380.7681,4263040.834617664,1679.374748684985,0.0
